"cruise","cast","niskin","date","latitude","longitude","depth","method_contributor","replicate","filter_id_ooi","filter_size","chl","phaeo","project_id"
"AR24B",3,"3",2017-10-28 15:38:09,39.9398333333333,-70.884,236.099218773015,"method_Sosik","a","03/01",">0",0.008,0.03,"OOI"
"AR24B",3,"7",2017-10-28 15:47:19,39.9398333333333,-70.884,22.1627932837632,"method_Sosik","a","03/02",">0",0.778,0.316,"OOI"
"AR24B",3,"8",2017-10-28 15:47:28,39.9398333333333,-70.884,22.2788848725353,"method_Sosik","a","03/03",">0",0.774,0.331,"OOI"
"AR24B",3,"10",2017-10-28 15:49:26,39.9398333333333,-70.884,7.53770296332613,"method_Sosik","a","03/04",">0",0.719,0.293,"OOI"
"AR24B",3,"11",2017-10-28 15:49:34,39.9398333333333,-70.884,7.33527223216651,"method_Sosik","a","03/05",">0",0.647,0.307,"OOI"
"AR24B",4,"4",2017-10-28 19:54:27,39.9943333333333,-70.7798333333333,50.7587724368521,"method_Sosik","a","04/01",">0",2.247,1.185,"OOI"
"AR24B",4,"4",2017-10-28 19:54:27,39.9943333333333,-70.7798333333333,50.7587724368521,"method_Sosik","b","04/02",">0",2.28,1.151,"OOI"
"AR24B",4,"7",2017-10-28 19:56:58,39.9943333333333,-70.7798333333333,27.4938721773193,"method_Sosik","a","04/03",">0",0.413,0.208,"OOI"
"AR24B",4,"9",2017-10-28 19:59:08,39.9943333333333,-70.7798333333333,2.48678558727982,"method_Sosik","a","04/04",">0",0.313,0.155,"OOI"
"AR24B",5,"2",2017-10-28 22:37:23,40.0248333333333,-70.6205,102.594716115613,"method_Sosik","a","05/01",">0",0.053,0.098,"OOI"
"AR24B",5,"3",2017-10-28 22:40:35,40.0248333333333,-70.6205,55.6813221740071,"method_Sosik","a","05/02",">0",0.856,0.565,"OOI"
"AR24B",5,"4",2017-10-28 22:42:38,40.0248333333333,-70.6205,27.6565171302142,"method_Sosik","a","05/03",">0",0.289,0.159,"OOI"
"AR24B",5,"5",2017-10-28 22:44:33,40.0248333333333,-70.6205,2.83706871514713,"method_Sosik","a","05/04",">0",0.269,0.155,"OOI"
"AR24B",6,"2",2017-10-29 00:11:41,40.078,-70.7201666666667,92.5913304206944,"method_Sosik","a","06/01",">0",0.06,0.097,"OOI"
"AR24B",6,"3",2017-10-29 00:15:05,40.078,-70.7201666666667,50.7653310434643,"method_Sosik","a","06/02",">0",0.397,0.426,"OOI"
"AR24B",6,"4",2017-10-29 00:17:27,40.078,-70.7201666666667,25.7751693412187,"method_Sosik","a","06/03",">0",0.576,0.295,"OOI"
"AR24B",6,"5",2017-10-29 00:19:15,40.078,-70.7201666666667,2.94918683511609,"method_Sosik","a","06/04",">0",0.801,0.348,"OOI"
"AR24B",7,"1",2017-10-29 14:48:07,40.1356666666667,-70.7745,127.923424472131,"method_Sosik","a","07/01",">0",0.107,0.198,"OOI"
"AR24B",7,"2",2017-10-29 14:48:26,40.1356666666667,-70.7745,128.080113998417,"method_Sosik","a","07/02",">0",0.113,0.168,"OOI"
"AR24B",7,"3",2017-10-29 14:51:44,40.1356666666667,-70.7745,73.2195592850463,"method_Sosik","a","07/03",">0",0.596,0.323,"OOI"
"AR24B",7,"4",2017-10-29 14:51:54,40.1356666666667,-70.7745,73.0033094939548,"method_Sosik","a","07/04",">0",0.558,0.343,"OOI"
"AR24B",7,"5",2017-10-29 14:54:15,40.1356666666667,-70.7745,38.0898612847217,"method_Sosik","a","07/05",">0",0.568,0.29,"OOI"
"AR24B",7,"6",NA,40.1356666666667,-70.7745,38.4430632482018,"method_Sosik","a","07/06",">0",NA,NA,"OOI"
"AR24B",8,"4",2017-11-01 02:48:05,39.8496666666667,-70.7355,81.9310085887901,"method_Sosik","a","08/01",">0",0.052,0.065,"OOI"
"AR24B",8,"6",2017-11-01 02:51:20,39.8496666666667,-70.7355,36.7157030858111,"method_Sosik","a","08/02",">0",0.592,0.343,"OOI"
"AR24B",8,"6",2017-11-01 02:51:20,39.8496666666667,-70.7355,36.7157030858111,"method_Sosik","b","08/03",">0",0.587,0.374,"OOI"
"AR24B",8,"8",2017-11-01 02:53:55,39.8496666666667,-70.7355,2.32605917688848,"method_Sosik","a","08/04",">0",0.552,0.278,"OOI"
"AR24B",9,"3",2017-11-01 12:49:20,40.3638333333333,-70.8835,42.2936342965285,"method_Sosik","a","09/01",">0",0.546,0.322,"OOI"
"AR24B",9,"4",2017-11-01 12:49:34,40.3638333333333,-70.8835,42.4980068403082,"method_Sosik","a","09/02",">0",0.592,0.33,"OOI"
"AR24B",9,"5",2017-11-01 12:49:47,40.3638333333333,-70.8835,41.4186000301013,"method_Sosik","a","09/03",">0",1.272,0.477,"OOI"
"AR24B",9,"7",NA,NA,NA,NA,"method_Sosik","a","09/04",">0",1.303,0.473,"OOI"
"AR24B",9,"9",NA,NA,NA,NA,"method_Sosik","a","09/05",">0",1.387,0.533,"OOI"
"AR24B",9,"10",NA,NA,NA,NA,"method_Sosik","a","09/06",">0",1.5,0.607,"OOI"
"AR24C",2,"3",2017-11-06 15:32:47,40.1368333333333,-70.7746666666667,48.2848452749776,"method_Sosik","a","02/01",">0",0.759,0.407,"OOI"
"AR24C",2,"4",2017-11-06 15:32:55,40.1368333333333,-70.7746666666667,48.1727388837155,"method_Sosik","a","02/02",">0",0.704,0.389,"OOI"
"AR24C",2,"5",2017-11-06 15:35:02,40.1368333333333,-70.7746666666667,29.9055216949342,"method_Sosik","a","02/03",">0",0.981,0.454,"OOI"
"AR24C",2,"6",2017-11-06 15:35:09,40.1368333333333,-70.7746666666667,29.7031167171677,"method_Sosik","a","02/04",">0",1.045,0.507,"OOI"
"AR24C",2,"7",2017-11-06 15:37:04,40.1368333333333,-70.7746666666667,7.52962968430053,"method_Sosik","a","02/05",">0",0.861,0.376,"OOI"
"AR24C",2,"8",2017-11-06 15:37:13,40.1368333333333,-70.7746666666667,7.88288436497648,"method_Sosik","a","02/06",">0",0.846,0.358,"OOI"
"AR24C",3,"5",2017-11-06 20:48:07,40.0961666666667,-70.8835,34.5499949595261,"method_Sosik","a","03/01",">0",0.889,0.352,"OOI"
"AR24C",3,"6",2017-11-06 20:48:17,40.0961666666667,-70.8835,34.6363130289259,"method_Sosik","a","03/02",">0",0.921,0.404,"OOI"
"AR24C",3,"7",2017-11-06 20:50:22,40.0961666666667,-70.8835,6.34287171186052,"method_Sosik","a","03/03",">0",0.689,0.316,"OOI"
"AR24C",3,"8",2017-11-06 20:50:30,40.0961666666667,-70.8835,6.47881659025588,"method_Sosik","a","03/04",">0",0.791,0.341,"OOI"
"AR24C",4,"5",2017-11-07 16:39:38,40.2273333333333,-70.8835,32.1703930107645,"method_Sosik","a","04/01",">0",0.957,0.5,"OOI"
"AR24C",4,"6",2017-11-07 16:39:47,40.2273333333333,-70.8835,31.5145731270965,"method_Sosik","a","04/02",">0",0.755,0.354,"OOI"
"AR24C",4,"7",2017-11-07 16:42:02,40.2273333333333,-70.8835,7.58612771034045,"method_Sosik","a","04/03",">0",1.028,0.406,"OOI"
"AR24C",4,"8",2017-11-07 16:42:12,40.2273333333333,-70.8835,7.05029535385767,"method_Sosik","a","04/04",">0",0.936,0.348,"OOI"
"AR24C",9,"4",2017-11-09 14:44:32,40.3651666666667,-70.775,47.9534819967295,"method_Sosik","a","09/01",">0",0.275,0.17,"OOI"
"AR24C",9,"5",2017-11-09 14:47:27,40.3651666666667,-70.775,10.9964305595556,"method_Sosik","a","09/02",">0",1.215,0.485,"OOI"
"AR24C",9,"6",2017-11-09 14:47:35,40.3651666666667,-70.775,11.0559656618358,"method_Sosik","a","09/03",">0",1.318,0.54,"OOI"
"AR24C",9,"7",2017-11-09 14:48:55,40.3651666666667,-70.775,3.25969658627097,"method_Sosik","a","09/04",">0",1.422,0.496,"OOI"
"AR24C",9,"8",2017-11-09 14:49:13,40.3651666666667,-70.775,2.85583441016755,"method_Sosik","a","09/05",">0",1.378,0.602,"OOI"
"AR24C",10,"5",2017-11-10 02:08:05,39.9411666666667,-70.883,28.0724626576598,"method_Sosik","a","10/01",">0",0.43,0.324,"OOI"
"AR24C",10,"6",2017-11-10 02:08:14,39.9411666666667,-70.883,27.7390807305915,"method_Sosik","a","10/02",">0",0.434,0.322,"OOI"
"AR24C",10,"7",2017-11-10 02:10:21,39.9411666666667,-70.883,2.64755522230204,"method_Sosik","a","10/03",">0",0.447,0.322,"OOI"
"AR24C",10,"8",2017-11-10 02:10:29,39.9411666666667,-70.883,2.50565189478205,"method_Sosik","a","10/04",">0",0.436,0.339,"OOI"
"AR24C",11,"5",2017-11-11 17:31:29,39.9398333333333,-70.7761666666667,23.0538193462626,"method_Sosik","a","11/01",">0",0.645,0.29,"OOI"
"AR24C",11,"6",2017-11-11 17:31:46,39.9398333333333,-70.7761666666667,23.5806937337334,"method_Sosik","a","11/02",">0",0.645,0.265,"OOI"
"AR24C",11,"7",2017-11-11 17:33:38,39.9398333333333,-70.7761666666667,6.98994875785197,"method_Sosik","a","11/03",">0",0.655,0.287,"OOI"
"AR24C",11,"8",2017-11-11 17:33:50,39.9398333333333,-70.7761666666667,6.96613332434226,"method_Sosik","a","11/04",">0",0.631,0.279,"OOI"
"AR24C",12,"3",2017-11-12 04:24:08,40.3635,-70.8841666666667,42.3154617847718,"method_Sosik","a","12/01",">0",0.665,0.281,"OOI"
"AR24C",12,"4",2017-11-12 04:24:16,40.3635,-70.8841666666667,42.3362958867919,"method_Sosik","a","12/02",">0",0.737,0.284,"OOI"
"AR24C",12,"5",2017-11-12 04:26:03,40.3635,-70.8841666666667,22.3851836813234,"method_Sosik","a","12/03",">0",0.91,0.27,"OOI"
"AR24C",12,"6",2017-11-12 04:26:11,40.3635,-70.8841666666667,22.6689517598478,"method_Sosik","a","12/04",">0",0.779,0.302,"OOI"
"AR24C",12,"7",2017-11-12 04:27:37,40.3635,-70.8841666666667,7.5255052875928,"method_Sosik","a","12/05",">0",0.928,0.32,"OOI"
"AR24C",12,"8",2017-11-12 04:27:49,40.3635,-70.8841666666667,7.64358524499114,"method_Sosik","a","12/06",">0",0.831,0.274,"OOI"
"AR24A",2,"1",2017-10-22 21:17:08,40.9645,-70.8305,47.3556485144637,"method_Sosik","a",NA,">0",0.258,0.32,"LTER"
"AR24A",2,"1",2017-10-22 21:17:08,40.9645,-70.8305,47.3556485144637,"method_Sosik","b",NA,">0",0.268,0.298,"LTER"
"AR24A",5,"1",2017-10-23 02:35:46,40.4988333333333,-70.8368333333333,70.8096902887748,"method_Sosik","a",NA,">0",0.303,0.391,"LTER"
"AR24A",5,"1",2017-10-23 02:35:46,40.4988333333333,-70.8368333333333,70.8096902887748,"method_Sosik","b",NA,">0",0.324,0.421,"LTER"
"AR24A",5,"2",2017-10-23 02:39:04,40.4988333333333,-70.8368333333333,44.1155717199601,"method_Sosik","a",NA,">0",0.459,0.316,"LTER"
"AR24A",5,"2",2017-10-23 02:39:04,40.4988333333333,-70.8368333333333,44.1155717199601,"method_Sosik","b",NA,">0",0.45,0.369,"LTER"
"AR24A",5,"3",2017-10-23 02:53:39,40.4988333333333,-70.8368333333333,31.7409939487003,"method_Sosik","a",NA,">0",0.562,0.226,"LTER"
"AR24A",5,"3",2017-10-23 02:53:39,40.4988333333333,-70.8368333333333,31.7409939487003,"method_Sosik","b",NA,">0",0.522,0.294,"LTER"
"AR24A",5,"4",2017-10-23 02:55:28,40.4988333333333,-70.8368333333333,20.4977640057848,"method_Sosik","a",NA,">0",2.739,0.768,"LTER"
"AR24A",5,"4",2017-10-23 02:55:28,40.4988333333333,-70.8368333333333,20.4977640057848,"method_Sosik","b",NA,">0",2.874,0.81,"LTER"
"AR24A",5,"6",2017-10-23 02:57:14,40.4988333333333,-70.8368333333333,11.2364185346424,"method_Sosik","a",NA,">0",1.991,0.836,"LTER"
"AR24A",5,"6",2017-10-23 02:57:14,40.4988333333333,-70.8368333333333,11.2364185346424,"method_Sosik","b",NA,">0",2,0.825,"LTER"
"AR24A",5,"8",2017-10-23 02:58:50,40.4988333333333,-70.8368333333333,2.78435551479487,"method_Sosik","a",NA,">0",0.905,0.45,"LTER"
"AR24A",5,"8",2017-10-23 02:58:50,40.4988333333333,-70.8368333333333,2.78435551479487,"method_Sosik","b",NA,">0",0.914,0.401,"LTER"
"AR24A",5,"8",2017-10-23 02:58:50,40.4988333333333,-70.8368333333333,2.78435551479487,"method_Sosik","a",NA,"<10",0.889,0.413,"LTER"
"AR24A",5,"8",2017-10-23 02:58:50,40.4988333333333,-70.8368333333333,2.78435551479487,"method_Sosik","b",NA,"<10",0.715,0.415,"LTER"
"AR24A",6,"1",2017-10-24 02:06:18,40.6196666666667,-70.753,46.8809533636762,"method_Sosik","a",NA,">0",1.973,0.901,"LTER"
"AR24A",6,"1",2017-10-24 02:06:18,40.6196666666667,-70.753,46.8809533636762,"method_Sosik","b",NA,">0",2.003,0.765,"LTER"
"AR24A",6,"2",2017-10-24 02:10:41,40.6196666666667,-70.753,15.2498163108073,"method_Sosik","a",NA,">0",1.893,0.955,"LTER"
"AR24A",6,"2",2017-10-24 02:10:41,40.6196666666667,-70.753,15.2498163108073,"method_Sosik","b",NA,">0",1.935,1.018,"LTER"
"AR24A",6,"3",2017-10-24 02:12:28,40.6196666666667,-70.753,1.89028881583229,"method_Sosik","a",NA,">0",1.068,0.644,"LTER"
"AR24A",6,"3",2017-10-24 02:12:28,40.6196666666667,-70.753,1.89028881583229,"method_Sosik","b",NA,">0",1.158,0.617,"LTER"
"AR24A",6,"3",2017-10-24 02:12:28,40.6196666666667,-70.753,1.89028881583229,"method_Sosik","b",NA,"<10",0.862,0.574,"LTER"
"AR24A",8,"3",2017-10-24 04:27:00,40.4926666666667,-70.7495,34.249125651017,"method_Sosik","a",NA,">0",0.465,0.402,"LTER"
"AR24A",8,"3",2017-10-24 04:27:00,40.4926666666667,-70.7495,34.249125651017,"method_Sosik","b",NA,">0",0.708,0.444,"LTER"
"AR24A",8,"4",2017-10-24 04:30:22,40.4926666666667,-70.7495,20.4094702189436,"method_Sosik","a",NA,">0",2.588,1.184,"LTER"
"AR24A",8,"4",2017-10-24 04:30:22,40.4926666666667,-70.7495,20.4094702189436,"method_Sosik","b",NA,">0",2.384,0.909,"LTER"
"AR24A",10,"3",2017-10-24 06:20:33,40.3511666666667,-70.75,40.3104628417265,"method_Sosik","a",NA,">0",0.411,0.27,"LTER"
"AR24A",10,"3",2017-10-24 06:20:33,40.3511666666667,-70.75,40.3104628417265,"method_Sosik","b",NA,">0",0.434,0.308,"LTER"
"AR24A",10,"4",2017-10-24 06:23:18,40.3511666666667,-70.75,23.2881069023688,"method_Sosik","b",NA,">0",0.997,0.403,"LTER"
"AR24A",10,"5",2017-10-24 06:25:04,40.3511666666667,-70.75,2.29519196160736,"method_Sosik","b",NA,">0",0.396,0.187,"LTER"
"AR24A",10,"5",2017-10-24 06:25:04,40.3511666666667,-70.75,2.29519196160736,"method_Sosik","a",NA,"<10",0.271,0.131,"LTER"
"AR24A",10,"5",2017-10-24 06:25:04,40.3511666666667,-70.75,2.29519196160736,"method_Sosik","b",NA,"<10",0.303,0.144,"LTER"
"AR24A",11,"1",2017-10-24 20:14:22,39.9406666666667,-70.7745,442.152989150829,"method_Sosik","a",NA,">0",0.039,0.143,"LTER"
"AR24A",11,"1",2017-10-24 20:14:22,39.9406666666667,-70.7745,442.152989150829,"method_Sosik","b",NA,">0",0.036,0.096,"LTER"
"AR24A",11,"2",2017-10-24 20:23:23,39.9406666666667,-70.7745,54.6370918879252,"method_Sosik","a",NA,">0",0.382,0.466,"LTER"
"AR24A",11,"2",2017-10-24 20:23:23,39.9406666666667,-70.7745,54.6370918879252,"method_Sosik","b",NA,">0",0.405,0.522,"LTER"
"AR24A",11,"3",2017-10-24 20:25:59,39.9406666666667,-70.7745,7.10009456431851,"method_Sosik","a",NA,">0",0.347,0.142,"LTER"
"AR24A",11,"3",2017-10-24 20:25:59,39.9406666666667,-70.7745,7.10009456431851,"method_Sosik","b",NA,">0",0.332,0.127,"LTER"
"AR24A",11,"4",2017-10-24 20:27:03,39.9406666666667,-70.7745,2.98395516051674,"method_Sosik","a",NA,">0",0.334,0.114,"LTER"
"AR24A",11,"4",2017-10-24 20:27:03,39.9406666666667,-70.7745,2.98395516051674,"method_Sosik","b",NA,">0",0.343,0.137,"LTER"
"AR24A",11,"4",2017-10-24 20:27:03,39.9406666666667,-70.7745,2.98395516051674,"method_Sosik","a",NA,"<10",0.241,0.104,"LTER"
"AR24A",11,"4",2017-10-24 20:27:03,39.9406666666667,-70.7745,2.98395516051674,"method_Sosik","b",NA,"<10",0.258,0.108,"LTER"
"AR24A",14,"2",2017-10-24 23:17:29,40.1386666666667,-70.7791666666667,63.3362965242653,"method_Sosik","a",NA,">0",0.141,0.201,"LTER"
"AR24A",14,"2",2017-10-24 23:17:29,40.1386666666667,-70.7791666666667,63.3362965242653,"method_Sosik","b",NA,">0",0.162,0.225,"LTER"
"AR24A",14,"3",2017-10-24 23:19:16,40.1386666666667,-70.7791666666667,40.5434007124116,"method_Sosik","a",NA,">0",0.402,0.29,"LTER"
"AR24A",14,"3",2017-10-24 23:19:16,40.1386666666667,-70.7791666666667,40.5434007124116,"method_Sosik","b",NA,">0",0.39,0.253,"LTER"
"AR24A",14,"4",2017-10-24 23:21:20,40.1386666666667,-70.7791666666667,7.07019805026199,"method_Sosik","a",NA,">0",0.466,0.195,"LTER"
"AR24A",14,"4",2017-10-24 23:21:20,40.1386666666667,-70.7791666666667,7.07019805026199,"method_Sosik","b",NA,">0",0.443,0.205,"LTER"
"AR24A",14,"4",2017-10-24 23:21:20,40.1386666666667,-70.7791666666667,7.07019805026199,"method_Sosik","a",NA,"<10",0.287,0.13,"LTER"
"AR24A",14,"4",2017-10-24 23:21:20,40.1386666666667,-70.7791666666667,7.07019805026199,"method_Sosik","b",NA,"<10",0.323,0.134,"LTER"
"AR24A",17,"1",2017-10-25 02:51:24,40.3645,-70.7725,84.7402055335735,"method_Sosik","a",NA,">0",0.229,0.418,"LTER"
"AR24A",17,"1",2017-10-25 02:51:24,40.3645,-70.7725,84.7402055335735,"method_Sosik","b",NA,">0",0.213,0.388,"LTER"
"AR24A",17,"2",2017-10-25 02:55:05,40.3645,-70.7725,51.9038804140868,"method_Sosik","a",NA,">0",0.34,0.297,"LTER"
"AR24A",17,"2",2017-10-25 02:55:05,40.3645,-70.7725,51.9038804140868,"method_Sosik","b",NA,">0",0.375,0.333,"LTER"
"AR24A",17,"3",2017-10-25 02:56:57,40.3645,-70.7725,27.7062632318411,"method_Sosik","a",NA,">0",0.709,0.328,"LTER"
"AR24A",17,"3",2017-10-25 02:56:57,40.3645,-70.7725,27.7062632318411,"method_Sosik","b",NA,">0",0.715,0.3,"LTER"
"AR24A",17,"5",2017-10-25 02:58:56,40.3645,-70.7725,6.7197807939924,"method_Sosik","a",NA,">0",0.44,0.187,"LTER"
"AR24A",17,"5",2017-10-25 02:58:56,40.3645,-70.7725,6.7197807939924,"method_Sosik","b",NA,">0",0.445,0.209,"LTER"
"AR24A",17,"6",2017-10-25 02:59:49,40.3645,-70.7725,2.16817548815777,"method_Sosik","a",NA,">0",0.395,0.176,"LTER"
"AR24A",17,"6",2017-10-25 02:59:49,40.3645,-70.7725,2.16817548815777,"method_Sosik","b",NA,">0",0.38,0.168,"LTER"
"AR24A",17,"6",2017-10-25 02:59:49,40.3645,-70.7725,2.16817548815777,"method_Sosik","a",NA,"<10",0.291,0.125,"LTER"
"AR24A",17,"6",2017-10-25 02:59:49,40.3645,-70.7725,2.16817548815777,"method_Sosik","b",NA,"<10",0.29,0.15,"LTER"
"AR24B",1,"1",2017-10-27 23:55:20,41.1303333333333,-70.8295,31.5685259607103,"method_Sosik","a",NA,">0",3.351,1.669,"LTER"
"AR24B",1,"1",2017-10-27 23:55:20,41.1303333333333,-70.8295,31.5685259607103,"method_Sosik","b",NA,">0",3.3,1.883,"LTER"
"AR24B",1,"2",2017-10-27 23:57:05,41.1303333333333,-70.8295,20.0074584686588,"method_Sosik","a",NA,">0",4.665,1.392,"LTER"
"AR24B",1,"2",2017-10-27 23:57:05,41.1303333333333,-70.8295,20.0074584686588,"method_Sosik","b",NA,">0",5.093,1.593,"LTER"
"AR24B",1,"5",2017-10-27 23:59:42,41.1303333333333,-70.8295,2.18687624466301,"method_Sosik","a",NA,"<10",0.443,0.228,"LTER"
"AR24B",1,"5",2017-10-27 23:59:42,41.1303333333333,-70.8295,2.18687624466301,"method_Sosik","b",NA,"<10",0.559,0.302,"LTER"
"AR24B",2,"1",2017-10-28 02:15:59,40.8001666666667,-70.829,52.3224322432362,"method_Sosik","a",NA,">0",0.333,0.275,"LTER"
"AR24B",2,"1",2017-10-28 02:15:59,40.8001666666667,-70.829,52.3224322432362,"method_Sosik","b",NA,">0",0.32,0.315,"LTER"
"AR24B",2,"3",2017-10-28 02:17:40,40.8001666666667,-70.829,30.1725787420735,"method_Sosik","a",NA,">0",1.105,0.703,"LTER"
"AR24B",2,"3",2017-10-28 02:17:40,40.8001666666667,-70.829,30.1725787420735,"method_Sosik","b",NA,">0",1.063,0.667,"LTER"
"AR24B",2,"5",2017-10-28 02:19:19,40.8001666666667,-70.829,17.8153572303057,"method_Sosik","a",NA,">0",1.206,0.726,"LTER"
"AR24B",2,"5",2017-10-28 02:19:19,40.8001666666667,-70.829,17.8153572303057,"method_Sosik","b",NA,">0",1.2,0.613,"LTER"
"AR24B",2,"7",2017-10-28 02:20:47,40.8001666666667,-70.829,2.59078969113569,"method_Sosik","a",NA,">0",1.37,0.745,"LTER"
"AR24B",2,"7",2017-10-28 02:20:47,40.8001666666667,-70.829,2.59078969113569,"method_Sosik","b",NA,">0",1.423,0.856,"LTER"
"AR24B",2,"7",2017-10-28 02:20:47,40.8001666666667,-70.829,2.59078969113569,"method_Sosik","a",NA,"<10",0.58,0.298,"LTER"
"AR24B",2,"7",2017-10-28 02:20:47,40.8001666666667,-70.829,2.59078969113569,"method_Sosik","c",NA,">0",1.344,0.605,"LTER"
"AR24B",3,"5",2017-10-28 15:44:16,39.9398333333333,-70.884,56.1678676952972,"method_Sosik","a",NA,">0",0.407,0.41,"LTER"
"AR24B",3,"5",2017-10-28 15:44:16,39.9398333333333,-70.884,56.1678676952972,"method_Sosik","b",NA,">0",0.377,0.386,"LTER"
"AR24B",3,"12",2017-10-28 15:50:28,39.9398333333333,-70.884,2.05910256906641,"method_Sosik","a",NA,">0",2.247,1.185,"LTER"
"AR24B",3,"12",2017-10-28 15:50:28,39.9398333333333,-70.884,2.05910256906641,"method_Sosik","a",NA,"<10",0.614,0.23,"LTER"
"AR24B",3,"12",2017-10-28 15:50:28,39.9398333333333,-70.884,2.05910256906641,"method_Sosik","b",NA,"<10",0.594,0.25,"LTER"
"AR24B",4,"4-6",2017-10-28 19:54:27,39.9943333333333,-70.7798333333333,50.7587724368521,"method_Sosik","a",NA,">0",1.586,0.814,"LTER"
"AR24B",4,"4-6",2017-10-28 19:54:27,39.9943333333333,-70.7798333333333,50.7587724368521,"method_Sosik","b",NA,">0",1.6,0.868,"LTER"
"AR24B",4,"9-10",2017-10-28 19:59:08,39.9943333333333,-70.7798333333333,2.48678558727982,"method_Sosik","a",NA,">0",0.312,0.159,"LTER"
"AR24B",4,"9-10",2017-10-28 19:59:08,39.9943333333333,-70.7798333333333,2.48678558727982,"method_Sosik","b",NA,">0",0.298,0.146,"LTER"
"AR24B",4,"10",2017-10-28 19:59:16,39.9943333333333,-70.7798333333333,2.36076006972493,"method_Sosik","a",NA,"<10",0.287,0.147,"LTER"
"AR24B",4,"10",2017-10-28 19:59:16,39.9943333333333,-70.7798333333333,2.36076006972493,"method_Sosik","b",NA,"<10",0.259,0.152,"LTER"
"AR24B",7,"10",2017-10-29 14:58:27,40.1356666666667,-70.7745,3.56440364469428,"method_Sosik","a",NA,">0",0.611,0.329,"LTER"
"AR24B",7,"10",2017-10-29 14:58:27,40.1356666666667,-70.7745,3.56440364469428,"method_Sosik","b",NA,">0",0.589,0.302,"LTER"
"AR24B",7,"10",2017-10-29 14:58:27,40.1356666666667,-70.7745,3.56440364469428,"method_Sosik","a",NA,"<10",0.512,0.272,"LTER"
"AR24B",7,"10",2017-10-29 14:58:27,40.1356666666667,-70.7745,3.56440364469428,"method_Sosik","b",NA,"<10",0.49,0.285,"LTER"
"AR24B",8,"9",2017-11-01 02:54:03,39.8496666666667,-70.7355,2.26850342427498,"method_Sosik","a",NA,">0",0.621,0.286,"LTER"
"AR24B",8,"9",2017-11-01 02:54:03,39.8496666666667,-70.7355,2.26850342427498,"method_Sosik","b",NA,">0",0.517,0.32,"LTER"
"AR24B",8,"9",2017-11-01 02:54:03,39.8496666666667,-70.7355,2.26850342427498,"method_Sosik","a",NA,"<10",0.483,0.283,"LTER"
"AR24B",8,"9",2017-11-01 02:54:03,39.8496666666667,-70.7355,2.26850342427498,"method_Sosik","b",NA,"<10",0.476,0.246,"LTER"
"AR24B",10,"4",2017-11-02 23:22:14,39.9231666666667,-70.9081666666667,251.457691383036,"method_Sosik","a",NA,">0",0.45,0.214,"LTER"
"AR24B",10,"7",2017-11-02 23:30:05,39.9231666666667,-70.9081666666667,21.815543385174,"method_Sosik","a",NA,">0",0.92,0.548,"LTER"
"AR24B",10,"7",2017-11-02 23:30:05,39.9231666666667,-70.9081666666667,21.815543385174,"method_Sosik","b",NA,">0",0.87,0.541,"LTER"
"AR24B",10,"9",2017-11-02 23:31:57,39.9231666666667,-70.9081666666667,6.90164362596751,"method_Sosik","a",NA,">0",0.74,0.528,"LTER"
"AR24B",10,"9",2017-11-02 23:31:57,39.9231666666667,-70.9081666666667,6.90164362596751,"method_Sosik","b",NA,">0",0.769,0.49,"LTER"
"AR24B",10,"10",2017-11-02 23:33:19,39.9231666666667,-70.9081666666667,2.14246181719532,"method_Sosik","a",NA,">0",0.833,0.543,"LTER"
"AR24B",10,"10",2017-11-02 23:33:19,39.9231666666667,-70.9081666666667,2.14246181719532,"method_Sosik","b",NA,">0",0.859,0.502,"LTER"
"AR24B",10,"10",2017-11-02 23:33:19,39.9231666666667,-70.9081666666667,2.14246181719532,"method_Sosik","a",NA,"<10",0.751,0.44,"LTER"
"AR24B",10,"10",2017-11-02 23:33:19,39.9231666666667,-70.9081666666667,2.14246181719532,"method_Sosik","b",NA,"<10",0.694,0.422,"LTER"
"AR24B",11,"2",2017-11-03 11:30:04,40.3658333333333,-70.7736666666667,86.5682485095005,"method_Sosik","a",NA,">0",0.102,0.26,"LTER"
"AR24B",11,"2",2017-11-03 11:30:04,40.3658333333333,-70.7736666666667,86.5682485095005,"method_Sosik","b",NA,">0",0.127,0.265,"LTER"
"AR24B",11,"5",2017-11-03 11:34:06,40.3658333333333,-70.7736666666667,42.6289561327754,"method_Sosik","a",NA,">0",0.779,0.549,"LTER"
"AR24B",11,"5",2017-11-03 11:34:06,40.3658333333333,-70.7736666666667,42.6289561327754,"method_Sosik","b",NA,">0",0.777,0.499,"LTER"
"AR24B",11,"7",2017-11-03 11:36:25,40.3658333333333,-70.7736666666667,22.36632718923,"method_Sosik","a",NA,">0",1.143,0.614,"LTER"
"AR24B",11,"7",2017-11-03 11:36:25,40.3658333333333,-70.7736666666667,22.36632718923,"method_Sosik","b",NA,">0",1.243,0.632,"LTER"
"AR24B",11,"11",2017-11-03 11:39:30,40.3658333333333,-70.7736666666667,2.12352196235973,"method_Sosik","a",NA,">0",2.121,1.088,"LTER"
"AR24B",11,"11",2017-11-03 11:39:30,40.3658333333333,-70.7736666666667,2.12352196235973,"method_Sosik","b",NA,">0",2.123,0.961,"LTER"
"AR24B",11,"11",2017-11-03 11:39:30,40.3658333333333,-70.7736666666667,2.12352196235973,"method_Sosik","a",NA,"<10",1.641,0.749,"LTER"
"AR24B",11,"11",2017-11-03 11:39:30,40.3658333333333,-70.7736666666667,2.12352196235973,"method_Sosik","b",NA,"<10",1.641,0.871,"LTER"
"AR24B",13,"4",2017-11-03 14:24:16,40.2191666666667,-70.7751666666667,67.1917444602112,"method_Sosik","a",NA,">0",0.105,0.153,"LTER"
"AR24B",13,"4",2017-11-03 14:24:16,40.2191666666667,-70.7751666666667,67.1917444602112,"method_Sosik","b",NA,">0",0.11,0.165,"LTER"
"AR24B",13,"7",2017-11-03 14:28:00,40.2191666666667,-70.7751666666667,12.6159468366331,"method_Sosik","a",NA,">0",2.235,1.024,"LTER"
"AR24B",13,"7",2017-11-03 14:28:00,40.2191666666667,-70.7751666666667,12.6159468366331,"method_Sosik","b",NA,">0",1.916,0.941,"LTER"
"AR24B",13,"10",2017-11-03 14:29:53,40.2191666666667,-70.7751666666667,2.62466528000434,"method_Sosik","a",NA,">0",1.745,0.771,"LTER"
"AR24B",13,"10",2017-11-03 14:29:53,40.2191666666667,-70.7751666666667,2.62466528000434,"method_Sosik","b",NA,">0",1.776,0.808,"LTER"
"AR24B",13,"10",2017-11-03 14:29:53,40.2191666666667,-70.7751666666667,2.62466528000434,"method_Sosik","a",NA,"<10",1.513,0.637,"LTER"
"AR24B",13,"10",2017-11-03 14:29:53,40.2191666666667,-70.7751666666667,2.62466528000434,"method_Sosik","b",NA,"<10",1.403,0.655,"LTER"
"AR24B",15,"4",2017-11-03 17:44:44,40.0718333333333,-70.775,77.1015525183664,"method_Sosik","a",NA,">0",0.061,0.121,"LTER"
"AR24B",15,"4",2017-11-03 17:44:44,40.0718333333333,-70.775,77.1015525183664,"method_Sosik","b",NA,">0",0.056,0.119,"LTER"
"AR24B",15,"7",2017-11-03 17:49:05,40.0718333333333,-70.775,20.19096849324,"method_Sosik","a",NA,">0",1.021,0.621,"LTER"
"AR24B",15,"7",2017-11-03 17:49:05,40.0718333333333,-70.775,20.19096849324,"method_Sosik","b",NA,">0",1.001,0.593,"LTER"
"AR24B",15,"10",2017-11-03 17:51:01,40.0718333333333,-70.775,2.35776648032234,"method_Sosik","a",NA,">0",1.098,0.549,"LTER"
"AR24B",15,"10",2017-11-03 17:51:01,40.0718333333333,-70.775,2.35776648032234,"method_Sosik","b",NA,">0",1.052,0.568,"LTER"
"AR24B",15,"10",2017-11-03 17:51:01,40.0718333333333,-70.775,2.35776648032234,"method_Sosik","a",NA,"<10",0.686,0.375,"LTER"
"AR24B",15,"10",2017-11-03 17:51:01,40.0718333333333,-70.775,2.35776648032234,"method_Sosik","b",NA,"<10",0.82,0.429,"LTER"
"AR24B",17,"5",2017-11-03 20:21:47,39.9408333333333,-70.7743333333333,87.2570131497122,"method_Sosik","b",NA,">0",0.082,0.152,"LTER"
"AR24B",17,"8",2017-11-03 20:25:47,39.9408333333333,-70.7743333333333,22.2312555426507,"method_Sosik","a",NA,">0",0.952,0.681,"LTER"
"AR24B",17,"8",2017-11-03 20:25:47,39.9408333333333,-70.7743333333333,22.2312555426507,"method_Sosik","b",NA,">0",0.981,0.594,"LTER"
"AR24B",17,"10",2017-11-03 20:27:53,39.9408333333333,-70.7743333333333,2.34092490255166,"method_Sosik","a",NA,">0",0.862,0.512,"LTER"
"AR24B",17,"10",2017-11-03 20:27:53,39.9408333333333,-70.7743333333333,2.34092490255166,"method_Sosik","b",NA,">0",0.881,0.482,"LTER"
"AR24B",17,"10",2017-11-03 20:27:53,39.9408333333333,-70.7743333333333,2.34092490255166,"method_Sosik","a",NA,"<10",0.546,0.409,"LTER"
"AR24B",17,"10",2017-11-03 20:27:53,39.9408333333333,-70.7743333333333,2.34092490255166,"method_Sosik","b",NA,"<10",0.584,0.373,"LTER"
