"cruise","cast","niskin","date","latitude","longitude","depth"
"EN608",1,1,2018-01-31 19:34:26,41.19634,-70.87844,17.329
"EN608",1,2,2018-01-31 19:34:45,41.19634,-70.87844,17.48
"EN608",1,3,2018-01-31 19:34:54,41.19634,-70.87844,17.894
"EN608",1,4,2018-01-31 19:37:01,41.19636,-70.87832,12.474
"EN608",1,5,2018-01-31 19:37:05,41.19636,-70.87831,11.591
"EN608",1,6,2018-01-31 19:37:20,41.19636,-70.8783,11.852
"EN608",1,7,2018-01-31 19:38:07,41.19636,-70.87824,12.366
"EN608",1,8,2018-01-31 19:40:35,41.19636,-70.87806,7.375
"EN608",1,9,2018-01-31 19:40:43,41.19636,-70.87806,7.022
"EN608",1,10,2018-01-31 19:40:51,41.19636,-70.87804,7.394
"EN608",1,11,2018-01-31 19:44:50,41.1964,-70.87774,2.993
"EN608",1,12,2018-01-31 19:44:56,41.1964,-70.87772,2.848
"EN608",1,13,2018-01-31 19:45:03,41.19642,-70.87772,2.551
"EN608",1,14,2018-01-31 19:45:09,41.19642,-70.87772,2.983
"EN608",1,15,2018-01-31 19:45:17,41.19642,-70.87772,2.701
"EN608",1,16,2018-01-31 19:45:23,41.19644,-70.8777,2.637
"EN608",1,17,2018-01-31 19:45:30,41.19644,-70.8777,2.922
"EN608",1,18,2018-01-31 19:45:36,41.19644,-70.8777,2.772
"EN608",1,19,2018-01-31 19:45:42,41.19644,-70.87768,2.726
"EN608",1,20,2018-01-31 19:45:50,41.19644,-70.87768,2.743
"EN608",1,21,2018-01-31 19:46:00,41.19646,-70.87768,2.63
"EN608",1,22,2018-01-31 19:46:07,41.19646,-70.87768,2.613
"EN608",1,23,2018-01-31 19:46:14,41.19646,-70.87767,2.698
"EN608",1,24,2018-01-31 19:46:21,41.19646,-70.87766,2.767
"EN608",2,1,2018-02-01 00:35:19,41.0286,-70.65053,9.71285706942828
"EN608",2,2,2018-02-01 00:35:34,41.0286,-70.65042,9.61959043390391
"EN608",2,3,2018-02-01 00:37:55,41.02868,-70.64938,4.0661801737053
"EN608",2,4,2018-02-01 00:38:04,41.0287,-70.6493,3.91833853333025
"EN608",3,1,2018-02-01 03:38:00,41.02574,-71.09488,9.8587114784674
"EN608",3,2,2018-02-01 03:38:10,41.0257,-71.09478,9.59577898453986
"EN608",3,3,2018-02-01 03:39:58,41.02532,-71.09385,6.74914102605972
"EN608",3,4,2018-02-01 03:40:05,41.0253,-71.09378,6.30661375611439
"EN608",4,1,2018-02-01 05:44:26,41.02064,-70.87162,43.662
"EN608",4,2,2018-02-01 05:44:40,41.02056,-70.87158,43.821
"EN608",4,3,2018-02-01 05:47:02,41.0201,-70.87136,29.71
"EN608",4,4,2018-02-01 05:47:15,41.02006,-70.87133,29.595
"EN608",4,5,2018-02-01 05:47:25,41.02002,-70.8713,29.524
"EN608",4,6,2018-02-01 05:47:34,41.01998,-70.87126,29.461
"EN608",4,7,2018-02-01 05:49:28,41.01946,-70.87094,15.368
"EN608",4,8,2018-02-01 05:49:37,41.01943,-70.87094,15.567
"EN608",4,9,2018-02-01 05:49:44,41.01938,-70.87092,15.078
"EN608",4,10,2018-02-01 05:49:51,41.01935,-70.87092,15.215
"EN608",4,11,2018-02-01 05:52:14,41.0187,-70.87068,3.979
"EN608",4,12,2018-02-01 05:52:23,41.01866,-70.87066,3.546
"EN608",4,13,2018-02-01 05:52:30,41.01861,-70.87064,3.462
"EN608",4,14,2018-02-01 05:52:40,41.01856,-70.87062,3.737
"EN608",5,1,2018-02-01 09:24:00,40.85798,-70.88402,44.244
"EN608",5,2,2018-02-01 09:24:09,40.85795,-70.88402,44.874
"EN608",5,3,2018-02-01 09:24:16,40.85793,-70.88402,44.915
"EN608",5,4,2018-02-01 09:24:23,40.8579,-70.88402,44.757
"EN608",5,5,2018-02-01 09:26:50,40.85748,-70.8841,30.037
"EN608",5,6,2018-02-01 09:26:57,40.85744,-70.88412,30.14
"EN608",5,7,2018-02-01 09:27:04,40.85742,-70.88414,30.221
"EN608",5,8,2018-02-01 09:27:15,40.85736,-70.88414,29.857
"EN608",5,9,2018-02-01 09:29:30,40.8568,-70.88424,15.079
"EN608",5,10,2018-02-01 09:29:33,40.85678,-70.88425,14.979
"EN608",5,11,2018-02-01 09:29:39,40.85676,-70.88426,15.136
"EN608",5,12,2018-02-01 09:29:52,40.85672,-70.8843,15.06
"EN608",5,13,2018-02-01 09:32:45,40.85608,-70.88436,3.237
"EN608",5,14,2018-02-01 09:32:54,40.85604,-70.88436,3.288
"EN608",5,15,2018-02-01 09:33:01,40.85601,-70.88438,2.993
"EN608",5,16,2018-02-01 09:33:08,40.85598,-70.8844,3.175
"EN608",5,17,2018-02-01 09:33:15,40.85596,-70.88442,3.178
"EN608",5,18,2018-02-01 09:33:23,40.85593,-70.88442,2.955
"EN608",5,19,2018-02-01 09:33:30,40.85591,-70.88444,3.474
"EN608",5,20,2018-02-01 09:33:37,40.85589,-70.88446,2.911
"EN608",6,1,2018-02-01 13:54:08,40.69095,-70.65586,10.553
"EN608",6,2,2018-02-01 13:54:16,40.69088,-70.65584,10.492
"EN608",6,3,2018-02-01 13:56:43,40.68994,-70.65543,4.913
"EN608",6,4,2018-02-01 13:56:50,40.68989,-70.65543,5.235
"EN608",7,1,2018-02-01 17:37:38,40.69006,-71.09536,10.069
"EN608",7,2,2018-02-01 17:37:46,40.69002,-71.0953,10.192
"EN608",7,3,2018-02-01 17:39:49,40.6894,-71.09458,4.73
"EN608",7,4,2018-02-01 17:39:58,40.68934,-71.09452,4.397
"EN608",8,1,2018-02-01 19:20:33,40.69588,-70.88512,61.897
"EN608",8,2,2018-02-01 19:20:46,40.6958,-70.88511,61.731
"EN608",8,3,2018-02-01 19:22:58,40.69526,-70.88492,44.874
"EN608",8,4,2018-02-01 19:23:05,40.69524,-70.88488,44.417
"EN608",8,5,2018-02-01 19:23:12,40.69522,-70.88488,44
"EN608",8,6,2018-02-01 19:23:21,40.69518,-70.88484,44.761
"EN608",8,7,2018-02-01 19:25:30,40.69459,-70.8846,29.177
"EN608",8,8,2018-02-01 19:25:45,40.69452,-70.88458,29.332
"EN608",8,9,2018-02-01 19:25:56,40.69446,-70.88457,29.65
"EN608",8,10,2018-02-01 19:26:05,40.69441,-70.88456,29.632
"EN608",8,11,2018-02-01 19:28:14,40.69378,-70.88452,14.965
"EN608",8,12,2018-02-01 19:28:22,40.69375,-70.8845,14.602
"EN608",8,13,2018-02-01 19:28:30,40.69372,-70.88448,14.271
"EN608",8,14,2018-02-01 19:28:37,40.69368,-70.88446,14.34
"EN608",8,15,2018-02-01 19:30:48,40.69306,-70.88426,5.48
"EN608",8,16,2018-02-01 19:30:57,40.69302,-70.88424,5.443
"EN608",8,17,2018-02-01 19:31:03,40.69298,-70.88423,5.283
"EN608",8,18,2018-02-01 19:31:11,40.69294,-70.88424,5.303
"EN608",8,19,2018-02-01 19:31:18,40.6929,-70.88422,5.175
"EN608",8,20,2018-02-01 19:31:25,40.69287,-70.88422,5.372
"EN608",8,21,2018-02-01 19:31:32,40.69282,-70.88421,5.055
"EN608",8,22,2018-02-01 19:31:43,40.69276,-70.8842,5.288
"EN608",8,23,2018-02-01 19:31:53,40.6927,-70.8842,5.592
"EN608",8,24,2018-02-01 19:31:59,40.69266,-70.88421,4.947
"EN608",9,1,2018-02-01 23:38:22,40.52355,-70.89454,71.1735701446982
"EN608",9,2,2018-02-01 23:38:30,40.52352,-70.89457,71.3382330795057
"EN608",9,3,2018-02-01 23:41:18,40.52313,-70.89522,45.9131046061961
"EN608",9,4,2018-02-01 23:41:26,40.52312,-70.89524,45.5420707742384
"EN608",9,5,2018-02-01 23:41:33,40.52309,-70.89526,44.5519825513334
"EN608",9,6,2018-02-01 23:41:40,40.52307,-70.89528,44.3982109047189
"EN608",9,7,2018-02-01 23:43:59,40.52268,-70.89572,29.8846236847741
"EN608",9,8,2018-02-01 23:44:05,40.52268,-70.89574,29.2228613233644
"EN608",9,9,2018-02-01 23:44:13,40.52266,-70.89578,29.4302203744754
"EN608",9,10,2018-02-01 23:44:22,40.52264,-70.8958,29.3369584349031
"EN608",9,11,2018-02-01 23:46:38,40.52236,-70.89628,14.1426318842871
"EN608",9,12,2018-02-01 23:46:46,40.52234,-70.8963,14.8223029617513
"EN608",9,13,2018-02-01 23:46:52,40.52232,-70.89633,14.5008237846468
"EN608",9,14,2018-02-01 23:46:59,40.5223,-70.89632,14.4809793744441
"EN608",9,15,2018-02-01 23:48:59,40.52209,-70.89656,5.10031113936489
"EN608",9,16,2018-02-01 23:49:07,40.52208,-70.8966,4.99810770963991
"EN608",9,17,2018-02-01 23:49:13,40.52205,-70.89662,4.87804342113609
"EN608",9,18,2018-02-01 23:49:19,40.52204,-70.89662,4.78576255645132
"EN608",10,1,2018-02-02 04:07:39,40.35988,-70.66178,24.13
"EN608",10,2,2018-02-02 04:07:46,40.35986,-70.66176,24.153
"EN608",10,3,2018-02-02 04:10:35,40.35944,-70.66133,5.878
"EN608",10,4,2018-02-02 04:10:43,40.35942,-70.66132,5.495
"EN608",11,1,2018-02-02 07:04:25,40.36082,-71.10338,74.156
"EN608",11,2,2018-02-02 07:04:33,40.3608,-71.10338,73.68
"EN608",11,3,2018-02-02 07:04:40,40.36078,-71.10338,74.701
"EN608",11,4,2018-02-02 07:09:01,40.36017,-71.1034,3.643
"EN608",11,5,2018-02-02 07:09:14,40.36014,-71.1034,4.055
"EN608",12,1,2018-02-02 09:18:54,40.35838,-70.88038,88.077
"EN608",12,2,2018-02-02 09:19:39,40.35821,-70.88032,89.603
"EN608",12,3,2018-02-02 09:20:12,40.35808,-70.88028,88.555
"EN608",12,4,2018-02-02 09:22:28,40.3577,-70.8803,75.04
"EN608",12,5,2018-02-02 09:22:37,40.35764,-70.88031,75.355
"EN608",12,6,2018-02-02 09:22:45,40.35764,-70.8803,75.23
"EN608",12,7,2018-02-02 09:25:15,40.35722,-70.88016,55.571
"EN608",12,8,2018-02-02 09:25:23,40.35719,-70.88016,54.591
"EN608",12,9,2018-02-02 09:25:32,40.35716,-70.88014,54.971
"EN608",12,10,2018-02-02 09:25:40,40.35715,-70.88013,54.698
"EN608",12,11,2018-02-02 09:27:54,40.35679,-70.88002,35.583
"EN608",12,12,2018-02-02 09:28:04,40.35675,-70.88002,35.265
"EN608",12,13,2018-02-02 09:28:12,40.35674,-70.88004,35.126
"EN608",12,14,2018-02-02 09:30:24,40.3565,-70.88006,14.597
"EN608",12,15,2018-02-02 09:30:32,40.35648,-70.88006,14.732
"EN608",12,16,2018-02-02 09:30:39,40.35646,-70.88006,14.576
"EN608",12,17,2018-02-02 09:30:46,40.35644,-70.88006,14.952
"EN608",12,18,2018-02-02 09:32:47,40.35614,-70.88002,4.76
"EN608",12,19,2018-02-02 09:32:54,40.35612,-70.87999,4.806
"EN608",12,20,2018-02-02 09:32:59,40.35612,-70.87998,4.71
"EN608",12,21,2018-02-02 09:33:07,40.3561,-70.87996,4.758
"EN608",12,22,2018-02-02 09:33:15,40.35608,-70.87994,4.717
"EN608",14,1,2018-02-02 15:24:27,40.21386,-70.89621,120.295
"EN608",14,2,2018-02-02 15:24:34,40.21383,-70.89626,119.81
"EN608",14,3,2018-02-02 15:24:42,40.2138,-70.8963,118.593
"EN608",14,4,2018-02-02 15:24:49,40.21376,-70.89636,117.206
"EN608",14,5,2018-02-02 15:26:58,40.21336,-70.89682,103.931
"EN608",14,6,2018-02-02 15:27:05,40.21332,-70.89682,101.182
"EN608",14,7,2018-02-02 15:27:11,40.2133,-70.89686,99.48
"EN608",14,8,2018-02-02 15:27:19,40.2133,-70.89688,99.321
"EN608",14,9,2018-02-02 15:29:27,40.21308,-70.89774,78.719
"EN608",14,10,2018-02-02 15:29:34,40.21308,-70.89778,78.076
"EN608",14,11,2018-02-02 15:29:41,40.21307,-70.89782,77.174
"EN608",14,12,2018-02-02 15:29:48,40.21306,-70.89788,76.665
"EN608",14,13,2018-02-02 15:31:47,40.21317,-70.89875,67.054
"EN608",14,14,2018-02-02 15:31:54,40.21318,-70.89878,66.668
"EN608",14,15,2018-02-02 15:32:01,40.21318,-70.8988,67.374
"EN608",14,16,2018-02-02 15:32:08,40.21318,-70.89883,65.906
"EN608",14,17,2018-02-02 15:34:31,40.21264,-70.89941,39.928
"EN608",14,18,2018-02-02 15:34:39,40.21262,-70.89945,40.491
"EN608",14,19,2018-02-02 15:34:46,40.2126,-70.8995,39.931
"EN608",14,20,2018-02-02 15:34:53,40.21257,-70.89952,40.2
"EN608",14,21,2018-02-02 15:39:35,40.2123,-70.90122,6.902
"EN608",14,22,2018-02-02 15:39:42,40.2123,-70.90126,6.882
"EN608",14,23,2018-02-02 15:39:47,40.2123,-70.9013,6.657
"EN608",14,24,2018-02-02 15:39:54,40.21228,-70.90133,6.834
"EN608",15,1,2018-02-02 19:08:22,40.1237,-70.80062,128.747
"EN608",15,2,2018-02-02 19:08:31,40.12367,-70.8007,128.123
"EN608",15,3,2018-02-02 19:11:22,40.1229,-70.80176,90.731
"EN608",15,4,2018-02-02 19:11:30,40.12286,-70.8018,90.02
"EN608",15,5,2018-02-02 19:13:54,40.12236,-70.80281,60.48
"EN608",15,6,2018-02-02 19:14:02,40.12234,-70.80284,59.597
"EN608",15,7,2018-02-02 19:14:09,40.12234,-70.80289,58.44
"EN608",15,8,2018-02-02 19:15:58,40.1218,-70.80358,42.337
"EN608",15,9,2018-02-02 19:16:05,40.12178,-70.80362,41.243
"EN608",15,10,2018-02-02 19:16:12,40.12174,-70.80369,42.288
"EN608",15,11,2018-02-02 19:17:58,40.12134,-70.80432,34.152
"EN608",15,12,2018-02-02 19:18:04,40.12132,-70.80435,34.838
"EN608",15,13,2018-02-02 19:18:11,40.12131,-70.80436,34.955
"EN608",15,14,2018-02-02 19:18:18,40.12128,-70.80442,35.221
"EN608",15,15,2018-02-02 19:21:06,40.12068,-70.80541,14.387
"EN608",15,16,2018-02-02 19:21:14,40.12064,-70.80546,14.492
"EN608",15,17,2018-02-02 19:21:21,40.12062,-70.8055,15.113
"EN608",15,18,2018-02-02 19:21:30,40.12058,-70.80556,15.082
"EN608",15,19,2018-02-02 19:23:19,40.12008,-70.80616,6.252
"EN608",15,20,2018-02-02 19:23:26,40.12004,-70.8062,6.707
"EN608",15,21,2018-02-02 19:23:33,40.12001,-70.80623,6.7
"EN608",15,22,2018-02-02 19:23:39,40.11998,-70.80627,6.442
"EN608",15,23,2018-02-02 19:23:45,40.11996,-70.80632,6.165
"EN608",15,24,2018-02-02 19:23:53,40.11992,-70.80636,5.714
"EN608",16,1,2018-02-03 00:34:21,40.09466,-70.66817,36.232
"EN608",16,2,2018-02-03 00:34:29,40.09464,-70.66822,36.084
"EN608",16,3,2018-02-03 00:37:41,40.09432,-70.66957,5.689
"EN608",16,4,2018-02-03 00:37:48,40.0943,-70.66964,5.91
"EN608",17,1,2018-02-03 13:01:19,39.7713,-70.67842,85.096
"EN608",17,2,2018-02-03 13:01:31,39.77126,-70.67848,85.472
"EN608",17,3,2018-02-03 13:01:41,39.77124,-70.67849,85.744
"EN608",17,4,2018-02-03 13:05:56,39.7706,-70.67977,8.153
"EN608",17,5,2018-02-03 13:06:04,39.77059,-70.6798,8.43
"EN608",17,6,2018-02-03 13:06:14,39.77057,-70.67983,8.689
"EN608",18,1,2018-02-03 16:01:29,39.76962,-71.10559,151.604
"EN608",18,2,2018-02-03 16:01:38,39.7696,-71.10562,151.373
"EN608",18,3,2018-02-03 16:01:48,39.76958,-71.10564,152.638
"EN608",18,4,2018-02-03 16:07:41,39.7691,-71.10666,6.305
"EN608",18,5,2018-02-03 16:07:50,39.76908,-71.10668,5.268
"EN608",18,6,2018-02-03 16:08:00,39.76906,-71.10669,6.022
"EN608",19,1,2018-02-03 17:57:55,39.76652,-70.88725,497.705
"EN608",19,2,2018-02-03 17:58:03,39.7665,-70.88728,498.118
"EN608",19,3,2018-02-03 18:03:22,39.7656,-70.88762,300.111
"EN608",19,4,2018-02-03 18:03:30,39.76558,-70.88762,300.604
"EN608",19,5,2018-02-03 18:07:26,39.76484,-70.8878,169.368
"EN608",19,6,2018-02-03 18:07:33,39.76482,-70.88782,169.547
"EN608",19,7,2018-02-03 18:10:17,39.76454,-70.88838,99.576
"EN608",19,8,2018-02-03 18:10:24,39.76454,-70.8884,99.163
"EN608",19,9,2018-02-03 18:12:45,39.76432,-70.88898,64.658
"EN608",19,10,2018-02-03 18:12:51,39.76429,-70.889,64.93
"EN608",19,11,2018-02-03 18:14:30,39.76402,-70.88918,54.634
"EN608",19,12,2018-02-03 18:14:38,39.76398,-70.8892,54.38
"EN608",19,13,2018-02-03 18:14:45,39.76394,-70.88922,54.332
"EN608",19,14,2018-02-03 18:14:52,39.76392,-70.88922,54.129
"EN608",19,15,2018-02-03 18:17:18,39.76352,-70.8898,24.829
"EN608",19,16,2018-02-03 18:17:26,39.7635,-70.88984,25.261
"EN608",19,17,2018-02-03 18:17:33,39.76348,-70.88985,24.89
"EN608",19,18,2018-02-03 18:20:11,39.7632,-70.88985,4.273
"EN608",19,19,2018-02-03 18:20:18,39.76318,-70.88984,3.737
"EN608",19,20,2018-02-03 18:20:24,39.76316,-70.88982,3.991
"EN608",19,21,2018-02-03 18:20:30,39.76316,-70.8898,4.054
"EN608",19,22,2018-02-03 18:20:37,39.76314,-70.8898,4.17
"EN608",19,23,2018-02-03 18:20:43,39.76314,-70.88978,3.956
"EN608",19,24,2018-02-03 18:20:50,39.76312,-70.88978,4.141
"EN608",20,1,2018-02-03 21:20:22,39.92668,-70.768,463.516
"EN608",20,2,2018-02-03 21:20:32,39.92664,-70.76796,462.935
"EN608",20,3,2018-02-03 21:20:38,39.92662,-70.76793,462.686
"EN608",20,4,2018-02-03 21:20:45,39.92658,-70.76792,462.996
"EN608",20,5,2018-02-03 21:20:51,39.92656,-70.7679,462.643
"EN608",20,6,2018-02-03 21:21:01,39.92652,-70.76787,462.274
"EN608",20,7,2018-02-03 21:32:29,39.92304,-70.77047,5.075
"EN608",21,1,2018-02-03 22:50:27,39.9304,-70.8875,456.167
"EN608",21,2,2018-02-03 22:50:35,39.93038,-70.8875,456.418
"EN608",21,3,2018-02-03 22:56:36,39.9292,-70.88688,298.193
"EN608",21,4,2018-02-03 22:56:42,39.92918,-70.88684,298.084
"EN608",21,5,2018-02-03 23:07:06,39.92689,-70.8864,159.789
"EN608",21,6,2018-02-03 23:07:15,39.92688,-70.8864,160.04
"EN608",21,7,2018-02-03 23:07:23,39.92686,-70.8864,160.258
"EN608",21,8,2018-02-03 23:10:44,39.92622,-70.88645,98.968
"EN608",21,9,2018-02-03 23:10:51,39.92619,-70.88644,99.487
"EN608",21,10,2018-02-03 23:13:37,39.92551,-70.88635,64.432
"EN608",21,11,2018-02-03 23:13:44,39.92548,-70.88634,64.781
"EN608",21,12,2018-02-03 23:16:18,39.92486,-70.88626,30.887
"EN608",21,13,2018-02-03 23:16:25,39.92484,-70.88626,30.549
"EN608",21,14,2018-02-03 23:16:31,39.92482,-70.88626,30.552
"EN608",21,15,2018-02-03 23:16:38,39.9248,-70.88626,30.794
"EN608",21,16,2018-02-03 23:18:35,39.92439,-70.88626,14.54
"EN608",21,17,2018-02-03 23:18:42,39.92436,-70.88625,14.706
"EN608",21,18,2018-02-03 23:18:49,39.92432,-70.88622,14.468
"EN608",21,19,2018-02-03 23:20:44,39.9239,-70.88616,5.186
"EN608",21,20,2018-02-03 23:20:51,39.92387,-70.88616,5.108
"EN608",21,21,2018-02-03 23:20:58,39.92384,-70.88616,5.341
"EN608",21,22,2018-02-03 23:21:06,39.92382,-70.88616,4.281
"EN608",21,23,2018-02-03 23:21:12,39.92378,-70.88616,5.051
"EN608",21,24,2018-02-03 23:21:19,39.92376,-70.88616,5.751
"EN608",22,1,2018-02-04 03:20:45,40.0841,-70.85508,146.936
"EN608",22,2,2018-02-04 03:20:54,40.08408,-70.85504,147.107
"EN608",22,3,2018-02-04 03:23:32,40.08362,-70.85428,130.533
"EN608",22,4,2018-02-04 03:23:39,40.0836,-70.85424,129.461
"EN608",22,5,2018-02-04 03:26:37,40.08298,-70.85335,100.143
"EN608",22,6,2018-02-04 03:26:51,40.08295,-70.85329,100.75
"EN608",22,7,2018-02-04 03:26:58,40.08292,-70.85324,100.877
"EN608",22,8,2018-02-04 03:29:28,40.08244,-70.85259,80.987
"EN608",22,9,2018-02-04 03:29:36,40.08242,-70.85255,81.264
"EN608",22,10,2018-02-04 03:35:21,40.08139,-70.8508,59.169
"EN608",22,11,2018-02-04 03:35:30,40.08137,-70.85075,59.467
"EN608",22,12,2018-02-04 03:35:39,40.08134,-70.8507,59.048
"EN608",22,13,2018-02-04 03:38:15,40.08084,-70.84986,41.089
"EN608",22,14,2018-02-04 03:38:27,40.0808,-70.84981,41.075
"EN608",22,15,2018-02-04 03:38:38,40.08077,-70.84976,41.176
"EN608",22,16,2018-02-04 03:41:50,40.08024,-70.84886,19.65
"EN608",22,17,2018-02-04 03:42:00,40.08022,-70.84882,19.948
"EN608",22,18,2018-02-04 03:42:08,40.0802,-70.84876,19.867
"EN608",22,19,2018-02-04 03:44:44,40.07988,-70.84775,5.18
"EN608",22,20,2018-02-04 03:44:54,40.07986,-70.84769,5.549
"EN608",22,21,2018-02-04 03:45:02,40.07984,-70.84764,7.224
"EN608",22,22,2018-02-04 03:45:10,40.07982,-70.84758,6.448
"EN608",22,23,2018-02-04 03:45:20,40.0798,-70.84752,7.305
"EN608",22,24,2018-02-04 03:45:29,40.07977,-70.84747,6.611
"EN608",23,1,2018-02-04 06:29:33,40.206,-70.86258,6.672
"EN608",24,1,2018-02-04 08:41:45,40.35478,-70.76336,4.818
"EN608",25,1,2018-02-04 10:59:53,40.5274,-70.88318,4.52777110174215
"EN608",26,1,2018-02-04 12:43:22,40.69415,-70.88094,4.951
"EN608",27,1,2018-02-04 14:15:24,40.86251,-70.8818,5.075
"EN608",28,1,2018-02-04 18:25:02,41.02938,-70.87988,4.233
"EN608",29,1,2018-02-04 21:11:19,41.1971,-70.88366,3.526
"EN608",29,2,2018-02-04 21:11:26,41.19712,-70.88366,3.435
"EN608",30,1,2018-02-05 00:07:32,41.3224,-70.5752,13.388
"EN608",30,2,2018-02-05 00:07:39,41.3224,-70.57514,13.829
"EN608",30,3,2018-02-05 00:07:46,41.3224,-70.5751,14.11
"EN608",30,4,2018-02-05 00:07:54,41.32238,-70.57506,14.163
"EN608",30,5,2018-02-05 00:09:33,41.32224,-70.5747,10.248
"EN608",30,6,2018-02-05 00:09:39,41.32224,-70.57469,10.232
"EN608",30,7,2018-02-05 00:09:46,41.32224,-70.57466,9.875
"EN608",30,8,2018-02-05 00:09:52,41.32224,-70.57464,9.921
"EN608",30,9,2018-02-05 00:11:54,41.32222,-70.57423,4.014
"EN608",30,10,2018-02-05 00:12:00,41.32222,-70.5742,3.649
"EN608",30,11,2018-02-05 00:12:06,41.3222,-70.5742,3.203
"EN608",30,12,2018-02-05 00:12:13,41.32218,-70.57417,4.119
"EN608",30,13,2018-02-05 00:12:19,41.32218,-70.57412,4.027
"EN608",30,14,2018-02-05 00:12:26,41.32216,-70.57409,4.185
"EN617",1,1,2018-07-20 17:30:51,41.20191,-70.88546,17.739
"EN617",1,2,2018-07-20 17:31:05,41.20196,-70.88542,17.627
"EN617",1,3,2018-07-20 17:33:17,41.20235,-70.88547,12.108
"EN617",1,4,2018-07-20 17:33:33,41.2024,-70.88545,12.307
"EN617",1,5,2018-07-20 17:33:46,41.20244,-70.88544,12.177
"EN617",1,6,2018-07-20 17:33:56,41.20246,-70.88546,12.087
"EN617",1,7,2018-07-20 17:35:49,41.20276,-70.88546,7.374
"EN617",1,8,2018-07-20 17:36:20,41.20284,-70.88546,7.261
"EN617",1,9,2018-07-20 17:36:30,41.20284,-70.8855,7.307
"EN617",1,10,2018-07-20 17:38:29,41.20318,-70.88549,1.891
"EN617",1,11,2018-07-20 17:38:42,41.20324,-70.88548,1.803
"EN617",1,12,2018-07-20 17:38:51,41.20326,-70.88546,1.796
"EN617",1,13,2018-07-20 17:39:10,41.20332,-70.88548,1.893
"EN617",1,14,2018-07-20 17:39:19,41.20336,-70.88546,1.958
"EN617",1,15,2018-07-20 17:39:28,41.2034,-70.88544,1.802
"EN617",1,16,2018-07-20 17:39:38,41.20341,-70.88546,1.793
"EN617",1,17,2018-07-20 17:39:48,41.20346,-70.88546,1.883
"EN617",1,18,2018-07-20 17:39:58,41.2035,-70.88542,1.779
"EN617",1,19,2018-07-20 17:40:21,41.20356,-70.88544,1.773
"EN617",1,20,2018-07-20 17:40:28,41.20358,-70.88546,1.835
"EN617",1,21,2018-07-20 17:40:40,41.2036,-70.88546,1.805
"EN617",1,22,2018-07-20 17:40:58,41.20368,-70.88542,1.749
"EN617",1,23,2018-07-20 17:41:09,41.2037,-70.88546,1.808
"EN617",1,24,2018-07-20 17:41:18,41.20374,-70.88545,1.793
"EN617",2,1,2018-07-20 23:01:46,41.03118,-70.88,42.067
"EN617",2,2,2018-07-20 23:02:05,41.03122,-70.87996,41.868
"EN617",2,3,2018-07-20 23:04:29,41.03152,-70.8796,24.137
"EN617",2,4,2018-07-20 23:04:38,41.03154,-70.87958,24.395
"EN617",2,5,2018-07-20 23:04:46,41.03156,-70.87956,24.23
"EN617",2,6,2018-07-20 23:04:54,41.03156,-70.87954,24.33
"EN617",2,7,2018-07-20 23:06:39,41.03176,-70.87932,20.252
"EN617",2,8,2018-07-20 23:06:47,41.03178,-70.8793,20.118
"EN617",2,9,2018-07-20 23:06:56,41.03178,-70.87928,20.032
"EN617",2,10,2018-07-20 23:07:06,41.0318,-70.87924,20.279
"EN617",2,11,2018-07-20 23:07:16,41.03182,-70.87922,20.104
"EN617",2,12,2018-07-20 23:09:22,41.03199,-70.87896,9.997
"EN617",2,13,2018-07-20 23:09:29,41.032,-70.87894,10.077
"EN617",2,14,2018-07-20 23:09:38,41.03202,-70.87892,9.873
"EN617",2,15,2018-07-20 23:09:47,41.03204,-70.87892,9.999
"EN617",2,16,2018-07-20 23:12:37,41.03232,-70.87858,3.22
"EN617",2,17,2018-07-20 23:12:45,41.03234,-70.87856,3.163
"EN617",2,18,2018-07-20 23:12:54,41.03236,-70.87854,2.95
"EN617",2,19,2018-07-20 23:13:01,41.03238,-70.87854,3.04
"EN617",2,20,2018-07-20 23:13:08,41.0324,-70.87852,3.025
"EN617",2,21,2018-07-20 23:13:15,41.03242,-70.8785,2.994
"EN617",2,22,2018-07-20 23:13:23,41.03243,-70.87849,3.083
"EN617",2,23,2018-07-20 23:13:31,41.03244,-70.87848,2.972
"EN617",2,24,2018-07-20 23:13:38,41.03246,-70.87846,2.967
"EN617",3,1,2018-07-21 01:21:47,41.0292,-70.76874,16.349
"EN617",3,2,2018-07-21 01:22:06,41.02918,-70.76868,16.433
"EN617",3,3,2018-07-21 01:25:33,41.02875,-70.76822,3.313
"EN617",3,4,2018-07-21 01:25:44,41.02874,-70.76819,3.388
"EN617",4,1,2018-07-21 03:03:57,41.02947,-70.98997,12.398
"EN617",4,2,2018-07-21 03:04:05,41.02946,-70.98995,12.33
"EN617",4,3,2018-07-21 03:04:12,41.02943,-70.98992,12.259
"EN617",4,4,2018-07-21 03:04:20,41.0294,-70.98992,12.344
"EN617",4,5,2018-07-21 03:05:54,41.0292,-70.98969,3.739
"EN617",4,6,2018-07-21 03:06:09,41.02918,-70.98964,3.738
"EN617",4,7,2018-07-21 03:06:17,41.02916,-70.98964,3.781
"EN617",4,8,2018-07-21 03:06:24,41.02914,-70.9896,3.776
"EN617",4,9,2018-07-21 03:06:31,41.02913,-70.98958,3.746
"EN617",4,10,2018-07-21 03:06:39,41.02911,-70.98956,3.823
"EN617",4,11,2018-07-21 03:06:46,41.02909,-70.98954,3.783
"EN617",4,12,2018-07-21 03:06:56,41.02907,-70.98952,3.764
"EN617",4,13,2018-07-21 03:07:02,41.02906,-70.98952,3.788
"EN617",4,14,2018-07-21 03:07:10,41.02904,-70.9895,3.741
"EN617",4,15,2018-07-21 03:07:16,41.02904,-70.98947,3.793
"EN617",4,16,2018-07-21 03:07:23,41.02902,-70.98944,3.852
"EN617",4,17,2018-07-21 03:07:30,41.029,-70.98944,3.757
"EN617",4,18,2018-07-21 03:07:37,41.029,-70.98942,3.757
"EN617",4,19,2018-07-21 03:07:44,41.02897,-70.98942,3.716
"EN617",4,20,2018-07-21 03:07:51,41.02896,-70.9894,3.655
"EN617",4,21,2018-07-21 03:07:58,41.02894,-70.98937,3.57
"EN617",4,22,2018-07-21 03:08:04,41.02893,-70.98934,3.73
"EN617",4,23,2018-07-21 03:08:11,41.02892,-70.98932,3.799
"EN617",4,24,2018-07-21 03:08:18,41.02892,-70.9893,3.743
"EN617",5,1,2018-07-21 06:47:34,40.8642,-70.88471,51.545
"EN617",5,2,2018-07-21 06:47:55,40.86422,-70.8848,51.624
"EN617",5,3,2018-07-21 06:50:55,40.86436,-70.8855,29.851
"EN617",5,4,2018-07-21 06:51:04,40.86436,-70.88554,30.186
"EN617",5,5,2018-07-21 06:53:39,40.86446,-70.88616,25.24
"EN617",5,6,2018-07-21 06:53:47,40.86447,-70.8862,25.187
"EN617",5,7,2018-07-21 06:53:57,40.86448,-70.88624,25.335
"EN617",5,8,2018-07-21 06:57:02,40.86468,-70.88694,14.399
"EN617",5,9,2018-07-21 06:57:15,40.86469,-70.88699,14.135
"EN617",5,10,2018-07-21 06:57:26,40.8647,-70.88704,14.252
"EN617",5,11,2018-07-21 06:57:39,40.86472,-70.88708,14.25
"EN617",5,12,2018-07-21 07:00:13,40.86487,-70.88765,10.082
"EN617",5,13,2018-07-21 07:00:21,40.86488,-70.88768,9.718
"EN617",5,14,2018-07-21 07:03:02,40.86498,-70.88832,1.624
"EN617",5,15,2018-07-21 07:03:16,40.865,-70.88838,1.487
"EN617",5,16,2018-07-21 07:03:24,40.865,-70.88841,1.636
"EN617",5,17,2018-07-21 07:04:05,40.86502,-70.88858,1.631
"EN617",5,18,2018-07-21 07:04:40,40.865,-70.88872,1.529
"EN617",5,19,2018-07-21 07:04:47,40.86502,-70.88876,1.709
"EN617",5,20,2018-07-21 07:04:57,40.86502,-70.8888,1.607
"EN617",5,21,2018-07-21 07:05:07,40.86504,-70.88884,1.631
"EN617",5,22,2018-07-21 07:05:14,40.86504,-70.88888,1.741
"EN617",5,23,2018-07-21 07:05:26,40.86504,-70.88894,1.582
"EN617",5,24,2018-07-21 07:05:39,40.86506,-70.88898,1.629
"EN617",6,1,2018-07-21 11:11:37,40.70184,-70.7724,20.048
"EN617",6,2,2018-07-21 11:11:49,40.70188,-70.77239,20.532
"EN617",6,3,2018-07-21 11:11:59,40.70187,-70.77237,20.129
"EN617",6,4,2018-07-21 11:15:18,40.70234,-70.77222,2.112
"EN617",6,5,2018-07-21 11:15:28,40.70236,-70.77222,2.231
"EN617",6,6,2018-07-21 11:15:35,40.70238,-70.7722,2.047
"EN617",6,7,2018-07-21 11:15:45,40.7024,-70.7722,2.066
"EN617",6,8,2018-07-21 11:15:51,40.7024,-70.7722,2.283
"EN617",6,9,2018-07-21 11:16:00,40.70242,-70.77218,2.264
"EN617",6,10,2018-07-21 11:16:07,40.70243,-70.77218,2.1
"EN617",6,11,2018-07-21 11:16:20,40.70248,-70.77216,2.145
"EN617",6,12,2018-07-21 11:16:28,40.7025,-70.77214,2.259
"EN617",6,13,2018-07-21 11:16:37,40.7025,-70.77214,1.993
"EN617",7,1,2018-07-21 12:44:37,40.69894,-70.99246,20.386
"EN617",7,2,2018-07-21 12:44:47,40.69898,-70.99244,20.13
"EN617",7,3,2018-07-21 12:48:44,40.69996,-70.99186,1.974
"EN617",7,4,2018-07-21 12:48:56,40.69999,-70.99182,2.035
"EN617",7,5,2018-07-21 12:49:06,40.70002,-70.9918,1.855
"EN617",7,6,2018-07-21 12:49:12,40.70004,-70.99176,1.92
"EN617",7,7,2018-07-21 12:49:19,40.70006,-70.99175,1.962
"EN617",7,8,2018-07-21 12:49:26,40.7001,-70.99172,2.023
"EN617",7,9,2018-07-21 12:49:32,40.70013,-70.9917,1.999
"EN617",7,10,2018-07-21 12:49:39,40.70016,-70.99166,2.021
"EN617",7,11,2018-07-21 12:49:45,40.70018,-70.99166,2.001
"EN617",7,12,2018-07-21 12:49:52,40.7002,-70.99164,2.131
"EN617",7,13,2018-07-21 12:50:09,40.70024,-70.9916,1.66
"EN617",8,1,2018-07-21 14:57:09,40.69956,-70.87992,59.428
"EN617",8,2,2018-07-21 14:57:28,40.6996,-70.8799,59.722
"EN617",8,3,2018-07-21 15:01:47,40.70024,-70.8792,44.419
"EN617",8,4,2018-07-21 15:02:02,40.70028,-70.87915,44.212
"EN617",8,5,2018-07-21 15:02:16,40.70032,-70.8791,44.505
"EN617",8,6,2018-07-21 15:04:36,40.70063,-70.87856,24.629
"EN617",8,7,2018-07-21 15:04:49,40.70066,-70.87851,24.661
"EN617",8,8,2018-07-21 15:05:02,40.7007,-70.87846,24.732
"EN617",8,9,2018-07-21 15:05:16,40.70072,-70.8784,24.354
"EN617",8,10,2018-07-21 15:08:08,40.70112,-70.87778,18.731
"EN617",8,11,2018-07-21 15:08:24,40.70114,-70.8777,18.474
"EN617",8,12,2018-07-21 15:10:25,40.70142,-70.87727,12.414
"EN617",8,13,2018-07-21 15:10:36,40.70146,-70.87723,12.476
"EN617",8,14,2018-07-21 15:10:49,40.7015,-70.8772,12.472
"EN617",8,15,2018-07-21 15:12:54,40.70185,-70.87676,2.292
"EN617",8,16,2018-07-21 15:13:12,40.7019,-70.87668,2.269
"EN617",8,17,2018-07-21 15:13:26,40.70194,-70.8766,2.418
"EN617",8,18,2018-07-21 15:13:40,40.70196,-70.87654,2.514
"EN617",8,19,2018-07-21 15:13:54,40.70198,-70.87649,2.176
"EN617",8,20,2018-07-21 15:14:04,40.702,-70.87644,2.132
"EN617",8,21,2018-07-21 15:14:16,40.70202,-70.8764,2.215
"EN617",8,22,2018-07-21 15:14:28,40.70204,-70.87635,2.383
"EN617",8,23,2018-07-21 15:14:40,40.70206,-70.87632,2.418
"EN617",8,24,2018-07-21 15:14:50,40.70208,-70.87628,2.53
"EN617",9,1,2018-07-21 17:28:46,40.51833,-70.88108,72.122
"EN617",9,2,2018-07-21 17:28:57,40.51838,-70.88108,72.644
"EN617",9,3,2018-07-21 17:31:42,40.51916,-70.88112,46.613
"EN617",9,4,2018-07-21 17:31:51,40.5192,-70.88114,46.51
"EN617",9,5,2018-07-21 17:33:28,40.51965,-70.88118,35.5
"EN617",9,6,2018-07-21 17:33:35,40.5197,-70.88118,35.266
"EN617",9,7,2018-07-21 17:35:45,40.5203,-70.88122,20.184
"EN617",9,8,2018-07-21 17:35:52,40.52033,-70.8812,19.902
"EN617",9,9,2018-07-21 17:37:33,40.52082,-70.88122,14.776
"EN617",9,10,2018-07-21 17:37:40,40.52084,-70.88122,14.532
"EN617",9,11,2018-07-21 17:39:41,40.52142,-70.88128,4.436
"EN617",9,12,2018-07-21 17:39:47,40.52146,-70.88128,4.202
"EN617",9,13,2018-07-21 17:39:54,40.5215,-70.88128,4.451
"EN617",9,14,2018-07-21 17:40:01,40.52153,-70.88128,4.684
"EN617",9,15,2018-07-21 17:40:09,40.52156,-70.88128,4.585
"EN617",10,1,2018-07-21 21:46:29,40.36578,-70.77014,46.627
"EN617",10,2,2018-07-21 21:46:37,40.3658,-70.77014,46.486
"EN617",10,3,2018-07-21 21:48:43,40.36614,-70.76962,17
"EN617",10,4,2018-07-21 21:48:52,40.36618,-70.76956,17.363
"EN617",10,5,2018-07-21 21:50:12,40.36651,-70.7689,7.901
"EN617",10,6,2018-07-21 21:50:19,40.36653,-70.76885,8.265
"EN617",11,1,2018-07-21 23:24:05,40.36632,-70.9887,31.73
"EN617",11,2,2018-07-21 23:24:14,40.36638,-70.98872,31.688
"EN617",11,3,2018-07-21 23:26:05,40.3667,-70.9886,17.44
"EN617",11,4,2018-07-21 23:26:13,40.3667,-70.9886,17.263
"EN617",11,5,2018-07-21 23:27:53,40.36684,-70.9889,5.368
"EN617",11,6,2018-07-21 23:28:00,40.36686,-70.98892,5.587
"EN617",12,1,2018-07-22 02:14:34,40.36728,-70.88918,88.937
"EN617",12,2,2018-07-22 02:14:42,40.36732,-70.88918,89.609
"EN617",12,3,2018-07-22 02:16:03,40.36758,-70.88932,74.651
"EN617",12,4,2018-07-22 02:16:11,40.3676,-70.88934,75.008
"EN617",12,5,2018-07-22 02:18:05,40.36806,-70.88951,50.324
"EN617",12,6,2018-07-22 02:18:13,40.36808,-70.8895,50.807
"EN617",12,7,2018-07-22 02:20:06,40.36836,-70.88934,40.455
"EN617",12,8,2018-07-22 02:20:14,40.36838,-70.88932,40.272
"EN617",12,9,2018-07-22 02:20:21,40.3684,-70.8893,40.488
"EN617",12,10,2018-07-22 02:22:04,40.3687,-70.88926,28.669
"EN617",12,11,2018-07-22 02:22:11,40.36874,-70.88926,28.393
"EN617",12,12,2018-07-22 02:22:18,40.36875,-70.88926,28.171
"EN617",12,13,2018-07-22 02:22:26,40.36878,-70.88926,28.282
"EN617",12,14,2018-07-22 02:24:14,40.3691,-70.88928,20.206
"EN617",12,15,2018-07-22 02:24:25,40.36914,-70.88929,20.304
"EN617",12,16,2018-07-22 02:25:50,40.36936,-70.88922,14.386
"EN617",12,17,2018-07-22 02:25:56,40.36938,-70.88922,14.538
"EN617",12,18,2018-07-22 02:26:04,40.36938,-70.88922,14.669
"EN617",12,19,2018-07-22 02:26:11,40.3694,-70.88924,14.378
"EN617",12,20,2018-07-22 02:27:54,40.36966,-70.88926,4.752
"EN617",12,21,2018-07-22 02:28:00,40.36968,-70.88926,4.776
"EN617",12,22,2018-07-22 02:28:08,40.36972,-70.88926,4.69
"EN617",12,23,2018-07-22 02:28:14,40.36974,-70.88927,4.339
"EN617",12,24,2018-07-22 02:28:22,40.36976,-70.88928,4.559
"EN617",13,1,2018-07-22 05:09:00,40.23672,-70.89158,123.439
"EN617",13,2,2018-07-22 05:09:11,40.23676,-70.89156,123.384
"EN617",13,3,2018-07-22 05:10:56,40.23722,-70.8915,111.605
"EN617",13,4,2018-07-22 05:11:07,40.23726,-70.8915,111.836
"EN617",13,5,2018-07-22 05:13:05,40.23786,-70.89132,81.11
"EN617",13,6,2018-07-22 05:13:17,40.23792,-70.8913,81.803
"EN617",13,7,2018-07-22 05:15:19,40.23852,-70.89093,55.346
"EN617",13,8,2018-07-22 05:15:27,40.23856,-70.8909,55.682
"EN617",13,9,2018-07-22 05:16:58,40.23896,-70.89054,38.289
"EN617",13,10,2018-07-22 05:17:07,40.239,-70.8905,38.675
"EN617",13,11,2018-07-22 05:17:15,40.23903,-70.89048,38.619
"EN617",13,12,2018-07-22 05:18:41,40.23944,-70.89016,32.06
"EN617",13,13,2018-07-22 05:18:53,40.23948,-70.89012,31.986
"EN617",13,14,2018-07-22 05:20:34,40.23997,-70.88964,21.61
"EN617",13,15,2018-07-22 05:20:42,40.24,-70.88962,21.584
"EN617",13,16,2018-07-22 05:23:24,40.24087,-70.88916,3.62
"EN617",13,17,2018-07-22 05:23:34,40.24092,-70.88914,2.885
"EN617",13,18,2018-07-22 05:23:45,40.24099,-70.88912,3.433
"EN617",13,19,2018-07-22 05:24:05,40.24108,-70.88909,3.609
"EN617",14,1,2018-07-22 09:06:02,40.1408,-70.75892,128.339
"EN617",14,2,2018-07-22 09:06:18,40.14082,-70.75892,128.995
"EN617",14,3,2018-07-22 09:08:52,40.14136,-70.75928,109.217
"EN617",14,4,2018-07-22 09:09:09,40.14144,-70.7593,109.004
"EN617",14,5,2018-07-22 09:12:04,40.142,-70.75862,80.449
"EN617",14,6,2018-07-22 09:12:19,40.14204,-70.75856,80.403
"EN617",14,7,2018-07-22 09:14:52,40.14249,-70.75835,61.184
"EN617",14,8,2018-07-22 09:15:10,40.14254,-70.75846,61.09
"EN617",14,9,2018-07-22 09:15:19,40.14258,-70.75851,61.143
"EN617",14,10,2018-07-22 09:18:00,40.14332,-70.75908,38.583
"EN617",14,11,2018-07-22 09:18:09,40.14338,-70.7591,39.035
"EN617",14,12,2018-07-22 09:18:18,40.14342,-70.75912,39.175
"EN617",14,13,2018-07-22 09:20:38,40.14404,-70.7594,29.787
"EN617",14,14,2018-07-22 09:20:47,40.14408,-70.75944,30.388
"EN617",14,15,2018-07-22 09:23:08,40.14476,-70.75983,17.972
"EN617",14,16,2018-07-22 09:23:17,40.14481,-70.75986,17.729
"EN617",14,17,2018-07-22 09:26:08,40.14539,-70.75942,6.779
"EN617",14,18,2018-07-22 09:26:23,40.14536,-70.7594,6.875
"EN617",14,19,2018-07-22 09:26:32,40.14534,-70.75936,6.913
"EN617",14,20,2018-07-22 09:26:45,40.14532,-70.75937,7.02
"EN617",14,21,2018-07-22 09:26:55,40.1453,-70.75938,7.182
"EN617",14,22,2018-07-22 09:27:03,40.1453,-70.7594,6.945
"EN617",14,23,2018-07-22 09:27:13,40.14528,-70.7594,6.852
"EN617",14,24,2018-07-22 09:27:22,40.14528,-70.75944,7.125
"EN617",15,1,2018-07-22 13:47:44,40.0915,-70.77935,37.248
"EN617",15,2,2018-07-22 13:48:04,40.09147,-70.77932,34.916
"EN617",15,3,2018-07-22 13:51:29,40.09012,-70.77852,2.884
"EN617",15,4,2018-07-22 13:51:43,40.09001,-70.77848,3.639
"EN617",16,1,2018-07-22 15:57:57,40.09409,-70.99144,32.956
"EN617",16,2,2018-07-22 15:58:11,40.09406,-70.99138,32.608
"EN617",16,3,2018-07-22 16:00:53,40.09364,-70.99086,4.923
"EN617",16,4,2018-07-22 16:01:08,40.09358,-70.99076,6.334
"EN617",17,1,2018-07-22 18:25:40,40.09799,-70.87382,144.515
"EN617",17,2,2018-07-22 18:25:49,40.09798,-70.87378,145.834
"EN617",17,3,2018-07-22 18:28:32,40.09774,-70.8732,99.58
"EN617",17,4,2018-07-22 18:28:40,40.09772,-70.87316,99.462
"EN617",17,5,2018-07-22 18:31:56,40.09717,-70.87218,57.401
"EN617",17,6,2018-07-22 18:32:05,40.09714,-70.87216,57.787
"EN617",17,7,2018-07-22 18:33:34,40.09692,-70.87189,42.415
"EN617",17,8,2018-07-22 18:33:40,40.0969,-70.87188,42.104
"EN617",17,9,2018-07-22 18:33:47,40.09688,-70.87184,42.639
"EN617",17,10,2018-07-22 18:34:51,40.09676,-70.87157,30.053
"EN617",17,11,2018-07-22 18:34:57,40.09673,-70.87155,30.389
"EN617",17,12,2018-07-22 18:35:05,40.09673,-70.8715,31.862
"EN617",17,13,2018-07-22 18:36:14,40.0966,-70.87122,21.917
"EN617",17,14,2018-07-22 18:36:21,40.09658,-70.87122,21.325
"EN617",17,15,2018-07-22 18:37:04,40.09648,-70.8711,14.766
"EN617",17,16,2018-07-22 18:37:11,40.09646,-70.87108,14.424
"EN617",17,17,2018-07-22 18:38:17,40.09628,-70.87085,5.579
"EN617",17,18,2018-07-22 18:38:24,40.09628,-70.87082,6.385
"EN617",17,19,2018-07-22 18:38:29,40.09627,-70.87081,5.434
"EN617",18,1,2018-07-22 21:53:53,39.94944,-70.88313,152.352
"EN617",18,2,2018-07-22 21:54:01,39.94944,-70.88312,152.136
"EN617",18,3,2018-07-22 21:56:36,39.94938,-70.88261,119.187
"EN617",18,4,2018-07-22 21:56:44,39.94938,-70.88259,119.916
"EN617",18,5,2018-07-22 21:59:12,39.94932,-70.88202,75.408
"EN617",18,6,2018-07-22 21:59:20,39.9493,-70.88198,75.04
"EN617",18,7,2018-07-22 22:01:22,39.9493,-70.88157,54.988
"EN617",18,8,2018-07-22 22:01:30,39.9493,-70.88156,54.928
"EN617",18,9,2018-07-22 22:03:12,39.9492,-70.88126,39.97
"EN617",18,10,2018-07-22 22:03:20,39.9492,-70.88124,39.981
"EN617",18,11,2018-07-22 22:05:13,39.94912,-70.8808,25.003
"EN617",18,12,2018-07-22 22:05:22,39.94912,-70.88076,24.672
"EN617",18,13,2018-07-22 22:06:44,39.94907,-70.88048,14.754
"EN617",18,14,2018-07-22 22:06:51,39.94905,-70.88044,15.05
"EN617",18,15,2018-07-22 22:08:32,39.94903,-70.88009,4.741
"EN617",18,16,2018-07-22 22:08:38,39.94902,-70.88006,4.767
"EN617",18,17,2018-07-22 22:08:44,39.94902,-70.88004,4.973
"EN617",18,18,2018-07-22 22:08:50,39.94902,-70.88004,4.761
"EN617",18,19,2018-07-22 22:08:56,39.94902,-70.88002,4.748
"EN617",18,20,2018-07-22 22:09:02,39.94902,-70.88,5.353
"EN617",18,21,2018-07-22 22:09:08,39.94901,-70.87998,4.826
"EN617",18,22,2018-07-22 22:09:13,39.949,-70.87998,4.675
"EN617",18,23,2018-07-22 22:09:20,39.94898,-70.87996,5.171
"EN617",18,24,2018-07-22 22:09:25,39.94898,-70.87995,5.171
"EN617",19,1,2018-07-23 08:32:15,39.7729,-70.75858,40.507
"EN617",19,2,2018-07-23 08:32:26,39.77289,-70.7585,40.631
"EN617",19,3,2018-07-23 08:35:27,39.77277,-70.75705,4.666
"EN617",19,4,2018-07-23 08:35:38,39.77275,-70.75696,5.031
"EN617",20,1,2018-07-23 10:44:43,39.7701,-70.98067,44.118
"EN617",20,2,2018-07-23 10:44:59,39.77008,-70.98058,43.449
"EN617",20,3,2018-07-23 10:48:54,39.7698,-70.97938,5.403
"EN617",20,4,2018-07-23 10:49:13,39.76976,-70.97928,5.896
"EN617",21,1,2018-07-23 13:27:36,39.76958,-70.87106,693.022
"EN617",21,2,2018-07-23 13:32:45,39.7685,-70.86876,501.696
"EN617",21,3,2018-07-23 13:38:58,39.76706,-70.86601,304.793
"EN617",21,4,2018-07-23 13:45:10,39.76635,-70.864,151.268
"EN617",21,5,2018-07-23 13:48:35,39.76597,-70.8629,80.606
"EN617",21,6,2018-07-23 13:48:51,39.76596,-70.8628,80.579
"EN617",21,7,2018-07-23 13:51:13,39.76576,-70.86199,60.019
"EN617",21,8,2018-07-23 13:53:16,39.76546,-70.86131,50.255
"EN617",21,9,2018-07-23 13:55:32,39.76506,-70.86052,40.476
"EN617",21,10,2018-07-23 13:57:45,39.76476,-70.85978,30.159
"EN617",21,11,2018-07-23 13:57:56,39.76476,-70.85972,30.57
"EN617",21,12,2018-07-23 13:58:06,39.76472,-70.85964,30.24
"EN617",21,13,2018-07-23 13:58:16,39.7647,-70.85961,30.499
"EN617",21,14,2018-07-23 13:58:26,39.76468,-70.85954,30.449
"EN617",21,15,2018-07-23 13:58:36,39.76466,-70.85947,30.216
"EN617",21,16,2018-07-23 14:00:42,39.76436,-70.85874,20.679
"EN617",21,17,2018-07-23 14:00:54,39.76431,-70.85867,20.914
"EN617",21,18,2018-07-23 14:01:04,39.76426,-70.85861,20.621
"EN617",21,19,2018-07-23 14:04:05,39.76378,-70.85765,4.622
"EN617",21,20,2018-07-23 14:04:12,39.76376,-70.8576,4.58
"EN617",21,21,2018-07-23 14:04:20,39.76375,-70.85755,5.166
"EN617",21,22,2018-07-23 14:04:39,39.76372,-70.85742,4.442
"EN617",21,23,2018-07-23 14:04:49,39.7637,-70.85734,5.531
"EN617",21,24,2018-07-23 14:05:01,39.76366,-70.85726,5.759
"EN617",22,1,2018-07-23 15:52:00,39.77128,-70.87102,4.808
"EN617",22,2,2018-07-23 15:52:07,39.77127,-70.87099,4.72
"EN617",23,1,2018-07-23 17:48:56,39.94066,-70.76242,4.224
"EN617",24,1,2018-07-23 20:59:47,40.36714,-70.76726,88.169
"EN617",25,1,2018-07-24 08:00:59,39.77252,-70.8661,4.706
"EN617",26,1,2018-07-24 11:37:33,39.94856,-70.87892,8.378
"EN617",27,1,2018-07-24 13:08:24,40.10538,-70.88898,4.656
"EN617",27,2,2018-07-24 13:08:31,40.10538,-70.88898,4.813
"EN617",28,1,2018-07-24 14:22:00,40.22642,-70.88532,5.55
"EN617",28,2,2018-07-24 14:22:09,40.22642,-70.8853,5.884
"EN617",29,1,2018-07-24 15:41:18,40.36922,-70.88737,4.014
"EN617",29,2,2018-07-24 15:41:26,40.36926,-70.88736,4.418
"EN617",30,1,2018-07-24 16:56:58,40.51502,-70.87688,5.118
"EN617",30,2,2018-07-24 16:57:05,40.51503,-70.87685,5.115
"EN617",31,1,2018-07-24 18:29:58,40.69792,-70.87962,4.304
"EN617",31,2,2018-07-24 18:30:07,40.69794,-70.87958,4.282
"EN617",32,1,2018-07-24 19:57:03,40.86286,-70.87524,3.902
"EN617",32,2,2018-07-24 19:57:10,40.86286,-70.87521,3.164
"EN617",33,1,2018-07-24 21:44:25,41.02872,-70.87727,4.07
"EN617",33,2,2018-07-24 21:44:32,41.02872,-70.87724,4.001
"EN617",34,1,2018-07-24 23:12:40,41.19692,-70.88183,2.877
"EN617",34,2,2018-07-24 23:12:49,41.19692,-70.88182,2.871
"EN617",35,1,2018-07-25 01:19:12,41.32418,-70.58549,13.875
"EN617",35,2,2018-07-25 01:19:19,41.32422,-70.58548,13.615
"EN617",35,3,2018-07-25 01:19:26,41.32423,-70.58546,13.473
"EN617",35,4,2018-07-25 01:21:08,41.32446,-70.5853,7.772
"EN617",35,5,2018-07-25 01:21:17,41.32447,-70.58528,7.829
"EN617",35,6,2018-07-25 01:21:25,41.32448,-70.58528,8.197
"EN617",35,7,2018-07-25 01:22:41,41.32462,-70.5852,4.181
"EN617",35,8,2018-07-25 01:22:48,41.32464,-70.58518,4.319
"EN617",35,9,2018-07-25 01:22:55,41.32466,-70.58517,4.346
"EN627",2,1,2019-02-01 21:14:19,41.20087,-70.88334,17.7
"EN627",2,2,2019-02-01 21:18:16,41.20102,-70.88442,12.038
"EN627",2,3,2019-02-01 21:18:40,41.20089,-70.88441,11.833
"EN627",2,4,2019-02-01 21:18:48,41.20086,-70.88442,11.883
"EN627",2,5,2019-02-01 21:21:15,41.20035,-70.8848,7.005
"EN627",2,6,2019-02-01 21:21:23,41.20034,-70.88482,7.183
"EN627",2,7,2019-02-01 21:23:38,41.1999,-70.88524,2.072
"EN627",2,8,2019-02-01 21:23:55,41.19985,-70.8853,1.681
"EN627",2,9,2019-02-01 21:24:01,41.19983,-70.88532,1.773
"EN627",2,10,2019-02-01 21:24:08,41.19981,-70.88534,1.642
"EN627",2,11,2019-02-01 21:24:15,41.19979,-70.88536,1.653
"EN627",2,12,2019-02-01 21:24:21,41.19976,-70.88538,1.814
"EN627",3,1,2019-02-01 21:44:17,41.19756,-70.88122,18.257
"EN627",3,2,2019-02-01 21:46:49,41.19767,-70.8809,11.756
"EN627",3,3,2019-02-01 21:47:03,41.19768,-70.88086,11.846
"EN627",3,4,2019-02-01 21:47:12,41.1977,-70.88084,11.782
"EN627",3,5,2019-02-01 21:48:52,41.19784,-70.88058,6.786
"EN627",3,6,2019-02-01 21:48:58,41.19786,-70.88056,6.567
"EN627",3,7,2019-02-01 21:54:47,41.19844,-70.8797,2.136
"EN627",3,8,2019-02-01 21:54:55,41.19846,-70.87966,2.288
"EN627",3,9,2019-02-01 21:55:03,41.19846,-70.87965,2.373
"EN627",3,10,2019-02-01 21:55:10,41.19848,-70.87964,2.086
"EN627",3,11,2019-02-01 21:55:17,41.19848,-70.87961,2.045
"EN627",3,12,2019-02-01 21:55:24,41.1985,-70.8796,2.392
"EN627",5,1,2019-02-02 02:24:49,41.02794,-70.76142,2.829
"EN627",5,2,2019-02-02 02:24:58,41.02792,-70.76138,2.86
"EN627",6,1,2019-02-02 04:10:44,41.0239,-70.989,2.262
"EN627",6,2,2019-02-02 04:11:17,41.02375,-70.98886,2.119
"EN627",7,1,2019-02-02 06:33:06,41.02752,-70.88092,41.069
"EN627",7,2,2019-02-02 06:33:21,41.02746,-70.88086,41.169
"EN627",7,3,2019-02-02 06:33:29,41.02744,-70.88084,41.1
"EN627",7,4,2019-02-02 06:35:46,41.02698,-70.88033,30.419
"EN627",7,5,2019-02-02 06:35:53,41.02695,-70.8803,30.144
"EN627",7,6,2019-02-02 06:35:59,41.02694,-70.88028,30.297
"EN627",7,7,2019-02-02 06:38:40,41.0263,-70.87968,15.15
"EN627",7,8,2019-02-02 06:38:52,41.02626,-70.87964,15.213
"EN627",7,9,2019-02-02 06:41:26,41.02568,-70.87918,3.879
"EN627",7,10,2019-02-02 06:41:34,41.02566,-70.87916,3.817
"EN627",7,11,2019-02-02 06:41:43,41.02562,-70.87912,3.843
"EN627",7,12,2019-02-02 06:41:53,41.02558,-70.87908,3.821
"EN627",8,1,2019-02-02 10:08:04,40.86347,-70.88563,50.665
"EN627",8,2,2019-02-02 10:08:12,40.86348,-70.88566,50.62
"EN627",8,3,2019-02-02 10:10:13,40.8637,-70.8862,44.866
"EN627",8,4,2019-02-02 10:10:22,40.86372,-70.88625,44.879
"EN627",8,5,2019-02-02 10:13:00,40.8639,-70.8871,30.509
"EN627",8,6,2019-02-02 10:15:30,40.86418,-70.88768,14.767
"EN627",8,7,2019-02-02 10:17:37,40.8643,-70.88788,5.11
"EN627",8,8,2019-02-02 10:17:45,40.8643,-70.88788,5.075
"EN627",8,9,2019-02-02 10:17:53,40.86431,-70.88788,5.045
"EN627",8,10,2019-02-02 10:18:01,40.86432,-70.88789,5.062
"EN627",8,11,2019-02-02 10:18:09,40.86432,-70.88791,4.981
"EN627",8,12,2019-02-02 10:18:17,40.86432,-70.88793,4.963
"EN627",9,1,2019-02-02 15:18:47,40.69296,-70.76806,59.801
"EN627",9,2,2019-02-02 15:18:54,40.69294,-70.76802,59.814
"EN627",9,3,2019-02-02 15:19:03,40.69292,-70.76797,59.76
"EN627",9,4,2019-02-02 15:19:16,40.69286,-70.7679,59.7
"EN627",9,5,2019-02-02 15:19:24,40.69286,-70.76786,59.566
"EN627",9,6,2019-02-02 15:19:33,40.69284,-70.76781,59.73
"EN627",9,7,2019-02-02 15:23:35,40.69208,-70.76662,4.945
"EN627",9,8,2019-02-02 15:23:45,40.69204,-70.76657,4.992
"EN627",9,9,2019-02-02 15:23:53,40.69202,-70.76654,4.87
"EN627",9,10,2019-02-02 15:24:00,40.69198,-70.7665,5.233
"EN627",9,11,2019-02-02 15:24:07,40.69194,-70.76647,5
"EN627",9,12,2019-02-02 15:24:13,40.69192,-70.76644,5.106
"EN627",10,1,2019-02-02 17:02:06,40.69418,-70.98621,59.265
"EN627",10,2,2019-02-02 17:02:19,40.69418,-70.98616,59.384
"EN627",10,3,2019-02-02 17:06:15,40.69404,-70.98485,5.377
"EN627",10,4,2019-02-02 17:06:24,40.69402,-70.9848,5.358
"EN627",11,1,2019-02-02 19:09:06,40.6948,-70.8795,60.793
"EN627",11,2,2019-02-02 19:09:15,40.6948,-70.87944,60.809
"EN627",11,3,2019-02-02 19:11:56,40.69488,-70.87856,30.155
"EN627",11,4,2019-02-02 19:12:03,40.69488,-70.87853,30.246
"EN627",11,5,2019-02-02 19:12:12,40.69488,-70.87848,30.341
"EN627",11,6,2019-02-02 19:14:28,40.69498,-70.87773,14.97
"EN627",11,7,2019-02-02 19:14:34,40.69498,-70.87768,14.83
"EN627",11,8,2019-02-02 19:14:42,40.69498,-70.87764,14.728
"EN627",11,9,2019-02-02 19:16:51,40.69504,-70.8769,2.423
"EN627",11,10,2019-02-02 19:16:58,40.69506,-70.87686,2.794
"EN627",11,11,2019-02-02 19:17:05,40.69506,-70.87684,2.491
"EN627",11,12,2019-02-02 19:17:12,40.69506,-70.8768,2.556
"EN627",12,1,2019-02-02 20:05:18,40.6977,-70.88093,61.745
"EN627",12,2,2019-02-02 20:05:26,40.69772,-70.88089,61.821
"EN627",12,3,2019-02-02 20:07:22,40.69784,-70.8802,45.436
"EN627",12,4,2019-02-02 20:07:30,40.69784,-70.88018,45.488
"EN627",12,5,2019-02-02 20:09:21,40.69792,-70.87955,30.546
"EN627",12,6,2019-02-02 20:09:27,40.69794,-70.8795,29.856
"EN627",12,7,2019-02-02 20:11:19,40.69802,-70.87882,15.496
"EN627",12,8,2019-02-02 20:11:25,40.69804,-70.87878,15.248
"EN627",12,9,2019-02-02 20:13:23,40.6981,-70.8781,3.139
"EN627",12,10,2019-02-02 20:13:29,40.6981,-70.87806,3.304
"EN627",12,11,2019-02-02 20:13:36,40.6981,-70.87802,2.909
"EN627",12,12,2019-02-02 20:13:43,40.6981,-70.87796,3.312
"EN627",13,1,2019-02-02 23:31:34,40.50756,-70.8796,74.547
"EN627",13,2,2019-02-02 23:31:46,40.5075,-70.87958,74.652
"EN627",13,3,2019-02-02 23:34:22,40.50694,-70.87928,45.188
"EN627",13,4,2019-02-02 23:34:29,40.5069,-70.87924,45.404
"EN627",13,5,2019-02-02 23:36:51,40.50638,-70.87874,29.568
"EN627",13,6,2019-02-02 23:37:00,40.50635,-70.8787,29.292
"EN627",13,7,2019-02-02 23:39:03,40.50576,-70.87808,15.557
"EN627",13,8,2019-02-02 23:39:11,40.50571,-70.87804,15.493
"EN627",13,9,2019-02-02 23:40:37,40.5054,-70.8776,3.8
"EN627",13,10,2019-02-02 23:40:43,40.5054,-70.87756,3.948
"EN627",13,11,2019-02-02 23:40:49,40.50537,-70.87752,4.109
"EN627",13,12,2019-02-02 23:40:55,40.50536,-70.87749,4.148
"EN627",14,1,2019-02-03 06:20:58,40.35127,-70.76679,5.83
"EN627",14,2,2019-02-03 06:21:05,40.35122,-70.76683,5.566
"EN627",14,3,2019-02-03 06:21:12,40.35117,-70.76686,5.27
"EN627",15,1,2019-02-03 08:27:15,40.36106,-70.99762,4.342
"EN627",15,2,2019-02-03 08:27:22,40.36105,-70.99765,4.528
"EN627",15,3,2019-02-03 08:27:29,40.36105,-70.99766,4.534
"EN627",15,4,2019-02-03 08:27:37,40.36103,-70.99766,5.019
"EN627",16,1,2019-02-03 10:52:15,40.36266,-70.8884,88.811
"EN627",16,2,2019-02-03 10:52:22,40.36264,-70.88844,89.141
"EN627",16,3,2019-02-03 10:54:37,40.36274,-70.88896,71.85
"EN627",16,4,2019-02-03 10:56:47,40.36296,-70.88958,60.169
"EN627",16,5,2019-02-03 10:56:54,40.36297,-70.88962,60.382
"EN627",16,6,2019-02-03 10:59:04,40.36319,-70.89021,43.679
"EN627",16,7,2019-02-03 10:59:11,40.3632,-70.89024,43.406
"EN627",16,8,2019-02-03 10:59:18,40.36322,-70.89028,43.049
"EN627",16,9,2019-02-03 11:02:01,40.36344,-70.89102,15.474
"EN627",16,10,2019-02-03 11:04:06,40.3637,-70.8916,5.591
"EN627",16,11,2019-02-03 11:04:13,40.3637,-70.89163,5.491
"EN627",16,12,2019-02-03 11:04:19,40.36372,-70.89166,5.582
"EN627",17,1,2019-02-03 13:58:27,40.2287,-70.8858,121.803
"EN627",17,2,2019-02-03 13:58:54,40.22874,-70.88571,121.783
"EN627",17,3,2019-02-03 14:02:24,40.22894,-70.885,84.887
"EN627",17,4,2019-02-03 14:05:26,40.22898,-70.8844,64.462
"EN627",17,5,2019-02-03 14:05:35,40.22896,-70.88436,65.088
"EN627",17,6,2019-02-03 14:08:21,40.22884,-70.88386,51.606
"EN627",17,7,2019-02-03 14:08:28,40.22886,-70.88384,51.591
"EN627",17,8,2019-02-03 14:10:26,40.22884,-70.8835,45.592
"EN627",17,9,2019-02-03 14:13:11,40.22886,-70.88298,20.446
"EN627",17,10,2019-02-03 14:15:25,40.22882,-70.88262,4.85
"EN627",17,11,2019-02-03 14:15:46,40.22882,-70.88257,4.834
"EN627",17,12,2019-02-03 14:15:54,40.22882,-70.88254,4.874
"EN627",18,1,2019-02-03 17:00:59,40.1348,-70.76734,130.203
"EN627",18,2,2019-02-03 17:01:11,40.1348,-70.76732,129.881
"EN627",18,3,2019-02-03 17:05:19,40.1347,-70.76698,69.799
"EN627",18,4,2019-02-03 17:05:31,40.1347,-70.76696,70.122
"EN627",18,5,2019-02-03 17:07:51,40.13468,-70.76686,55.123
"EN627",18,6,2019-02-03 17:07:58,40.13468,-70.76686,55.064
"EN627",18,7,2019-02-03 17:10:21,40.13474,-70.76676,30.177
"EN627",18,8,2019-02-03 17:10:28,40.13474,-70.76676,30.174
"EN627",18,9,2019-02-03 17:13:13,40.1348,-70.76658,2.488
"EN627",18,10,2019-02-03 17:13:20,40.1348,-70.76656,2.324
"EN627",18,11,2019-02-03 17:13:28,40.1348,-70.76654,2.001
"EN627",18,12,2019-02-03 17:13:35,40.13482,-70.76654,2.436
"EN627",19,1,2019-02-03 17:53:41,40.135,-70.76322,128.601
"EN627",19,2,2019-02-03 17:55:57,40.13492,-70.76312,114.651
"EN627",19,3,2019-02-03 17:58:19,40.13492,-70.763,94.988
"EN627",19,4,2019-02-03 18:00:28,40.13492,-70.76289,74.971
"EN627",19,5,2019-02-03 18:02:36,40.13494,-70.76274,55.103
"EN627",19,6,2019-02-03 18:05:22,40.13496,-70.76252,40.09
"EN627",19,7,2019-02-03 18:07:29,40.13492,-70.76234,19.655
"EN627",19,8,2019-02-03 18:07:36,40.13492,-70.76232,20.153
"EN627",19,9,2019-02-03 18:09:45,40.1349,-70.76216,2.964
"EN627",19,10,2019-02-03 18:09:53,40.1349,-70.76216,2.918
"EN627",19,11,2019-02-03 18:10:01,40.1349,-70.76216,2.393
"EN627",19,12,2019-02-03 18:10:10,40.1349,-70.76214,2.729
"EN627",20,1,2019-02-03 21:55:21,40.10042,-70.77104,34.693
"EN627",20,2,2019-02-03 21:55:33,40.10044,-70.77104,34.848
"EN627",20,3,2019-02-03 21:55:47,40.10048,-70.77102,34.804
"EN627",20,4,2019-02-03 21:58:30,40.10084,-70.77092,2.399
"EN627",20,5,2019-02-03 21:58:36,40.10086,-70.77092,2.543
"EN627",20,6,2019-02-03 21:58:42,40.10087,-70.77092,2.539
"EN627",21,1,2019-02-03 23:41:04,40.09954,-70.98866,49.966
"EN627",21,2,2019-02-03 23:41:14,40.09956,-70.98862,49.978
"EN627",21,3,2019-02-03 23:41:22,40.09958,-70.9886,50.005
"EN627",21,4,2019-02-03 23:45:18,40.09984,-70.98784,1.584
"EN627",21,5,2019-02-03 23:45:26,40.09986,-70.98782,1.662
"EN627",21,6,2019-02-03 23:45:34,40.09988,-70.9878,1.627
"EN627",22,1,2019-02-04 02:00:27,40.09769,-70.88388,144.213
"EN627",22,2,2019-02-04 02:00:34,40.0977,-70.88386,144.244
"EN627",22,3,2019-02-04 02:03:47,40.09782,-70.88318,111.446
"EN627",22,4,2019-02-04 02:06:21,40.09788,-70.8826,80.249
"EN627",22,5,2019-02-04 02:08:37,40.0979,-70.88206,60.363
"EN627",22,6,2019-02-04 02:10:42,40.09788,-70.88158,45.314
"EN627",22,7,2019-02-04 02:13:04,40.09794,-70.88101,25.334
"EN627",22,8,2019-02-04 02:13:12,40.09794,-70.88097,25.38
"EN627",22,9,2019-02-04 02:14:58,40.09792,-70.88055,15.16
"EN627",22,10,2019-02-04 02:16:56,40.09798,-70.88004,2.469
"EN627",22,11,2019-02-04 02:17:03,40.09796,-70.88002,2.544
"EN627",22,12,2019-02-04 02:17:10,40.09798,-70.87998,2.728
"EN627",23,1,2019-02-04 06:02:28,39.93356,-70.88192,24.851
"EN627",23,2,2019-02-04 06:02:35,39.93354,-70.88192,24.67
"EN627",23,3,2019-02-04 06:02:43,39.93352,-70.88192,24.798
"EN627",23,4,2019-02-04 06:04:49,39.93342,-70.88172,14.949
"EN627",23,5,2019-02-04 06:04:57,39.93342,-70.8817,15.003
"EN627",23,6,2019-02-04 06:05:05,39.93342,-70.8817,14.893
"EN627",23,7,2019-02-04 06:07:03,39.93333,-70.88152,5.164
"EN627",23,8,2019-02-04 06:07:10,39.93332,-70.8815,4.917
"EN627",23,9,2019-02-04 06:07:18,39.93332,-70.8815,5.003
"EN627",23,10,2019-02-04 06:07:26,39.9333,-70.88148,5.011
"EN627",23,11,2019-02-04 06:07:33,39.9333,-70.88148,5.004
"EN627",23,12,2019-02-04 06:07:40,39.9333,-70.88146,5.075
"EN627",24,1,2019-02-04 06:53:23,39.93892,-70.88402,441.78
"EN627",24,2,2019-02-04 06:57:19,39.9387,-70.88426,345.37
"EN627",24,3,2019-02-04 07:02:15,39.9385,-70.88456,164.804
"EN627",24,4,2019-02-04 07:07:53,39.93826,-70.885,128.886
"EN627",24,5,2019-02-04 07:11:42,39.93818,-70.8853,69.723
"EN627",24,6,2019-02-04 07:15:12,39.93811,-70.88558,19.847
"EN627",24,7,2019-02-04 07:15:20,39.93812,-70.88557,19.895
"EN627",24,8,2019-02-04 07:17:19,39.93808,-70.88574,13.001
"EN627",24,9,2019-02-04 07:19:19,39.93808,-70.88586,4.903
"EN627",24,10,2019-02-04 07:19:28,39.93808,-70.88588,4.851
"EN627",24,11,2019-02-04 07:19:37,39.93808,-70.88589,4.842
"EN627",24,12,2019-02-04 07:19:47,39.93808,-70.8859,4.831
"EN627",25,1,2019-02-04 11:59:30,39.77662,-70.88952,50.116
"EN627",25,2,2019-02-04 11:59:40,39.77664,-70.88956,50.066
"EN627",25,3,2019-02-04 11:59:48,39.77666,-70.88959,50.133
"EN627",25,4,2019-02-04 11:59:57,39.77666,-70.88964,50.055
"EN627",25,5,2019-02-04 12:02:10,39.77671,-70.89024,29.842
"EN627",25,6,2019-02-04 12:02:19,39.77672,-70.89027,29.809
"EN627",25,7,2019-02-04 12:02:26,39.77674,-70.8903,29.785
"EN627",25,8,2019-02-04 12:02:34,39.77674,-70.89034,29.995
"EN627",25,9,2019-02-04 12:05:04,39.7767,-70.89096,4.741
"EN627",25,10,2019-02-04 12:05:13,39.7767,-70.891,5.025
"EN627",25,11,2019-02-04 12:05:23,39.7767,-70.89104,4.976
"EN627",25,12,2019-02-04 12:05:30,39.77672,-70.89107,5.057
"EN627",26,1,2019-02-04 13:01:18,39.77704,-70.88613,499.769
"EN627",26,2,2019-02-04 13:01:28,39.7771,-70.88618,499.752
"EN627",26,3,2019-02-04 13:09:04,39.77784,-70.88802,181.467
"EN627",26,4,2019-02-04 13:12:05,39.7781,-70.88885,130.562
"EN627",26,5,2019-02-04 13:14:28,39.77824,-70.88948,110.743
"EN627",26,6,2019-02-04 13:17:35,39.7783,-70.89032,55.157
"EN627",26,7,2019-02-04 13:20:36,39.77826,-70.89104,29.961
"EN627",26,8,2019-02-04 13:20:46,39.77826,-70.89108,29.907
"EN627",26,9,2019-02-04 13:22:59,39.77824,-70.89155,13.128
"EN627",26,10,2019-02-04 13:23:08,39.77822,-70.89158,13.249
"EN627",26,11,2019-02-04 13:25:03,39.77818,-70.89198,5.097
"EN627",26,12,2019-02-04 13:25:10,39.77818,-70.892,4.991
"EN627",27,1,2019-02-04 15:51:43,39.77314,-70.7754,24.059
"EN627",27,2,2019-02-04 15:51:52,39.77314,-70.7754,24.069
"EN627",27,3,2019-02-04 15:53:55,39.77308,-70.77542,13.957
"EN627",27,4,2019-02-04 15:54:03,39.77308,-70.77542,14.081
"EN627",27,5,2019-02-04 15:56:09,39.77302,-70.77542,5.016
"EN627",27,6,2019-02-04 15:56:17,39.77302,-70.77542,5.049
"EN627",28,1,2019-02-04 17:41:12,39.77725,-70.99254,35.25
"EN627",28,2,2019-02-04 17:44:00,39.77764,-70.99296,10.062
"EN627",28,3,2019-02-04 17:45:49,39.77788,-70.99316,4.94
"EN627",28,4,2019-02-04 17:45:56,39.77788,-70.99318,5.037
"EN627",28,5,2019-02-04 17:46:02,39.7779,-70.9932,5.082
"EN627",28,6,2019-02-04 17:46:09,39.77792,-70.9932,4.904
"EN627",28,7,2019-02-04 17:46:15,39.77792,-70.99322,4.972
"EN627",28,8,2019-02-04 17:46:22,39.77794,-70.99324,4.908
"EN627",28,9,2019-02-04 17:46:28,39.77796,-70.99324,5.033
"EN627",28,10,2019-02-04 17:46:35,39.77798,-70.99326,4.993
"EN627",28,11,2019-02-04 17:46:42,39.778,-70.99328,4.798
"EN627",28,12,2019-02-04 17:46:49,39.77802,-70.99331,5.031
"EN627",29,1,2019-02-05 02:55:36,39.77622,-70.52266,500.183
"EN627",29,2,2019-02-05 03:03:25,39.77718,-70.52334,250.682
"EN627",29,3,2019-02-05 03:07:11,39.77762,-70.52372,149.467
"EN627",29,4,2019-02-05 03:07:20,39.77764,-70.52374,149.751
"EN627",29,5,2019-02-05 03:10:31,39.77788,-70.5241,100.364
"EN627",29,6,2019-02-05 03:13:23,39.77814,-70.52447,70.188
"EN627",29,7,2019-02-05 03:13:31,39.77816,-70.52448,70.314
"EN627",29,8,2019-02-05 03:16:09,39.77838,-70.52482,40.126
"EN627",29,9,2019-02-05 03:18:07,39.77854,-70.5251,20.329
"EN627",29,10,2019-02-05 03:20:08,39.77868,-70.5254,1.827
"EN627",29,11,2019-02-05 03:20:15,39.77868,-70.52542,1.644
"EN627",29,12,2019-02-05 03:20:22,39.7787,-70.52544,1.829
"EN627",30,1,2019-02-05 06:39:23,39.77892,-70.88596,4.78
"EN627",30,2,2019-02-05 06:39:29,39.77894,-70.88596,4.718
"EN627",30,3,2019-02-05 06:39:37,39.77896,-70.88598,5.188
"EN627",30,4,2019-02-05 06:39:43,39.77897,-70.88598,4.881
"EN627",30,5,2019-02-05 06:39:50,39.77898,-70.88598,5.045
"EN627",30,6,2019-02-05 06:39:56,39.779,-70.88598,4.855
"EN627",31,1,2019-02-05 07:50:19,39.86272,-70.88267,5.155
"EN627",32,1,2019-02-05 08:55:48,39.94612,-70.88096,5.196
"EN627",33,1,2019-02-05 10:06:39,39.94046,-70.77374,4.928
"EN627",34,1,2019-02-05 11:49:09,40.02281,-70.8792,5.146
"EN627",35,1,2019-02-05 12:44:03,40.10335,-70.8877,4.708
"EN627",36,1,2019-02-05 13:47:37,40.16816,-70.88301,5.447
"EN627",37,1,2019-02-05 14:50:08,40.23103,-70.8839,4.731
"EN627",37,2,2019-02-05 14:50:17,40.23107,-70.8839,5.058
"EN627",37,3,2019-02-05 14:50:27,40.23112,-70.88388,4.809
"EN627",38,1,2019-02-05 16:09:28,40.36462,-70.88888,5.871
"EN627",38,2,2019-02-05 16:09:36,40.36462,-70.88888,6.102
"EN627",38,3,2019-02-05 16:09:44,40.36464,-70.88889,6.625
"EN627",39,1,2019-02-05 17:18:11,40.36499,-70.77964,87.311
"EN627",39,2,2019-02-05 17:20:59,40.36508,-70.78004,54.855
"EN627",39,3,2019-02-05 17:24:22,40.36524,-70.78044,3.165
"EN627",39,4,2019-02-05 17:24:29,40.36525,-70.78044,2.665
"EN627",40,1,2019-02-05 19:08:25,40.51334,-70.88531,69.363
"EN627",40,2,2019-02-05 19:11:58,40.51336,-70.88572,15.529
"EN627",40,3,2019-02-05 19:13:59,40.51344,-70.88582,3.035
"EN627",40,4,2019-02-05 19:14:12,40.51343,-70.88582,2.551
"EN627",41,1,2019-02-05 21:24:58,40.693,-70.87644,2.23
"EN627",41,2,2019-02-05 21:25:06,40.69297,-70.87642,1.896
"EN627",42,1,2019-02-05 22:58:43,40.85919,-70.88453,1.672
"EN627",42,2,2019-02-05 22:58:52,40.85914,-70.88454,1.56
"EN627",43,1,2019-02-06 00:27:22,41.02772,-70.88425,2.143
"EN627",43,2,2019-02-06 00:27:32,41.02769,-70.88424,2.156
"EN627",44,1,2019-02-06 01:47:07,41.19505,-70.88275,3.581
"EN627",44,2,2019-02-06 01:47:16,41.19504,-70.88274,3.047
"EN627",45,1,2019-02-06 04:26:37,41.31986,-70.57276,14.571
"EN627",45,2,2019-02-06 04:26:44,41.31984,-70.57277,13.729
"EN627",45,3,2019-02-06 04:26:51,41.31981,-70.57278,14.604
"EN627",45,4,2019-02-06 04:26:58,41.31982,-70.5728,15.062
"EN627",45,5,2019-02-06 04:28:43,41.31958,-70.57292,8.682
"EN627",45,6,2019-02-06 04:28:50,41.31954,-70.57292,7.927
"EN627",45,7,2019-02-06 04:28:57,41.31953,-70.57294,8.547
"EN627",45,8,2019-02-06 04:29:03,41.31952,-70.57295,9.055
"EN627",45,9,2019-02-06 04:30:46,41.3193,-70.5731,2.008
"EN627",45,10,2019-02-06 04:30:57,41.31926,-70.5731,2.571
"EN627",45,11,2019-02-06 04:31:05,41.31926,-70.57312,2.139
"EN627",45,12,2019-02-06 04:31:16,41.31923,-70.57312,2.502
"EN644",1,1,2019-08-20 19:10:32,41.19684,-70.87932,17.847
"EN644",1,2,2019-08-20 19:10:41,41.19684,-70.87928,17.968
"EN644",1,3,2019-08-20 19:10:50,41.19684,-70.87924,17.911
"EN644",1,4,2019-08-20 19:10:58,41.19684,-70.87922,17.702
"EN644",1,5,2019-08-20 19:11:06,41.19684,-70.87918,17.541
"EN644",1,6,2019-08-20 19:13:07,41.19688,-70.8787,12.637
"EN644",1,7,2019-08-20 19:13:15,41.19688,-70.87866,12.713
"EN644",1,8,2019-08-20 19:13:23,41.19688,-70.87863,12.695
"EN644",1,9,2019-08-20 19:13:30,41.1969,-70.8786,12.569
"EN644",1,10,2019-08-20 19:13:39,41.1969,-70.87857,12.5
"EN644",1,11,2019-08-20 19:15:37,41.1969,-70.87812,6.846
"EN644",1,12,2019-08-20 19:15:48,41.1969,-70.87808,6.879
"EN644",1,13,2019-08-20 19:15:54,41.1969,-70.87805,6.737
"EN644",1,14,2019-08-20 19:16:01,41.1969,-70.87802,6.962
"EN644",1,15,2019-08-20 19:16:08,41.1969,-70.878,6.981
"EN644",1,16,2019-08-20 19:17:48,41.19686,-70.87768,2.439
"EN644",1,17,2019-08-20 19:17:59,41.19684,-70.87764,2.188
"EN644",1,18,2019-08-20 19:18:11,41.19684,-70.87761,2.302
"EN644",1,19,2019-08-20 19:18:18,41.19685,-70.8776,2.376
"EN644",1,20,2019-08-20 19:18:23,41.19684,-70.87758,2.475
"EN644",1,21,2019-08-20 19:18:27,41.19684,-70.87758,2.334
"EN644",1,22,2019-08-20 19:18:33,41.19684,-70.87756,2.482
"EN644",1,23,2019-08-20 19:18:41,41.19682,-70.87754,2.179
"EN644",1,24,2019-08-20 19:18:52,41.19682,-70.8775,2.235
"EN644",2,1,2019-08-21 00:39:50,41.02418,-70.87188,42.803
"EN644",2,2,2019-08-21 00:40:04,41.02418,-70.87186,42.85
"EN644",2,3,2019-08-21 00:42:17,41.02406,-70.87178,25.178
"EN644",2,4,2019-08-21 00:42:24,41.02408,-70.87178,25.281
"EN644",2,5,2019-08-21 00:42:30,41.02407,-70.87178,25.054
"EN644",2,6,2019-08-21 00:42:39,41.02406,-70.87178,24.997
"EN644",2,7,2019-08-21 00:44:08,41.02398,-70.87172,18.014
"EN644",2,8,2019-08-21 00:44:15,41.02398,-70.87172,17.806
"EN644",2,9,2019-08-21 00:44:24,41.02398,-70.87172,18.043
"EN644",2,10,2019-08-21 00:44:32,41.02398,-70.87172,17.928
"EN644",2,11,2019-08-21 00:46:07,41.02388,-70.87164,9.835
"EN644",2,12,2019-08-21 00:46:14,41.02386,-70.87162,10.091
"EN644",2,13,2019-08-21 00:46:24,41.02384,-70.87162,9.998
"EN644",2,14,2019-08-21 00:48:09,41.0237,-70.87156,1.708
"EN644",2,15,2019-08-21 00:48:17,41.0237,-70.87155,1.582
"EN644",2,16,2019-08-21 00:48:24,41.0237,-70.87154,1.621
"EN644",2,17,2019-08-21 00:48:30,41.02368,-70.87154,1.79
"EN644",2,18,2019-08-21 00:48:36,41.02368,-70.87154,1.666
"EN644",2,19,2019-08-21 00:48:42,41.02368,-70.87152,1.667
"EN644",2,20,2019-08-21 00:48:49,41.02367,-70.87152,2.015
"EN644",2,21,2019-08-21 00:48:55,41.02366,-70.87152,1.679
"EN644",2,22,2019-08-21 00:49:02,41.02366,-70.87152,1.833
"EN644",2,23,2019-08-21 00:49:08,41.02364,-70.87152,1.874
"EN644",2,24,2019-08-21 00:49:15,41.02364,-70.8715,1.389
"EN644",3,1,2019-08-21 02:52:49,41.03098,-70.76746,42.832
"EN644",3,2,2019-08-21 02:52:56,41.03098,-70.76746,43.054
"EN644",4,1,2019-08-21 04:25:42,41.03046,-70.98899,38
"EN644",5,1,2019-08-21 07:42:33,40.86286,-70.88086,51.485
"EN644",5,2,2019-08-21 07:42:43,40.86288,-70.88082,51.669
"EN644",5,3,2019-08-21 07:42:51,40.86288,-70.8808,51.422
"EN644",5,4,2019-08-21 07:45:02,40.86294,-70.88044,40.923
"EN644",5,5,2019-08-21 07:45:10,40.86295,-70.8804,40.669
"EN644",5,6,2019-08-21 07:47:19,40.86304,-70.87998,30.224
"EN644",5,7,2019-08-21 07:47:28,40.86304,-70.87996,30.354
"EN644",5,8,2019-08-21 07:49:08,40.8631,-70.87966,19.939
"EN644",5,9,2019-08-21 07:49:15,40.86312,-70.87964,20.065
"EN644",5,10,2019-08-21 07:49:23,40.86312,-70.87962,20.256
"EN644",5,11,2019-08-21 07:51:25,40.86316,-70.87928,10.552
"EN644",5,12,2019-08-21 07:51:32,40.86316,-70.87926,10.702
"EN644",5,13,2019-08-21 07:51:40,40.86316,-70.87924,10.959
"EN644",5,14,2019-08-21 07:53:37,40.8632,-70.87892,2.679
"EN644",5,15,2019-08-21 07:53:45,40.86322,-70.8789,2.619
"EN644",5,16,2019-08-21 07:53:59,40.86322,-70.87886,2.725
"EN644",5,17,2019-08-21 07:54:07,40.86322,-70.87884,2.679
"EN644",5,18,2019-08-21 07:54:14,40.86322,-70.87883,2.748
"EN644",5,19,2019-08-21 07:54:21,40.86324,-70.8788,2.802
"EN644",5,20,2019-08-21 07:54:29,40.86322,-70.8788,2.698
"EN644",5,21,2019-08-21 07:54:35,40.86324,-70.87877,2.806
"EN644",5,22,2019-08-21 07:54:43,40.86324,-70.87876,2.794
"EN644",5,23,2019-08-21 07:54:51,40.86324,-70.87874,2.771
"EN644",5,24,2019-08-21 07:54:56,40.86326,-70.87872,2.672
"EN644",6,1,2019-08-21 10:37:34,41.03004,-70.88314,2.342
"EN644",7,1,2019-08-21 20:34:40,40.35732,-70.874,90.958
"EN644",7,2,2019-08-21 20:34:53,40.35728,-70.87395,90.899
"EN644",7,3,2019-08-21 20:38:55,40.35593,-70.8737,61.425
"EN644",7,4,2019-08-21 20:39:04,40.3559,-70.87372,61.607
"EN644",7,5,2019-08-21 20:41:05,40.35544,-70.87396,35.93
"EN644",7,6,2019-08-21 20:41:14,40.35541,-70.87396,35.733
"EN644",7,7,2019-08-21 20:42:48,40.35494,-70.87402,29.249
"EN644",7,8,2019-08-21 20:44:29,40.35454,-70.874,23.795
"EN644",7,9,2019-08-21 20:44:37,40.3545,-70.874,23.963
"EN644",7,10,2019-08-21 20:44:47,40.35446,-70.874,23.881
"EN644",7,11,2019-08-21 20:44:59,40.35442,-70.874,23.925
"EN644",7,12,2019-08-21 20:46:48,40.35402,-70.87402,18.102
"EN644",7,13,2019-08-21 20:46:57,40.35398,-70.874,18.225
"EN644",7,14,2019-08-21 20:47:54,40.35378,-70.87402,18.35
"EN644",7,15,2019-08-21 20:49:18,40.35347,-70.8741,11.562
"EN644",7,16,2019-08-21 20:49:27,40.35342,-70.87411,11.651
"EN644",7,17,2019-08-21 20:51:08,40.35278,-70.87436,2.251
"EN644",7,18,2019-08-21 20:51:15,40.35272,-70.87437,2.197
"EN644",7,19,2019-08-21 20:51:25,40.35264,-70.87438,2.114
"EN644",7,20,2019-08-21 20:51:34,40.35258,-70.8744,2.24
"EN644",7,21,2019-08-21 20:51:43,40.35251,-70.87442,2.28
"EN644",7,22,2019-08-21 20:51:51,40.35246,-70.87443,2.479
"EN644",7,23,2019-08-21 20:52:00,40.3524,-70.87444,2.341
"EN644",7,24,2019-08-21 20:52:08,40.35235,-70.87446,2.502
"EN644",8,1,2019-08-22 00:09:07,40.21738,-70.88526,126.11
"EN644",8,2,2019-08-22 00:09:22,40.21734,-70.88524,126.37
"EN644",8,3,2019-08-22 00:12:05,40.21676,-70.88488,80.55
"EN644",8,4,2019-08-22 00:12:17,40.2167,-70.88486,80.365
"EN644",8,5,2019-08-22 00:14:38,40.21605,-70.8849,60.803
"EN644",8,6,2019-08-22 00:14:46,40.21602,-70.8849,61.224
"EN644",8,7,2019-08-22 00:16:33,40.21564,-70.88498,40.099
"EN644",8,8,2019-08-22 00:16:42,40.21558,-70.88498,40.033
"EN644",8,9,2019-08-22 00:18:15,40.21507,-70.88516,29.532
"EN644",8,10,2019-08-22 00:18:24,40.21502,-70.88518,29.721
"EN644",8,11,2019-08-22 00:18:32,40.21499,-70.8852,29.99
"EN644",8,12,2019-08-22 00:20:04,40.21459,-70.8852,18.615
"EN644",8,13,2019-08-22 00:20:13,40.21456,-70.8852,18.459
"EN644",8,14,2019-08-22 00:20:23,40.21451,-70.88519,18.397
"EN644",8,15,2019-08-22 00:22:14,40.2142,-70.885,10.162
"EN644",8,16,2019-08-22 00:22:25,40.21419,-70.88497,10.237
"EN644",8,17,2019-08-22 00:24:10,40.21378,-70.8845,2.307
"EN644",8,18,2019-08-22 00:24:23,40.21371,-70.88444,2.174
"EN644",8,19,2019-08-22 00:24:31,40.21365,-70.88442,2.151
"EN644",8,20,2019-08-22 00:24:40,40.2136,-70.8844,2.32
"EN644",8,21,2019-08-22 00:25:03,40.21346,-70.88436,4.274
"EN644",9,1,2019-08-22 04:31:06,40.12238,-70.78142,126.479
"EN644",9,2,2019-08-22 04:33:38,40.12119,-70.78108,111.531
"EN644",9,3,2019-08-22 04:36:32,40.11993,-70.78068,90.104
"EN644",9,4,2019-08-22 04:39:02,40.11892,-70.78016,75.618
"EN644",9,5,2019-08-22 04:39:10,40.11886,-70.78012,75.493
"EN644",9,6,2019-08-22 04:39:18,40.11882,-70.78008,74.896
"EN644",9,7,2019-08-22 04:44:04,40.11696,-70.7797,49.629
"EN644",9,8,2019-08-22 04:44:10,40.1169,-70.77968,49.416
"EN644",9,9,2019-08-22 04:44:18,40.11685,-70.77968,49.515
"EN644",9,10,2019-08-22 04:44:26,40.11679,-70.77968,49.482
"EN644",9,11,2019-08-22 04:44:37,40.1167,-70.77968,50.074
"EN644",9,12,2019-08-22 04:46:56,40.11583,-70.77923,31.708
"EN644",9,13,2019-08-22 04:47:04,40.11576,-70.77922,31.26
"EN644",9,14,2019-08-22 04:50:15,40.11458,-70.77882,15.106
"EN644",9,15,2019-08-22 04:50:22,40.11455,-70.7788,15.133
"EN644",9,16,2019-08-22 04:50:31,40.1145,-70.77878,15.241
"EN644",9,17,2019-08-22 04:52:18,40.11408,-70.77833,4.641
"EN644",9,18,2019-08-22 04:52:25,40.11408,-70.7783,4.688
"EN644",9,19,2019-08-22 04:52:35,40.11402,-70.7782,3.809
"EN644",9,20,2019-08-22 04:52:43,40.114,-70.77814,4.732
"EN644",9,21,2019-08-22 04:52:49,40.114,-70.7781,4.466
"EN644",9,22,2019-08-22 04:52:56,40.11398,-70.77806,4.322
"EN644",9,23,2019-08-22 04:53:03,40.11396,-70.77802,4.676
"EN644",9,24,2019-08-22 04:53:11,40.11392,-70.77796,4.221
"EN644",10,1,2019-08-22 09:16:26,40.09882,-70.76785,4.177
"EN644",11,1,2019-08-22 10:52:53,40.0951,-70.99128,4.257
"EN644",12,1,2019-08-22 13:04:34,40.09197,-70.88889,145.776
"EN644",12,2,2019-08-22 13:04:42,40.09194,-70.88892,146.016
"EN644",12,3,2019-08-22 13:07:24,40.09159,-70.88936,110.57
"EN644",12,4,2019-08-22 13:07:32,40.09158,-70.88938,111.007
"EN644",12,5,2019-08-22 13:09:51,40.09128,-70.88948,85.603
"EN644",12,6,2019-08-22 13:09:59,40.09126,-70.88948,85.35
"EN644",12,7,2019-08-22 13:12:35,40.09092,-70.89016,59.661
"EN644",12,8,2019-08-22 13:12:44,40.09088,-70.89022,59.475
"EN644",12,9,2019-08-22 13:15:15,40.09044,-70.89137,45.818
"EN644",12,10,2019-08-22 13:15:22,40.09042,-70.89142,45.734
"EN644",12,11,2019-08-22 13:15:32,40.0904,-70.89148,45.828
"EN644",12,12,2019-08-22 13:17:56,40.09016,-70.89216,29.516
"EN644",12,13,2019-08-22 13:18:05,40.09016,-70.8922,30.194
"EN644",12,14,2019-08-22 13:18:11,40.09015,-70.89224,30.13
"EN644",12,15,2019-08-22 13:21:36,40.08952,-70.89354,20.383
"EN644",12,16,2019-08-22 13:23:13,40.08902,-70.8945,10.907
"EN644",12,17,2019-08-22 13:25:16,40.08858,-70.8955,2.237
"EN644",12,18,2019-08-22 13:25:24,40.08856,-70.89554,2.429
"EN644",12,19,2019-08-22 13:25:32,40.08854,-70.89559,2.527
"EN644",12,20,2019-08-22 13:25:39,40.08854,-70.89564,2.002
"EN644",12,21,2019-08-22 13:25:48,40.08852,-70.89569,2.34
"EN644",13,1,2019-08-22 17:07:47,39.93626,-70.88588,444.527
"EN644",13,2,2019-08-22 17:12:00,39.93588,-70.88566,300.369
"EN644",13,3,2019-08-22 17:15:39,39.93554,-70.88542,200.321
"EN644",13,4,2019-08-22 17:16:08,39.93546,-70.8854,200.661
"EN644",13,5,2019-08-22 17:19:48,39.9351,-70.8853,100.464
"EN644",13,6,2019-08-22 17:19:56,39.93508,-70.88528,100.082
"EN644",13,7,2019-08-22 17:20:03,39.93508,-70.88526,100.033
"EN644",13,8,2019-08-22 17:22:41,39.93478,-70.88518,53.518
"EN644",13,9,2019-08-22 17:22:48,39.93476,-70.88518,53.503
"EN644",13,10,2019-08-22 17:22:56,39.93476,-70.88518,53.579
"EN644",13,11,2019-08-22 17:23:04,39.93474,-70.88519,53.063
"EN644",13,12,2019-08-22 17:25:06,39.93454,-70.88514,26.805
"EN644",13,13,2019-08-22 17:25:14,39.93452,-70.88512,27.054
"EN644",13,14,2019-08-22 17:26:51,39.93434,-70.885,15.374
"EN644",13,15,2019-08-22 17:26:59,39.93432,-70.88498,15.391
"EN644",13,16,2019-08-22 17:27:06,39.9343,-70.88498,15.627
"EN644",13,17,2019-08-22 17:28:50,39.93418,-70.88492,2.729
"EN644",13,18,2019-08-22 17:28:58,39.93416,-70.88492,2.977
"EN644",13,19,2019-08-22 17:29:11,39.93416,-70.88492,2.933
"EN644",13,20,2019-08-22 17:29:20,39.93416,-70.88491,2.994
"EN644",13,21,2019-08-22 17:29:31,39.93416,-70.8849,2.826
"EN644",13,22,2019-08-22 17:29:40,39.93416,-70.8849,2.834
"EN644",13,23,2019-08-22 17:29:48,39.93416,-70.8849,2.961
"EN644",13,24,2019-08-22 17:29:56,39.93414,-70.88488,3.053
"EN644",14,1,2019-08-22 19:54:19,39.92952,-70.77078,49.313
"EN644",14,2,2019-08-22 19:54:28,39.92948,-70.77072,49.833
"EN644",14,3,2019-08-22 19:56:49,39.92906,-70.77025,26.148
"EN644",14,4,2019-08-22 19:56:58,39.92901,-70.77023,26.14
"EN644",14,5,2019-08-22 19:59:03,39.92861,-70.76985,2.349
"EN644",14,6,2019-08-22 19:59:10,39.92858,-70.76982,2.597
"EN644",15,1,2019-08-22 22:14:34,39.76815,-70.77274,19.25
"EN644",15,2,2019-08-22 22:14:41,39.76812,-70.77272,19.013
"EN644",15,3,2019-08-22 22:16:52,39.76776,-70.7726,4.57
"EN644",15,4,2019-08-22 22:17:02,39.76772,-70.7726,4.721
"EN644",16,1,2019-08-23 00:00:37,39.7703,-70.98534,19.702
"EN644",16,2,2019-08-23 00:00:45,39.77028,-70.98533,19.478
"EN644",16,3,2019-08-23 00:02:57,39.76998,-70.98504,2.625
"EN644",16,4,2019-08-23 00:03:06,39.76996,-70.98502,2.652
"EN644",17,1,2019-08-23 01:33:43,39.76221,-70.87898,501.479
"EN644",17,2,2019-08-23 01:39:10,39.76102,-70.87866,349.933
"EN644",17,3,2019-08-23 01:43:58,39.76006,-70.87814,200.67
"EN644",17,4,2019-08-23 01:47:27,39.75923,-70.87786,90.155
"EN644",17,5,2019-08-23 01:49:12,39.7588,-70.87768,70.203
"EN644",17,6,2019-08-23 01:49:19,39.75876,-70.87768,70.292
"EN644",17,7,2019-08-23 01:49:26,39.75874,-70.87766,70.537
"EN644",17,8,2019-08-23 01:50:59,39.75834,-70.87754,52.305
"EN644",17,9,2019-08-23 01:51:06,39.75832,-70.87754,52.341
"EN644",17,10,2019-08-23 01:51:13,39.75828,-70.87754,52.769
"EN644",17,11,2019-08-23 01:51:24,39.75824,-70.87752,52.191
"EN644",17,12,2019-08-23 01:51:32,39.75821,-70.87752,51.982
"EN644",17,13,2019-08-23 01:53:50,39.75778,-70.87726,20.129
"EN644",17,14,2019-08-23 01:53:57,39.75778,-70.87726,20.149
"EN644",17,15,2019-08-23 01:54:03,39.75776,-70.87722,20.057
"EN644",17,16,2019-08-23 01:54:14,39.75776,-70.87718,20.349
"EN644",17,17,2019-08-23 01:54:21,39.75775,-70.87716,20.052
"EN644",17,18,2019-08-23 01:56:03,39.75764,-70.87664,2.325
"EN644",17,19,2019-08-23 01:56:11,39.75762,-70.87659,2.743
"EN644",17,20,2019-08-23 01:56:17,39.7576,-70.87654,2.816
"EN644",17,21,2019-08-23 01:56:24,39.7576,-70.87652,2.54
"EN644",17,22,2019-08-23 01:56:31,39.75759,-70.87648,2.565
"EN644",17,23,2019-08-23 01:56:39,39.75756,-70.87643,2.744
"EN644",17,24,2019-08-23 01:56:46,39.75754,-70.87641,2.594
"EN644",18,1,2019-08-23 15:53:03,40.10641,-70.88394,85.264
"EN644",18,2,2019-08-23 15:55:32,40.10696,-70.88438,46.129
"EN644",18,3,2019-08-23 15:55:39,40.10698,-70.8844,45.847
"EN644",18,4,2019-08-23 15:57:41,40.10742,-70.8845,20.05
"EN644",18,5,2019-08-23 15:59:47,40.10805,-70.8845,2.983
"EN644",18,6,2019-08-23 15:59:54,40.10809,-70.8845,2.689
"EN644",19,1,2019-08-23 22:00:15,40.36089,-70.77535,22.417
"EN644",19,2,2019-08-23 22:00:28,40.36086,-70.77536,22.39
"EN644",19,3,2019-08-23 22:02:08,40.36062,-70.77546,15.307
"EN644",19,4,2019-08-23 22:02:17,40.3606,-70.77547,15.128
"EN644",19,5,2019-08-23 22:04:04,40.36026,-70.77562,2.47
"EN644",19,6,2019-08-23 22:04:12,40.36024,-70.77562,2.493
"EN644",20,1,2019-08-23 23:24:13,40.3625,-70.99508,23.421
"EN644",20,2,2019-08-23 23:24:22,40.36253,-70.99512,23.413
"EN644",20,3,2019-08-23 23:25:54,40.36274,-70.99556,14.706
"EN644",20,4,2019-08-23 23:26:01,40.36274,-70.99557,14.622
"EN644",20,5,2019-08-23 23:27:36,40.36294,-70.99588,2.241
"EN644",20,6,2019-08-23 23:27:42,40.36296,-70.99592,2.291
"EN644",21,1,2019-08-24 01:35:30,40.37024,-70.87512,20.678
"EN644",21,2,2019-08-24 01:35:38,40.37027,-70.87512,20.678
"EN644",21,3,2019-08-24 01:38:04,40.37067,-70.87512,13.103
"EN644",21,4,2019-08-24 01:38:16,40.3707,-70.87512,13.121
"EN644",21,5,2019-08-24 01:40:05,40.37096,-70.87518,2.461
"EN644",21,6,2019-08-24 01:40:13,40.37098,-70.87518,2.378
"EN644",22,1,2019-08-24 02:58:07,40.51374,-70.8833,70.945
"EN644",22,2,2019-08-24 02:58:15,40.51376,-70.8833,71.123
"EN644",22,3,2019-08-24 03:00:47,40.51414,-70.8835,45.291
"EN644",22,4,2019-08-24 03:00:53,40.51416,-70.8835,45.311
"EN644",22,5,2019-08-24 03:01:00,40.51418,-70.88352,45.356
"EN644",22,6,2019-08-24 03:02:56,40.51447,-70.88372,30.382
"EN644",22,7,2019-08-24 03:03:05,40.51448,-70.88374,30.202
"EN644",22,8,2019-08-24 03:03:11,40.5145,-70.88375,30.137
"EN644",22,9,2019-08-24 03:04:45,40.51472,-70.88392,21.28
"EN644",22,10,2019-08-24 03:04:53,40.51474,-70.88392,21.245
"EN644",22,11,2019-08-24 03:04:59,40.51476,-70.88394,21.132
"EN644",22,12,2019-08-24 03:06:33,40.515,-70.88404,15.129
"EN644",22,13,2019-08-24 03:06:40,40.51502,-70.88404,15.118
"EN644",22,14,2019-08-24 03:08:01,40.51524,-70.88412,13.092
"EN644",22,15,2019-08-24 03:08:10,40.51528,-70.88414,13.38
"EN644",22,16,2019-08-24 03:08:18,40.5153,-70.88414,13.298
"EN644",22,17,2019-08-24 03:10:28,40.51574,-70.88434,2.194
"EN644",22,18,2019-08-24 03:10:41,40.51578,-70.88436,2.178
"EN644",22,19,2019-08-24 03:10:55,40.51582,-70.8844,2.124
"EN644",22,20,2019-08-24 03:11:08,40.51588,-70.88442,2.127
"EN644",22,21,2019-08-24 03:11:19,40.51591,-70.88444,1.919
"EN644",22,22,2019-08-24 03:11:30,40.51596,-70.88446,2.202
"EN644",22,23,2019-08-24 03:11:41,40.51598,-70.88448,2.09
"EN644",22,24,2019-08-24 03:11:53,40.51603,-70.8845,2.417
"EN644",23,1,2019-08-24 05:21:02,40.69754,-70.89788,61.78
"EN644",23,2,2019-08-24 05:21:10,40.69754,-70.89791,61.812
"EN644",23,3,2019-08-24 05:22:56,40.6976,-70.89837,49.843
"EN644",23,4,2019-08-24 05:25:57,40.69784,-70.89917,29.87
"EN644",23,5,2019-08-24 05:26:06,40.69784,-70.8992,30.254
"EN644",23,6,2019-08-24 05:26:14,40.69786,-70.89924,30.315
"EN644",23,7,2019-08-24 05:26:23,40.69788,-70.89927,30.053
"EN644",23,8,2019-08-24 05:28:17,40.69798,-70.89987,18.004
"EN644",23,9,2019-08-24 05:28:51,40.69798,-70.9,17.867
"EN644",23,10,2019-08-24 05:29:08,40.69798,-70.90008,17.688
"EN644",23,11,2019-08-24 05:29:20,40.69798,-70.90014,18.015
"EN644",23,12,2019-08-24 05:31:50,40.69797,-70.90083,11.904
"EN644",23,13,2019-08-24 05:31:58,40.69796,-70.90086,12.159
"EN644",23,14,2019-08-24 05:32:06,40.69796,-70.9009,12.138
"EN644",23,15,2019-08-24 05:32:13,40.69796,-70.90094,11.971
"EN644",23,16,2019-08-24 05:32:22,40.69796,-70.90099,11.841
"EN644",23,17,2019-08-24 05:34:11,40.69798,-70.90149,3.441
"EN644",23,18,2019-08-24 05:34:24,40.69798,-70.90155,3.481
"EN644",23,19,2019-08-24 05:34:35,40.69798,-70.90163,3.231
"EN644",23,20,2019-08-24 05:34:45,40.69798,-70.9017,3.336
"EN644",23,21,2019-08-24 05:34:54,40.698,-70.90172,3.316
"EN644",23,22,2019-08-24 05:35:02,40.698,-70.90177,3.227
"EN644",23,23,2019-08-24 05:35:11,40.698,-70.9018,3.341
"EN644",23,24,2019-08-24 05:35:18,40.69802,-70.90185,3.529
"EN644",24,1,2019-08-24 08:01:11,40.69702,-70.77694,16.077
"EN644",24,2,2019-08-24 08:01:18,40.69702,-70.77697,16.067
"EN644",24,3,2019-08-24 08:02:53,40.69712,-70.77736,3.152
"EN644",24,4,2019-08-24 08:03:02,40.69712,-70.77738,3.01
"EN644",25,1,2019-08-24 09:50:37,40.69812,-70.9961,14.14
"EN644",25,2,2019-08-24 09:50:46,40.69814,-70.99612,14.302
"EN644",25,3,2019-08-24 09:52:43,40.6984,-70.99634,3.558
"EN644",25,4,2019-08-24 09:52:52,40.69842,-70.99634,3.318
"EN644",26,1,2019-08-25 00:08:02,41.06009,-70.8811,24.219
"EN644",26,2,2019-08-25 00:08:33,41.06012,-70.88106,24.093
"EN644",26,3,2019-08-25 00:09:57,41.06016,-70.88105,11.238
"EN644",26,4,2019-08-25 00:10:07,41.0602,-70.88106,11.044
"EN644",27,1,2019-08-25 01:03:05,41.11566,-70.88388,34.233
"EN644",27,2,2019-08-25 01:03:13,41.11568,-70.88392,34.102
"EN644",27,3,2019-08-25 01:04:11,41.11584,-70.88406,30.375
"EN644",27,4,2019-08-25 01:04:22,41.11586,-70.88408,30.02
"EN644",27,5,2019-08-25 01:05:25,41.11604,-70.8842,24.393
"EN644",27,6,2019-08-25 01:05:35,41.11606,-70.88422,24.274
"EN644",27,7,2019-08-25 01:06:52,41.11626,-70.88434,18.315
"EN644",27,8,2019-08-25 01:07:01,41.1163,-70.88436,18.146
"EN644",27,9,2019-08-25 01:09:33,41.11686,-70.88474,3.021
"EN644",27,10,2019-08-25 01:09:41,41.11689,-70.88476,3.314
"EN644",28,1,2019-08-25 02:20:20,41.2003,-70.8842,9.677
"EN644",29,1,2019-08-25 04:26:07,41.3182,-70.58512,15.244
"EN644",29,2,2019-08-25 04:26:18,41.31823,-70.58519,15.218
"EN644",29,3,2019-08-25 04:26:25,41.31824,-70.58523,15.136
"EN644",29,4,2019-08-25 04:27:49,41.31846,-70.58567,6.644
"EN644",29,5,2019-08-25 04:27:56,41.31848,-70.5857,6.591
"EN644",29,6,2019-08-25 04:28:03,41.3185,-70.58574,6.916
"EN644",29,7,2019-08-25 04:29:19,41.31872,-70.58607,3.884
"EN644",29,8,2019-08-25 04:29:26,41.31874,-70.5861,3.694
"EN644",29,9,2019-08-25 04:29:34,41.31876,-70.58612,3.441
"AR22",1,1,2017-09-02 15:24:59,41.1298333333333,-70.8313333333333,27.7390517780828
"AR22",1,2,2017-09-02 15:27:23,41.1298333333333,-70.8313333333333,20.6999711663526
"AR22",1,3,2017-09-02 15:28:52,41.1298333333333,-70.8313333333333,12.6367266894428
"AR22",1,4,2017-09-02 15:30:00,41.1298333333333,-70.8313333333333,2.86952624031379
"AR22",2,1,2017-09-02 17:47:48,40.7963333333333,-70.8283333333333,50.7481206742467
"AR22",2,2,2017-09-02 17:49:24,40.7963333333333,-70.8283333333333,40.8336315037024
"AR22",2,3,2017-09-02 17:51:48,40.7963333333333,-70.8283333333333,33.9009417278983
"AR22",2,4,2017-09-02 17:54:11,40.7963333333333,-70.8283333333333,22.8555745995723
"AR22",2,5,2017-09-02 17:56:00,40.7963333333333,-70.8283333333333,12.7710593393928
"AR22",2,6,2017-09-02 17:57:29,40.7963333333333,-70.8283333333333,2.79321023498868
"AR22",3,1,2017-09-02 20:03:40,40.5008333333333,-70.8315,69.5389859039177
"AR22",3,2,2017-09-02 20:05:37,40.5008333333333,-70.8315,58.4069550078801
"AR22",3,3,2017-09-02 20:07:23,40.5008333333333,-70.8315,50.4121922981365
"AR22",3,4,2017-09-02 20:09:15,40.5008333333333,-70.8315,30.524622146829
"AR22",3,5,2017-09-02 20:11:53,40.5008333333333,-70.8315,22.3561302634268
"AR22",3,6,2017-09-02 20:13:48,40.5008333333333,-70.8315,2.53330815972205
"AR22",4,1,2017-09-02 21:06:41,40.42,-70.8281666666667,77.129859358522
"AR22",4,2,2017-09-02 21:08:50,40.42,-70.8281666666667,66.3572556128455
"AR22",4,3,2017-09-02 21:10:45,40.42,-70.8281666666667,50.3500640759157
"AR22",4,4,2017-09-02 21:12:23,40.42,-70.8281666666667,30.437537559696
"AR22",4,5,2017-09-02 21:13:59,40.42,-70.8281666666667,19.2844460514256
"AR22",4,6,2017-09-02 21:15:37,40.42,-70.8281666666667,2.11755774596993
"AR22",5,1,2017-09-02 22:20:18,40.3296666666667,-70.8293333333333,94.1454323392399
"AR22",5,2,2017-09-02 22:22:14,40.3296666666667,-70.8293333333333,70.1937782193896
"AR22",5,3,2017-09-02 22:24:44,40.3296666666667,-70.8293333333333,48.4109834796382
"AR22",5,4,2017-09-02 22:27:13,40.3296666666667,-70.8293333333333,38.4493294544489
"AR22",5,5,2017-09-02 22:28:42,40.3296666666667,-70.8293333333333,27.5198223114088
"AR22",5,6,2017-09-02 22:30:33,40.3296666666667,-70.8293333333333,2.58891623479985
"AR22",6,1,2017-09-02 23:31:56,40.2498333333333,-70.8303333333333,113.233561086989
"AR22",6,2,2017-09-02 23:34:14,40.2498333333333,-70.8303333333333,92.1723068520109
"AR22",6,3,2017-09-02 23:36:12,40.2498333333333,-70.8303333333333,69.5276798087705
"AR22",6,4,2017-09-02 23:38:21,40.2498333333333,-70.8303333333333,44.5540885168434
"AR22",6,5,2017-09-02 23:39:59,40.2498333333333,-70.8303333333333,31.3180602776253
"AR22",6,6,2017-09-02 23:41:44,40.2498333333333,-70.8303333333333,2.45795100391725
"AR22",7,1,2017-09-03 00:44:55,40.1706666666667,-70.8303333333333,127.153454207974
"AR22",7,2,2017-09-03 00:47:11,40.1706666666667,-70.8303333333333,102.228363603573
"AR22",7,3,2017-09-03 00:49:41,40.1706666666667,-70.8303333333333,67.3448084213193
"AR22",7,4,2017-09-03 00:51:33,40.1706666666667,-70.8303333333333,47.3957833431745
"AR22",7,5,2017-09-03 00:53:24,40.1706666666667,-70.8303333333333,33.393896797382
"AR22",7,6,2017-09-03 00:55:24,40.1706666666667,-70.8303333333333,2.48178416734607
"AR22",8,1,2017-09-03 02:02:04,40.0793333333333,-70.8293333333333,139.155894554827
"AR22",8,2,2017-09-03 02:02:14,40.0793333333333,-70.8293333333333,139.280843299534
"AR22",8,3,2017-09-03 02:05:21,40.0793333333333,-70.8293333333333,102.376004303971
"AR22",8,4,2017-09-03 02:07:40,40.0793333333333,-70.8293333333333,59.4796128047228
"AR22",8,5,2017-09-03 02:09:31,40.0793333333333,-70.8293333333333,36.272436329883
"AR22",8,6,2017-09-03 02:10:54,40.0793333333333,-70.8293333333333,25.2304444049161
"AR22",8,7,2017-09-03 02:12:40,40.0793333333333,-70.8293333333333,2.33593384114183
"AR22",9,1,2017-09-03 03:07:19,39.9995,-70.8298333333333,290.910709649448
"AR22",9,2,2017-09-03 03:09:41,39.9995,-70.8298333333333,251.456938779905
"AR22",9,3,2017-09-03 03:12:17,39.9995,-70.8298333333333,201.659911209377
"AR22",9,4,2017-09-03 03:15:00,39.9995,-70.8298333333333,151.790317137474
"AR22",9,5,2017-09-03 03:17:33,39.9995,-70.8298333333333,101.96711595126
"AR22",9,6,2017-09-03 03:19:16,39.9995,-70.8298333333333,76.9354093073444
"AR22",9,7,2017-09-03 03:20:50,39.9995,-70.8298333333333,52.1466807319065
"AR22",9,8,2017-09-03 03:22:19,39.9995,-70.8298333333333,27.2914493790812
"AR22",9,9,2017-09-03 03:24:19,39.9995,-70.8298333333333,2.24465669872222
"AR22",10,1,2017-09-03 04:25:47,39.922,-70.8281666666667,551.314523087118
"AR22",10,2,2017-09-03 04:28:00,39.922,-70.8281666666667,501.300505684724
"AR22",10,3,2017-09-03 04:31:16,39.922,-70.8281666666667,401.437170025294
"AR22",10,4,2017-09-03 04:34:19,39.922,-70.8281666666667,301.608673108065
"AR22",10,5,2017-09-03 04:37:17,39.922,-70.8281666666667,202.01524949917
"AR22",10,6,2017-09-03 04:40:28,39.922,-70.8281666666667,102.202902432836
"AR22",10,7,2017-09-03 04:43:28,39.922,-70.8281666666667,52.4714618178576
"AR22",10,8,2017-09-03 04:46:09,39.922,-70.8281666666667,2.56519623025972
"AR22",11,1,2017-09-03 07:33:09,40.3341666666667,-70.9495,85.5825586595262
"AR22",11,2,2017-09-03 07:34:49,40.3341666666667,-70.9495,68.2792428006705
"AR22",11,3,2017-09-03 07:36:02,40.3341666666667,-70.9495,53.4992441433595
"AR22",11,4,2017-09-03 07:37:28,40.3341666666667,-70.9495,42.479271708577
"AR22",11,5,2017-09-03 07:38:51,40.3341666666667,-70.9495,23.342713671219
"AR22",11,6,2017-09-03 07:40:21,40.3341666666667,-70.9495,3.57326987662722
"AR22",12,1,2017-09-03 08:44:31,40.3355,-71.068,83.444015616042
"AR22",12,2,2017-09-03 08:46:34,40.3355,-71.068,58.0933626157089
"AR22",12,3,2017-09-03 08:48:22,40.3355,-71.068,43.3473538582406
"AR22",12,4,2017-09-03 08:49:47,40.3355,-71.068,32.5857874765315
"AR22",12,5,2017-09-03 08:52:06,40.3355,-71.068,23.039099048058
"AR22",12,6,2017-09-03 08:53:43,40.3355,-71.068,3.35298082459357
"AR32",1,1,2018-11-12 16:30:12,41.19624,-70.88314,19.322
"AR32",1,2,2018-11-12 16:31:18,41.19624,-70.88314,19.238
"AR32",1,3,2018-11-12 16:32:56,41.19624,-70.88314,4.834
"AR32",1,4,2018-11-12 16:33:13,41.19624,-70.88314,4.793
"AR32",1,5,2018-11-12 16:34:05,41.19624,-70.88314,2.519
"AR32",1,6,2018-11-12 16:34:14,41.19624,-70.88314,2.475
"AR32",2,1,2018-11-12 19:27:47,40.86118,-70.8816,50.035
"AR32",2,2,2018-11-12 19:28:02,40.86118,-70.8816,50.032
"AR32",2,3,2018-11-12 19:30:11,40.86118,-70.88158,23.186
"AR32",2,4,2018-11-12 19:30:20,40.86118,-70.88158,23.203
"AR32",2,5,2018-11-12 19:31:38,40.86118,-70.8816,2.378
"AR32",2,6,2018-11-12 19:31:46,40.86118,-70.8816,2.391
"AR32",3,1,2018-11-12 22:29:02,40.51338,-70.883,72.298
"AR32",3,2,2018-11-12 22:29:16,40.51338,-70.88302,72.294
"AR32",3,3,2018-11-12 22:33:23,40.51322,-70.88358,34.608
"AR32",3,4,2018-11-12 22:33:34,40.51322,-70.8836,34.599
"AR32",3,5,2018-11-12 22:36:02,40.51312,-70.88396,1.829
"AR32",3,6,2018-11-12 22:36:09,40.51312,-70.88398,1.709
"AR32",4,1,2018-11-13 00:16:56,40.3637,-70.87768,87.463
"AR32",4,2,2018-11-13 00:17:48,40.3637,-70.87768,87.397
"AR32",4,3,2018-11-13 00:20:33,40.3637,-70.87768,74.453
"AR32",4,4,2018-11-13 00:21:15,40.3637,-70.87768,74.446
"AR32",4,5,2018-11-13 00:22:43,40.3637,-70.87768,64.547
"AR32",4,6,2018-11-13 00:22:54,40.3637,-70.87768,64.592
"AR32",4,7,2018-11-13 00:25:37,40.3637,-70.87768,39.822
"AR32",4,8,2018-11-13 00:25:47,40.3637,-70.87768,39.826
"AR32",4,9,2018-11-13 00:27:44,40.3637,-70.87768,19.805
"AR32",4,10,2018-11-13 00:27:54,40.3637,-70.87768,19.717
"AR32",4,11,2018-11-13 00:29:47,40.3637,-70.87768,1.751
"AR32",4,12,2018-11-13 00:30:01,40.3637,-70.87768,1.841
"AR32",5,1,2018-11-13 02:19:45,40.22822,-70.87789,120.729
"AR32",5,2,2018-11-13 02:20:11,40.22822,-70.87788,120.615
"AR32",5,3,2018-11-13 02:21:57,40.22822,-70.8779,93.502
"AR32",5,4,2018-11-13 02:22:08,40.22822,-70.8779,93.634
"AR32",5,5,2018-11-13 02:23:57,40.22822,-70.87788,63.908
"AR32",5,6,2018-11-13 02:24:07,40.22822,-70.87788,63.81
"AR32",5,7,2018-11-13 02:25:47,40.22822,-70.87788,46.928
"AR32",5,8,2018-11-13 02:25:56,40.22822,-70.87788,46.96
"AR32",5,9,2018-11-13 02:27:35,40.22822,-70.8779,19.203
"AR32",5,10,2018-11-13 02:27:45,40.22822,-70.87788,19.202
"AR32",5,11,2018-11-13 02:29:17,40.22822,-70.87788,2.258
"AR32",5,12,2018-11-13 02:29:25,40.22822,-70.87788,2.173
"AR32",6,1,2018-11-13 05:25:33,39.94124,-70.89272,426.362
"AR32",6,2,2018-11-13 05:26:10,39.94124,-70.89272,426.507
"AR32",6,3,2018-11-13 05:30:49,39.94124,-70.89272,250.391
"AR32",6,4,2018-11-13 05:31:05,39.94124,-70.89272,250.411
"AR32",6,5,2018-11-13 05:33:35,39.94124,-70.89272,151.686
"AR32",6,6,2018-11-13 05:33:46,39.94124,-70.89272,151.674
"AR32",6,7,2018-11-13 05:37:15,39.94124,-70.89272,46.164
"AR32",6,8,2018-11-13 05:37:28,39.94124,-70.89272,46.414
"AR32",6,9,2018-11-13 05:39:47,39.94124,-70.89272,20.277
"AR32",6,10,2018-11-13 05:39:55,39.94124,-70.89272,20.376
"AR32",6,11,2018-11-13 05:41:45,39.94124,-70.89272,2.17
"AR32",6,12,2018-11-13 05:41:54,39.94124,-70.89272,1.951
"AR32",7,1,2018-11-13 07:57:44,39.77506,-70.88098,1000.616
"AR32",7,2,2018-11-13 07:58:04,39.77506,-70.88096,1000.499
"AR32",7,3,2018-11-13 08:03:10,39.77532,-70.88046,750.823
"AR32",7,4,2018-11-13 08:03:27,39.77532,-70.88044,751.051
"AR32",7,5,2018-11-13 08:08:41,39.77545,-70.88012,500.661
"AR32",7,6,2018-11-13 08:08:54,39.77546,-70.8801,501.042
"AR32",7,7,2018-11-13 08:14:13,39.77568,-70.87966,251.037
"AR32",7,8,2018-11-13 08:14:26,39.77568,-70.87965,251.162
"AR32",7,9,2018-11-13 08:19:28,39.77584,-70.87932,61.823
"AR32",7,10,2018-11-13 08:19:37,39.77584,-70.87932,61.737
"AR32",7,11,2018-11-13 08:22:47,39.77592,-70.87916,2.421
"AR32",7,12,2018-11-13 08:22:55,39.77592,-70.87914,2.607
"AR32",8,1,2018-11-13 14:11:52,40.02112,-70.88114,241.332
"AR32",9,1,2018-11-13 15:09:15,40.10214,-70.88792,139.56
"AR32",9,2,2018-11-13 15:09:23,40.10215,-70.88791,139.562
"AR32",9,3,2018-11-13 15:12:26,40.10229,-70.88732,52.544
"AR32",9,4,2018-11-13 15:12:37,40.10232,-70.88729,51.305
"AR32",9,5,2018-11-13 15:15:13,40.1023,-70.88716,2.795
"AR32",9,6,2018-11-13 15:15:21,40.10228,-70.88716,2.447
"AR32",10,1,2018-11-13 16:18:34,40.1639,-70.88787,128.852
"AR32",10,2,2018-11-13 16:18:48,40.16392,-70.88786,128.682
"AR32",11,1,2018-11-13 19:46:19,40.69613,-70.8793,56.452
"AR32",11,2,2018-11-13 19:46:45,40.69608,-70.87917,56.845
"AR32",11,3,2018-11-13 19:49:15,40.69574,-70.87873,25.218
"AR32",11,4,2018-11-13 19:49:29,40.69572,-70.87864,24.733
"AR32",11,5,2018-11-13 19:51:17,40.69561,-70.87813,2.402
"AR32",11,6,2018-11-13 19:51:29,40.6956,-70.87811,3.52
"AR32",12,1,2018-11-13 22:34:38,41.02866,-70.88606,38.987
"AR32",12,2,2018-11-13 22:34:45,41.02866,-70.88606,40.716
"AR32",12,3,2018-11-13 22:35:57,41.02856,-70.88604,24.571
"AR32",12,4,2018-11-13 22:36:04,41.02853,-70.88605,23.243
"AR32",12,5,2018-11-13 22:37:23,41.02838,-70.88609,3
"AR32",12,6,2018-11-13 22:37:29,41.02836,-70.8861,2.197
