"cruise","cast","date","latitude","longitude","nearest_station","distance_km"
"AR22","1",2017-09-02 15:22:01,41.1298333333333,-70.8313333333333,"L1",8.61206553741349
"AR22","2",2017-09-02 17:43:06,40.7963333333333,-70.8283333333333,"L3",8.76364814382231
"AR22","3",2017-09-02 19:59:39,40.5008333333333,-70.8315,"L5",5.45542035985332
"AR22","4",2017-09-02 21:02:16,40.42,-70.8281666666667,"L13",7.59444523711787
"AR22","5",2017-09-02 22:15:16,40.3296666666667,-70.8293333333333,"L6",5.9135892451578
"AR22","6",2017-09-02 23:25:30,40.2498333333333,-70.8303333333333,"L7",5.18784357231014
"AR22","7",2017-09-03 00:37:02,40.1706666666667,-70.8303333333333,"L8",6.03750414467362
"AR22","8",2017-09-03 01:55:23,40.0793333333333,-70.8293333333333,"L9",5.06139257274273
"AR22","9",2017-09-03 02:57:30,39.9995,-70.8298333333333,"L10",8.03183784600269
"AR22","10",2017-09-03 04:11:08,39.922,-70.8281666666667,"L12",4.96472084715484
"AR22","11",2017-09-03 07:29:16,40.3341666666667,-70.9495,"L6",6.48821969256972
"AR22","12",2017-09-03 08:40:27,40.3355,-71.068,"d6",4.21026404366659
"AR24A","1",2017-10-22 19:55:49,41.1296666666667,-70.8291666666667,"L1",8.72136553725785
"AR24A","2",2017-10-22 21:14:41,40.9645,-70.8305,"L2",8.52334872902104
"AR24A","3",2017-10-22 22:38:07,40.7985,-70.8311666666667,"L3",8.4333296238704
"AR24A","4",2017-10-23 00:32:52,40.649,-70.8321666666667,"L4",6.83731885597922
"AR24A","5",2017-10-23 02:31:37,40.4988333333333,-70.8368333333333,"L5",5.24269404394901
"AR24A","6",2017-10-24 01:59:27,40.6196666666667,-70.753,"u4",11.4333208599706
"AR24A","7",2017-10-24 03:14:13,40.5511666666667,-70.7515,"L5",11.4103669295239
"AR24A","8",2017-10-24 04:16:34,40.4926666666667,-70.7495,"L5",12.0740409956944
"AR24A","9",2017-10-24 05:20:23,40.421,-70.7501666666667,"L13",6.5660807002639
"AR24A","10",2017-10-24 06:09:45,40.3511666666667,-70.75,"L13",2.62095929543068
"AR24A","11",2017-10-24 20:04:33,39.9406666666667,-70.7745,"L12",0.0854722470287989
"AR24A","12",2017-10-24 21:09:19,40.0083333333333,-70.7756666666667,"L12",7.58754637352403
"AR24A","13",2017-10-24 22:11:51,40.073,-70.7753333333333,"L8",7.0730915914301
"AR24A","14",2017-10-24 23:10:09,40.1386666666667,-70.7791666666667,"L8",0.416866042088373
"AR24A","15",2017-10-25 00:35:36,40.2235,-70.776,"L7",9.13951211323516
"AR24A","16",2017-10-25 01:42:00,40.2925,-70.7731666666667,"L13",8.05197685988463
"AR24A","17",2017-10-25 02:47:34,40.3645,-70.7725,"L13",0.219482823976801
"AR24B","001",2017-10-27 23:53:29,41.1303333333333,-70.8295,"L1",8.64359428082879
"AR24B","002",2017-10-28 02:13:06,40.8001666666667,-70.829,"L3",8.37447092207472
"AR24B","003",2017-10-28 15:20:40,39.9398333333333,-70.884,"L10",0.0626246993380519
"AR24B","004",2017-10-28 19:35:43,39.9943333333333,-70.7798333333333,"L12",6.04696312133289
"AR24B","005",2017-10-28 22:25:19,40.0248333333333,-70.6205,"u9",8.99766295335137
"AR24B","006",2017-10-29 00:04:08,40.078,-70.7201666666667,"u9",5.21690714428922
"AR24B","007",2017-10-29 14:42:27,40.1356666666667,-70.7745,"L8",0.122395682707377
"AR24B","008",2017-11-01 02:12:44,39.8496666666667,-70.7355,"u11",10.3247796241858
"AR24B","009",2017-11-01 12:40:42,40.3638333333333,-70.8835,"L6",0.0616105198811396
"AR24B","009b",2017-11-01 12:57:11,40.3638333333333,-70.8835,"L6",0.0616105198811396
"AR24B","010",2017-11-02 23:03:02,39.9231666666667,-70.9081666666667,"L10",2.8304542908803
"AR24B","011",2017-11-03 11:25:33,40.3658333333333,-70.7736666666667,"L13",0.146246585038678
"AR24B","012",2017-11-03 12:36:20,40.2931666666667,-70.7746666666667,"L13",7.97649282792301
"AR24B","013",2017-11-03 14:15:27,40.2191666666667,-70.7751666666667,"L8",9.15694918474596
"AR24B","014",2017-11-03 16:05:46,40.1365,-70.774,"L8",0.0880693371642693
"AR24B","015",2017-11-03 17:34:51,40.0718333333333,-70.775,"L8",7.20257651928319
"AR24B","016",2017-11-03 18:53:53,40.0081666666667,-70.7736666666667,"L12",7.56968383133168
"AR24B","017",2017-11-03 19:58:20,39.9408333333333,-70.7743333333333,"L12",0.108664549633949
"AR24C","1",2017-11-06 01:56:45,40.8018333333333,-70.8305,"LTER3",0.00205677361242343
"AR24C","2",2017-11-06 15:22:07,40.1368333333333,-70.7746666666667,"LTER3",73.9973525015575
"AR24C","3",2017-11-06 20:33:49,40.0961666666667,-70.8835,"LTER3",78.4902148149024
"AR24C","4",2017-11-07 16:27:50,40.2273333333333,-70.8835,"LTER3",63.954828351125
"AR24C","5",2017-11-08 13:51:02,40.3668333333333,-70.776,"LTER3",48.5264480255405
"AR24C","6",2017-11-08 14:35:53,40.3665,-70.8136666666667,"LTER3",48.3646815793657
"AR24C","7",2017-11-08 15:18:36,40.3651666666667,-70.8453333333333,"LTER3",48.5080554837037
"AR24C","8",2017-11-08 15:56:12,40.3636666666667,-70.8828333333333,"LTER3",48.8597372117705
"AR24C","9",2017-11-09 14:36:49,40.3651666666667,-70.775,"LTER3",48.7187784868169
"AR24C","10",2017-11-10 01:42:43,39.9411666666667,-70.883,"LTER3",95.6757001184289
"AR24C","11",2017-11-11 17:05:39,39.9398333333333,-70.7761666666667,"LTER3",95.8308525944322
"AR24C","12",2017-11-12 04:16:54,40.3635,-70.8841666666667,"LTER3",48.8885328528995
"EN608","01",2018-01-31 19:23:16,41.1965,-70.8793333333333,"L1",0.333483119429755
"EN608","02",2018-02-01 00:28:31,41.0285,-70.6533333333333,"u2",0.723070006789602
"EN608","03",2018-02-01 03:32:13,41.027,-71.0975,"d2",0.71332552834861
"EN608","04",2018-02-01 05:39:58,41.0218333333333,-70.8725,"L2",1.28357475522716
"EN608","05",2018-02-01 09:17:29,40.8593333333333,-70.8838333333333,"L3",0.442792295233353
"EN608","06",2018-02-01 13:47:26,40.6931666666667,-70.657,"u4",0.661435906693223
"EN608","07",2018-02-01 17:30:52,40.6918333333333,-71.0978333333333,"d4",0.711031523355731
"EN608","08",2018-02-01 19:15:43,40.6971666666667,-70.8855,"L4",0.193029092365708
"EN608","09",2018-02-01 23:33:02,40.5243333333333,-70.8933333333333,"L5",1.05770146548694
"EN608","10",2018-02-02 03:59:07,40.361,-70.6633333333333,"u6",0.292007806622953
"EN608","11",2018-02-02 06:58:16,40.3616666666667,-71.1033333333333,"d6",0.228346457011384
"EN608","12",2018-02-02 09:13:36,40.359,-70.8793333333333,"L6",0.584391160175414
"EN608","13",2018-02-02 14:00:51,40.2205,-70.8765,"L7",0.899409562657432
"EN608","13b",2018-02-02 15:14:57,40.2146666666667,-70.894,"L7",1.61704644880797
"EN608","15",2018-02-02 19:00:30,40.1256666666667,-70.7978333333333,"L8",2.29960013412769
"EN608","16",2018-02-03 00:24:54,40.0961666666667,-70.6645,"u9",0.240684399317182
"EN608","17",2018-02-03 12:39:05,39.7725,-70.6728333333333,"u11",0.532934227553097
"EN608","18",2018-02-03 15:41:35,39.7718333333333,-71.1008333333333,"d11",0.177808427924489
"EN608","19",2018-02-03 17:45:08,39.7686666666667,-70.8858333333333,"L11",0.558354911341886
"EN608","20",2018-02-03 21:07:59,39.9293333333333,-70.7681666666667,"L12",1.32054880250317
"EN608","21",2018-02-03 22:37:51,39.9323333333333,-70.888,"L10",0.941286154192867
"EN608","22",2018-02-04 03:13:08,40.0858333333333,-70.8571666666667,"L9",2.62353444927499
"EN608","23",2018-02-04 06:18:26,40.2088333333333,-70.863,"L7",2.63091902026959
"EN608","24",2018-02-04 08:33:57,40.3563333333333,-70.7646666666667,"L13",1.30252462925764
"EN608","25",2018-02-04 10:52:04,40.5285,-70.8843333333333,"L5",0.188176971940405
"EN608","26",2018-02-04 12:37:19,40.6953333333333,-70.8815,"L4",0.21489176790774
"EN608","27",2018-02-04 14:09:40,40.8626666666667,-70.8828333333333,"L3",0.0805892556209425
"EN608","28",2018-02-04 18:19:52,41.0296666666667,-70.8813333333333,"L2",0.169483345303558
"EN608","29",2018-02-04 21:02:46,41.1966666666667,-70.8828333333333,"L1",0.0393207885550187
"EN608","30",2018-02-05 00:03:36,41.3223333333333,-70.576,"MVCO",0.833039902010119
"AR28A","1",2018-03-24 15:37:12,39.94,-70.8833333333333,"L10",0.00284895167256678
"AR28A","2",2018-03-24 22:35:59,40.1361666666667,-70.7743333333333,"L8",0.0820671997975548
"AR28A","3",2018-03-25 16:01:07,40.3635,-70.8873333333333,"L6",0.343308219543828
"AR28A","4",2018-03-31 14:13:59,39.9221666666667,-70.756,"L12",2.56095995310661
"AR28A","5",2018-03-31 20:53:41,40.293,-70.7748333333333,"L13",7.99496178486597
"AR28A","6",2018-03-31 21:49:57,40.22,-70.7748333333333,"L8",9.24948145396582
"AR28A","7",2018-03-31 22:48:20,40.138,-70.777,"L8",0.223356187882224
"AR28A","8",2018-03-31 23:40:20,40.0728333333333,-70.7743333333333,"L8",7.09176830127059
"AR28A","9",2018-04-01 00:33:56,40.0071666666667,-70.7755,"L12",7.45791437779426
"AR28B","1",2018-04-03 20:26:58,41.1968333333333,-70.8833333333333,"L1",0.0150693823458488
"AR28B","2",2018-04-03 22:12:36,41.0313333333333,-70.8831666666667,"L2",0.148496607026743
"AR28B","3",2018-04-04 00:04:17,40.8638333333333,-70.8848333333333,"L3",0.142194830762718
"AR28B","4",2018-04-04 01:56:45,40.6971666666667,-70.8835,"L4",0.0545096764319032
"AR28B","5",2018-04-04 04:02:22,40.5296666666667,-70.8826666666667,"L5",0.0651902274359186
"AR28B","6",2018-04-05 19:28:40,40.3651666666667,-70.7748333333333,"L13",0.0233003350569602
"AR28B","7",2018-04-05 22:28:49,40.3355,-70.8293333333333,"L6",5.5272130013374
"AR28B","8",2018-04-05 23:24:16,40.2698333333333,-70.8291666666667,"L7",6.64479774643579
"AR28B","9",2018-04-06 00:24:36,40.204,-70.8298333333333,"L7",5.20270199392342
"AR28B","10",2018-04-09 14:50:02,39.9403333333333,-70.8821666666667,"L10",0.103694185674764
"AR28B","11",2018-04-10 00:03:18,39.9406666666667,-70.7745,"L12",0.0854722470287989
"AR28B","12",2018-04-10 01:53:32,39.7735,-70.884,"L11",0.0639519182886925
"AR28B","13",2018-04-10 04:15:25,39.817,-70.8288333333333,"L11",6.73085512692098
"AR28B","14",2018-04-10 05:46:26,39.9456666666667,-70.829,"L12",4.6578033679872
"AR28B","15",2018-04-10 06:51:23,40.0105,-70.8316666666667,"L10",8.98504026948756
"AR28B","16",2018-04-10 07:46:58,40.0751666666667,-70.8296666666667,"L9",5.24602933030035
"AR28B","17",2018-04-10 18:21:12,40.096,-70.8853333333333,"L9",0.308681569199989
"AR28B","18",2018-04-11 00:14:12,40.0758333333333,-70.8301666666667,"L9",5.17276801452536
"AR28B","19",2018-04-11 01:06:46,40.1398333333333,-70.8308333333333,"L8",4.77089602652867
"AR28B","20",2018-04-11 01:56:47,40.205,-70.8295,"L7",5.17488747380554
"AR28B","21",2018-04-11 02:45:32,40.2696666666667,-70.8298333333333,"L7",6.59220446696492
"AR28B","22",2018-04-11 03:32:36,40.3346666666667,-70.8308333333333,"L6",5.47520616389649
"AR28B","23",2018-04-11 04:18:18,40.4015,-70.8298333333333,"L13",6.17306909316056
"AR28B","24",2018-04-11 05:02:30,40.4655,-70.8308333333333,"L5",8.43093664955748
"AR28B","25",2018-04-11 05:46:10,40.5301666666667,-70.8308333333333,"L5",4.44553315880434
"AR28B","26",2018-04-11 06:24:41,40.5956666666667,-70.8311666666667,"L5",8.52444478436216
"AR28B","27",2018-04-11 12:21:56,40.2268333333333,-70.8841666666667,"L7",0.0752337507616039
"AR28B","28",2018-04-11 17:59:59,40.364,-70.8833333333333,"L6",0.0777806886825488
"AR28B","29",2018-04-12 00:47:48,40.3351666666667,-70.8303333333333,"L6",5.47797953680251
"AR28B","30",2018-04-12 01:37:39,40.2705,-70.8293333333333,"L7",6.68859351586756
"AR28B","31",2018-04-12 02:27:37,40.2046666666667,-70.8286666666667,"L7",5.25490962601579
"AR28B","32",2018-04-12 03:18:23,40.1405,-70.8303333333333,"L8",4.73439924351651
"AR28B","33",2018-04-12 04:19:11,40.0753333333333,-70.83,"L9",5.21217612414885
"AR28B","34",2018-04-12 05:05:47,40.0093333333333,-70.8313333333333,"L10",8.88661933014659
"AR28B","35",2018-04-12 05:59:34,39.9453333333333,-70.8301666666667,"L10",4.57950156737848
"AR28B","36",2018-04-12 06:58:09,39.8805,-70.8296666666667,"L10",8.0421513125467
"AR28B","37",2018-04-12 12:07:44,40.1366666666667,-70.775,"L8",0.00370124201221012
"EN617","1",2018-07-20 17:23:53,41.2006666666667,-70.8853333333333,"L1",0.472394563449747
"EN617","2",2018-07-20 22:57:14,41.0303333333333,-70.8806666666667,"L2",0.22452758284167
"EN617","3",2018-07-21 01:15:21,41.03,-70.7698333333333,"u2a",0.224258733883872
"EN617","4",2018-07-21 02:58:24,41.0303333333333,-70.9911666666667,"d2a",0.257765636081956
"EN617","5",2018-07-21 06:39:49,40.8636666666667,-70.883,"L3",0.0479346878676002
"EN617","6",2018-07-21 11:04:40,40.7008333333333,-70.7726666666667,"u4a",0.462109362416358
"EN617","7",2018-07-21 12:37:37,40.6971666666667,-70.9931666666667,"d4a",0.0530335723719921
"EN617","8",2018-07-21 14:51:08,40.6986666666667,-70.8801666666667,"L4",0.343261056268938
"EN617","9",2018-07-21 17:23:38,40.5168333333333,-70.8808333333333,"L5",0.444572816317665
"EN617","10",2018-07-21 21:39:59,40.3645,-70.7708333333333,"u6a",0.315482314277529
"EN617","11",2018-07-21 23:17:27,40.3645,-70.989,"d6a",0.325782845215088
"EN617","12",2018-07-22 02:08:27,40.3656666666667,-70.8885,"L6",0.513948087575327
"EN617","13",2018-07-22 05:00:38,40.2341666666667,-70.8921666666667,"L7",1.12108234955392
"EN617","14",2018-07-22 08:58:16,40.1386666666667,-70.7585,"L8",1.42302002288281
"EN617","15",2018-07-22 13:38:24,40.0936666666667,-70.779,"u9a",0.657432869658213
"EN617","16",2018-07-22 15:46:45,40.096,-70.9931666666667,"d9a",0.261634690909086
"EN617","17",2018-07-22 18:17:39,40.0995,-70.8763333333333,"L9",0.608811101876547
"EN617","18",2018-07-22 21:46:41,39.9495,-70.8843333333333,"L10",1.0585092659863
"EN617","19",2018-07-23 08:08:23,39.7738333333333,-70.7696666666667,"u11a",0.460755718305174
"EN617","20",2018-07-23 10:21:49,39.7725,-70.9873333333333,"d11a",0.384518740245328
"EN617","21",2018-07-23 12:59:50,39.7715,-70.8791666666667,"L11",0.406632641109187
"EN617","22",2018-07-23 15:46:43,39.7713333333333,-70.8723333333333,"L11",0.964628497696063
"EN617","23",2018-07-23 17:28:33,39.9411666666667,-70.7681666666667,"L12",0.598223677433514
"EN617","24",2018-07-23 20:55:25,40.366,-70.766,"u6a",0.758278831749924
"EN617","25",2018-07-24 07:38:18,39.7738333333333,-70.8753333333333,"L11",0.685110055240463
"EN617","26",2018-07-24 11:18:38,39.9478333333333,-70.8791666666667,"L10",0.938761353106234
"EN617","27",2018-07-24 12:57:11,40.1038333333333,-70.889,"L9",0.783397831657808
"EN617","28",2018-07-24 14:11:34,40.2271666666667,-70.8861666666667,"L7",0.249425424566625
"EN617","29",2018-07-24 15:32:23,40.3673333333333,-70.8873333333333,"L6",0.563867404933246
"EN617","30",2018-07-24 16:50:32,40.5148333333333,-70.8791666666667,"L5",0.389488813695567
"EN617","31",2018-07-24 18:24:44,40.6975,-70.8808333333333,"L4",0.226619595520476
"EN617","32",2018-07-24 19:51:39,40.8625,-70.8775,"L3",0.496998680592034
"EN617","33",2018-07-24 21:39:44,41.0286666666667,-70.8783333333333,"L2",0.443155939619272
"EN617","34",2018-07-24 23:07:46,41.1966666666667,-70.8821666666667,"L1",0.0951412417092228
"EN617","35",2018-07-25 01:16:32,41.3238333333333,-70.5856666666667,"MVCO",1.5931915439956
"AR31A","1",2018-10-21 07:43:43,40.3615,-70.8813333333333,"L6",0.260491260461494
"AR31A","2",2018-10-21 10:07:19,40.5153333333333,-70.8808333333333,"L5",0.307706039804694
"AR31A","3",2018-10-21 12:04:35,40.6963333333333,-70.8838333333333,"L4",0.0607444317786646
"AR31A","4",2018-10-21 14:10:24,40.8631666666667,-70.8836666666667,"L3",0.0342763952614811
"AR31A","5",2018-10-21 16:15:30,41.0311666666667,-70.8828333333333,"L2",0.135376831618581
"AR31A","6",2018-10-21 17:51:01,41.1965,-70.8831666666667,"L1",0.0248686235896583
"AR31B","1",2018-10-25 16:12:18,39.9398333333333,-70.8835,"L10",0.0251923026223977
"AR31B","2",2018-10-25 20:48:11,39.8791666666667,-70.8963333333333,"L10.5",2.73241664350561
"AR31B","3",2018-10-26 00:53:50,40.0643333333333,-70.6695,"u9a",9.69388995921536
"AR31B","4",2018-10-26 23:05:30,40.3676666666667,-70.8823333333333,"L6",0.491784324498419
"AR31B","5",2018-10-29 04:13:13,40.3633333333333,-70.8831666666667,"L6",0.0119147858997011
"AR31B","6",2018-10-29 17:32:01,40.1353333333333,-70.7738333333333,"L8",0.181423005478586
"AR31B","7",2018-10-30 22:42:03,40.0303333333333,-70.708,"u9a",9.4260543256332
"AR31B","8",2018-10-31 02:09:49,40.329,-70.9066666666667,"L6",4.29506323529791
"AR31C","1",2018-11-02 15:14:51,40.1371666666667,-70.7758333333333,"L8",0.0879134149004239
"AR31C","2",2018-11-02 21:01:46,40.098,-70.8838333333333,"L9",0.0563726783427124
"AR31C","3",2018-11-03 11:58:23,40.3636666666667,-70.883,"L6",0.0480318130099969
"AR31C","4",2018-11-04 17:09:40,40.3646666666667,-70.7751666666667,"L13",0.0396286230694315
"AR31C","5",2018-11-05 01:24:57,40.1373333333333,-70.7763333333333,"L8",0.133631274455748
"AR31C","6",2018-11-05 02:33:47,40.1373333333333,-70.7763333333333,"L8",0.133631274455748
"AR31C","7",2018-11-05 04:44:16,40.1373333333333,-70.7763333333333,"L8",0.133631274455748
"AR31C","8",2018-11-05 05:13:29,40.1373333333333,-70.7763333333333,"L8",0.133631274455748
"AR31C","9",2018-11-05 05:45:58,40.1373333333333,-70.7763333333333,"L8",0.133631274455748
"AR31C","10",2018-11-05 06:18:05,40.1373333333333,-70.7763333333333,"L8",0.133631274455748
"AR31C","11",2018-11-05 15:24:00,40.226,-70.8851666666667,"L7",0.176868804462987
"AR31C","12",2018-11-06 15:07:32,39.9396666666667,-70.8835,"L10",0.040767906741638
"AR31C","13",2018-11-06 18:24:20,39.9396666666667,-70.7751666666667,"L12",0.0396577861831188
"AR31C","14",2018-11-06 19:29:34,40.007,-70.7753333333333,"L12",7.43934076519776
"AR31C","15",2018-11-06 20:26:23,40.0731666666667,-70.7763333333333,"u9a",2.7966366970328
"AR31C","16",2018-11-06 21:15:58,40.1383333333333,-70.776,"L8",0.200386158699407
"AR31C","17",2018-11-06 22:12:36,40.2206666666667,-70.775,"L7",9.24221970552115
"AR31C","18",2018-11-06 23:06:08,40.294,-70.7746666666667,"u6a",7.69524036983904
"AR31C","19",2018-11-07 00:01:42,40.3663333333333,-70.7746666666667,"L13",0.150738279428449
"AR31C","20",2018-11-07 16:39:27,39.9416666666667,-70.7796666666667,"L12",0.439688186906768
"AR32","1",2018-11-12 16:26:17,41.1961666666667,-70.8831666666667,"L1",0.0602775365346369
"AR32","2",2018-11-12 19:24:59,40.8611666666667,-70.8816666666667,"L3",0.27402393878416
"AR32","3",2018-11-12 22:23:25,40.5135,-70.8826666666667,"L5",0.0580887409728781
"AR32","4",2018-11-13 00:12:01,40.3636666666667,-70.8776666666667,"L6",0.480220814802292
"AR32","5",2018-11-13 02:12:53,40.2281666666667,-70.8778333333333,"L7",0.492946392660315
"AR32","6",2018-11-13 05:11:37,39.9411666666667,-70.8926666666667,"L10",0.810961446287563
"AR32","7",2018-11-13 07:38:27,39.7741666666667,-70.8826666666667,"L11",0.110470502445198
"AR32","8",2018-11-13 14:03:39,40.0208333333333,-70.8821666666667,"L9.5",0.20555114509308
"AR32","9",2018-11-13 15:03:35,40.102,-70.8883333333333,"L9",0.594127285649285
"AR32","10",2018-11-13 16:12:33,40.1638333333333,-70.8878333333333,"L7.5",0.413601415740049
"AR32","11",2018-11-13 19:42:02,40.6966666666667,-70.8801666666667,"L4",0.264854259548952
"AR32","12",2018-11-13 22:31:34,41.029,-70.886,"L2",0.252766719531365
"EN627","2",2019-02-01 21:05:30,41.19766667,-70.88283333,"L1",0.11427058
"EN627","3",2019-02-01 21:39:15,41.197,-70.88183333,"L1",0.127462127
"EN627","5",2019-02-02 02:18:32,41.02866667,-70.7635,"u2a",0.771228911
"EN627","6",2019-02-02 04:03:51,41.0255,-70.99033333,"d2a",0.596230939
"EN627","7",2019-02-02 06:29:33,41.02816667,-70.8815,"L2",0.253707847
"EN627","8",2019-02-02 10:02:19,40.86333333,-70.8845,"L3",0.101238187
"EN627","9",2019-02-02 15:14:29,40.6935,-70.76933333,"u4a",0.48855091
"EN627","10",2019-02-02 16:57:08,40.6945,-70.9875,"d4a",0.547725351
"EN627","11",2019-02-02 19:03:33,40.69466667,-70.88116667,"L4",0.28895763
"EN627","12",2019-02-02 19:59:59,40.6975,-70.88283333,"L4",0.097200747
"EN627","13",2019-02-02 23:26:40,40.50866667,-70.8805,"L5",0.566597389
"EN627","14",2019-02-03 06:10:40,40.3545,-70.76383333,"u6a",1.315410618
"EN627","15",2019-02-03 08:18:28,40.362,-70.99466667,"d6a",0.233897459
"EN627","16",2019-02-03 10:47:27,40.36233333,-70.88733333,"L6",0.359014146
"EN627","17",2019-02-03 13:51:21,40.22816667,-70.88733333,"L7",0.379948876
"EN627","18",2019-02-03 16:53:50,40.13566667,-70.76783333,"L8",0.621455873
"EN627","19",2019-02-03 17:42:37,40.135,-70.76383333,"L8",0.970212572
"EN627","20",2019-02-03 21:43:32,40.09916667,-70.77133333,"u9a",0.262703292
"EN627","21",2019-02-03 23:29:26,40.09866667,-70.99116667,"d9a",0.120764395
"EN627","22",2019-02-04 01:52:59,40.098,-70.8855,"L9",0.190531732
"EN627","23",2019-02-04 05:35:45,39.93566667,-70.88283333,"L10",0.482795008
"EN627","24",2019-02-04 06:40:45,39.9395,-70.883,"L10",0.061151872
"EN627","25",2019-02-04 11:38:12,39.77516667,-70.885,"L11",0.253314707
"EN627","26",2019-02-04 12:47:43,39.77466667,-70.8835,"L11",0.152706159
"EN627","27",2019-02-04 15:27:50,39.774,-70.77383333,"u11a",0.126615604
"EN627","28",2019-02-04 17:17:40,39.77483333,-70.99133333,"d11a",0.173120153
"EN627","29",2019-02-05 02:42:06,39.77466667,-70.5215,"u11c",6.555873085
"EN627","30",2019-02-05 06:13:37,39.77516667,-70.88466667,"L11",0.238044507
"EN627","31",2019-02-05 07:24:04,39.8595,-70.88466667,"L10.5",0.332157568
"EN627","32",2019-02-05 08:33:28,39.94266667,-70.88166667,"L10",0.327347007
"EN627","33",2019-02-05 09:43:44,39.9385,-70.7745,"L12",0.171945418
"EN627","34",2019-02-05 11:34:40,40.02083333,-70.8815,"L9.5",0.237703468
"EN627","35",2019-02-05 12:32:13,40.1005,-70.88733333,"L9",0.421847168
"EN627","36",2019-02-05 13:34:48,40.165,-70.88266667,"L7.5",0.282788994
"EN627","37",2019-02-05 14:38:37,40.22733333,-70.884,"L7",0.092168125
"EN627","38",2019-02-05 15:59:34,40.36416667,-70.88883333,"L6",0.479747273
"EN627","39",2019-02-05 17:12:27,40.365,-70.77883333,"L13",0.325593274
"EN627","40",2019-02-05 19:04:42,40.51316667,-70.88466667,"L5",0.116769219
"EN627","41",2019-02-05 21:16:18,40.69516667,-70.87816667,"L4",0.466088219
"EN627","42",2019-02-05 22:51:18,40.86183333,-70.88383333,"L3",0.168968291
"EN627","43",2019-02-06 00:21:45,41.02833333,-70.884,"L2",0.194227329
"EN627","44",2019-02-06 01:42:34,41.195,-70.883,"L1",0.190467919
"EN627","45",2019-02-06 04:23:26,41.32016667,-70.57233333,"MVCO",0.714556458
"AR34A","001",2019-04-04 20:14:29,40.863,-70.8818333333333,"L3",0.12806254406486
"AR34A","002",2019-04-04 23:09:25,40.5135,-70.8828333333333,"L5",0.0453593529233634
"AR34A","003",2019-04-05 01:29:54,40.2281666666667,-70.8735,"L7",0.849827355960046
"AR34A","004",2019-04-05 02:45:13,40.1001666666667,-70.8755,"L9",0.696654367530054
"AR34A","005",2019-04-05 16:11:08,39.9401666666667,-70.8835,"L10",0.0251922748767806
"AR34A","006",2019-04-05 23:12:44,39.9218333333333,-70.9018333333333,"L10",2.5648560284073
"AR34A","007",2019-04-06 02:48:18,40.0896666666667,-70.8896666666667,"L9",1.10168638289927
"AR34A","008",2019-04-06 06:27:59,40.2376666666667,-70.8875,"L7",1.26910370595634
"AR34A","009",2019-04-06 15:17:45,40.1358333333333,-70.775,"L8",0.0962322854047906
"AR34A","010",2019-04-06 18:15:42,40.3633333333333,-70.8843333333333,"L6",0.0878488923580162
"AR34A","011",2019-04-07 02:28:06,39.923,-70.766,"L12",2.03831988637434
"AR34A","012",2019-04-07 15:05:10,40.3636666666667,-70.884,"L6",0.0720620050120614
"AR34A","013",2019-04-08 00:48:19,39.9686666666667,-70.9996666666667,"L10",10.4406292951536
"AR34A","014",2019-04-08 16:36:10,39.94,-70.775,"L12",0
"AR34A","015",2019-04-08 18:26:19,40.1366666666667,-70.7753333333333,"L8",0.0286478857521576
"AR34A","016",2019-04-08 20:15:20,40.3651666666667,-70.7756666666667,"L13",0.059572526105287
"AR34A","017",2019-04-09 18:34:28,40.0856666666667,-70.2181666666667,"u9a",47.438725482965
"AR34A","018",2019-04-10 13:32:20,40.2006666666667,-71.1031666666667,"d9a",14.7687426334123
"AR34A","019",2019-04-10 17:42:37,39.9168333333333,-70.9061666666667,"L10",3.23070698637134
"AR34A","020",2019-04-10 22:52:18,40.2003333333333,-70.5558333333333,"L8",19.9617241322593
"AR34A","020b",2019-04-10 23:06:43,40.2003333333333,-70.5558333333333,"L8",19.9617241322593
"AR34A","021",2019-04-11 02:33:01,40.3385,-70.9048333333333,"L6",3.30607689866933
"AR34B","1",2019-04-15 01:36:35,40.365,-70.7755,"L13",0.0424687248899997
"AR34B","2",2019-04-15 04:37:05,40.6975,-70.8841666666667,"L4",0.115142627476882
"AR34B","3",2019-04-15 06:26:44,40.8643333333333,-70.8826666666667,"L3",0.126567329395498
"AR34B","4",2019-04-15 08:09:35,41.0308333333333,-70.8813333333333,"L2",0.189521583768951
"AR34B","5",2019-04-15 09:51:44,41.197,-70.8826666666667,"L1",0.0627096235892227
"AR34B","6",2019-04-17 02:57:19,40.226,-70.8845,"L7",0.128346323306202
"AR34B","7",2019-04-17 06:09:09,40.5138333333333,-70.8823333333333,"L5",0.10109038441522
"AR34B","8",2019-04-17 07:48:48,40.3636666666667,-70.8838333333333,"L6",0.0609090484385936
"AR34B","9",2019-04-18 01:40:15,40.137,-70.7763333333333,"L8",0.118412863370745
"AR34B","10",2019-04-18 05:10:30,39.774,-70.8833333333333,"L11",0.0777736508606393
"AR34B","11",2019-04-18 07:00:10,39.7735,-70.7761666666667,"u11a",0.102391651886531
"AR34B","12",2019-04-18 08:34:37,39.774,-70.9915,"d11a",0.0795876508802025
"AR34B","13",2019-04-19 02:08:15,40.3646666666667,-70.7741666666667,"L13",0.0798751006762156
"AR34B","14",2019-04-19 03:05:58,40.3641666666667,-70.8828333333333,"L6",0.104079639808203
"AR34B","15",2019-04-19 04:27:26,40.5123333333333,-70.884,"L5",0.122646299766348
"AR34B","16",2019-04-19 05:56:08,40.6966666666667,-70.8826666666667,"L4",0.0536569753299648
"AR34B","17",2019-04-19 07:18:10,40.8631666666667,-70.8848333333333,"L3",0.13011879749477
"AR34B","18",2019-04-22 05:09:57,40.0988333333333,-70.884,"L9",0.0840821202203109
"AR34B","19",2019-04-22 07:00:07,40.098,-70.7763333333333,"u9a",0.184937192498641
"AR34B","20",2019-04-22 08:23:32,40.099,-70.9945,"d9a",0.187418600808835
"AR34B","21",2019-04-22 14:42:15,39.9393333333333,-70.8845,"L10",0.126484870636164
"AR34B","22",2019-04-22 23:55:16,39.94,-70.7755,"L12",0.0427342750860174
"AR34B","23",2019-04-23 02:01:15,39.7728333333333,-70.8831666666667,"L11",0.0530584495793818
"AR34B","24",2019-04-23 03:18:50,39.8565,-70.8833333333333,"L10.5",0.0223888218831947
"AR34B","25",2019-04-23 04:33:54,39.939,-70.8853333333333,"L10",0.206229151650589
"AR34B","26",2019-04-23 05:46:29,40.0191666666667,-70.8826666666667,"L9.5",0.0541941712974555
"AR34B","27",2019-04-23 06:55:32,40.0978333333333,-70.8838333333333,"L9",0.0689439622767664
"AR34B","28",2019-04-23 07:47:23,40.1623333333333,-70.8838333333333,"L7.5",0.0490596546065707
"EN644","1",2019-08-20 19:02:39,41.1968333333333,-70.881,"L1",0.193501706395124
"EN644","2",2019-08-21 00:35:13,41.0241666666667,-70.872,"L2",1.15013497122275
"EN644","3",2019-08-21 02:49:41,41.0308333333333,-70.7676666666667,"u2a",0.416868782563335
"EN644","4",2019-08-21 04:23:17,41.0303333333333,-70.9896666666667,"d2a",0.383031895285339
"EN644","5",2019-08-21 07:38:54,40.8626666666667,-70.8813333333333,"L3",0.180108198505554
"EN644","6",2019-08-21 10:32:32,41.0298333333333,-70.8826666666667,"L2",0.0563859487414339
"EN644","7",2019-08-21 20:27:19,40.3591666666667,-70.8751666666667,"L6",0.829425659463415
"EN644","8",2019-08-22 00:03:10,40.219,-70.8851666666667,"L7",0.869636749526849
"EN644","9",2019-08-22 04:23:52,40.1258333333333,-70.7818333333333,"L8",1.33980937281973
"EN644","10",2019-08-22 09:06:55,40.0981666666667,-70.7696666666667,"u9a",0.386846918821876
"EN644","11",2019-08-22 10:41:36,40.097,-70.991,"d9a",0.192864413520834
"EN644","12",2019-08-22 12:57:40,40.0933333333333,-70.8875,"L9",0.657574792474013
"EN644","13",2019-08-22 16:55:56,39.9376666666667,-70.8861666666667,"L10",0.356585624089171
"EN644","14",2019-08-22 19:34:28,39.9331666666667,-70.775,"L12",0.758728329897653
"EN644","15",2019-08-22 21:59:08,39.7715,-70.7738333333333,"u11a",0.223457021333642
"EN644","16",2019-08-22 23:45:02,39.7728333333333,-70.9873333333333,"d11a",0.377688957770864
"EN644","17",2019-08-23 00:57:06,39.7721666666667,-70.8795,"L11",0.349041560482481
"EN644","18",2019-08-23 15:45:03,40.1046666666667,-70.8825,"L9",0.710216357543041
"EN644","19",2019-08-23 21:51:45,40.3616666666667,-70.7741666666667,"u6a",0.181390056160031
"EN644","20",2019-08-23 23:16:48,40.3621666666667,-70.993,"d6a",0.132820258103023
"EN644","21",2019-08-24 01:28:10,40.3686666666667,-70.8753333333333,"L6",0.901660547831864
"EN644","22",2019-08-24 02:50:07,40.5125,-70.8823333333333,"L5",0.120845817376819
"EN644","23",2019-08-24 05:17:07,40.6975,-70.8968333333333,"L4",1.14727089365311
"EN644","24",2019-08-24 07:55:55,40.6966666666667,-70.7756666666667,"u4a",0.200064201863992
"EN644","25",2019-08-24 09:43:57,40.6973333333333,-70.9948333333333,"d4a",0.14745016814688
"EN644","26",2019-08-25 00:03:21,41.0598333333333,-70.8806666666667,"L2",3.32052380433065
"EN644","27",2019-08-25 01:00:09,41.1151666666667,-70.8833333333333,"L1.5",0.207323654846115
"EN644","28",2019-08-25 02:16:47,41.1993333333333,-70.884,"L1",0.298288454610165
"EN644","29",2019-08-25 04:24:27,41.318,-70.5845,"MVCO",1.68089083393909
"AR38","1",2019-09-20 16:57:18,41.197,-70.8818333333333,"L1",0.127461857425634
"AR38","2",2019-09-20 19:50:17,40.8633333333333,-70.8828333333333,"L3",0.0395178393770412
"AR38","3",2019-09-20 22:08:53,40.8626666666667,-70.8828333333333,"L3",0.0805892556209425
"AR38","4",2019-09-20 23:24:41,40.781,-70.8835,"L3",9.1394694008256
"AR38","5",2019-09-21 00:36:45,40.6958333333333,-70.8841666666667,"L4",0.120946853515833
"AR38","6",2019-09-21 01:49:39,40.6056666666667,-70.8845,"L4",10.1095036740419
"AR38","7",2019-09-21 02:53:48,40.5146666666667,-70.8835,"L5",0.152704485033629
"AR38","8",2019-09-21 04:24:20,40.3626666666667,-70.884,"L6",0.0920926091100684
"AR38","9",2019-09-21 06:34:54,40.2251666666667,-70.8811666666667,"L7",0.248910995870255
"AR38","10",2019-09-21 08:33:51,40.0973333333333,-70.8836666666667,"L9",0.111796470680867
"AR38","11",2019-09-21 10:46:20,39.9378333333333,-70.8856666666667,"L10",0.314311662468943
"AR38","12",2019-09-21 14:19:35,39.7715,-70.8845,"L11",0.224749024362089
"AR38","13",2019-09-22 00:45:20,40.6103333333333,-70.8813333333333,"L4",9.5922201401906
"AR38","14",2019-09-22 01:53:47,40.701,-70.8821666666667,"L4",0.487019172401956
"AR38","15",2019-09-22 03:17:34,40.7816666666667,-70.883,"L3",9.0654560313152
"AR38","16",2019-09-22 04:15:45,40.8641666666667,-70.8833333333333,"L3",0.096285458545624
"AR38","17",2019-09-22 05:29:23,40.9476666666667,-70.883,"L2.5",0.110283119733114
"AR38","18",2019-09-22 07:08:12,41.0301666666667,-70.9998333333333,"d2a",0.474107411592212
"AR38","19",2019-09-22 08:09:55,41.0301666666667,-70.8831666666667,"L2",0.021640603798415
"AR38","20",2019-09-22 09:22:42,41.114,-70.8828333333333,"L1.5",0.0870613986585799
"AR39A","1",2019-09-26 14:16:44,40.3636666666667,-70.8815,NA,NA
"AR39A","2",2019-09-26 19:57:22,40.1363333333333,-70.7748333333333,NA,NA
"AR39A","3",2019-09-27 12:41:05,40.0508333333333,-70.6005,NA,NA
"AR39A","4",2019-09-27 19:01:10,40.1365,-70.7753333333333,NA,NA
"AR39A","5",2019-09-28 11:59:06,39.9398333333333,-70.8831666666667,NA,NA
"AR39A","6",2019-09-29 15:16:30,39.9396666666667,-70.8838333333333,NA,NA
"AR39A","7",2019-09-30 13:03:16,39.94,-70.7761666666667,NA,NA
"AR39A","8",2019-09-30 14:20:58,40.0068333333333,-70.775,NA,NA
"AR39A","9",2019-09-30 15:23:31,40.0715,-70.7755,NA,NA
"AR39A","10",2019-09-30 16:33:44,40.1371666666667,-70.775,NA,NA
"AR39A","11",2019-09-30 18:21:54,40.2203333333333,-70.7745,NA,NA
"AR39A","12",2019-09-30 20:05:34,40.2935,-70.7758333333333,NA,NA
"AR39A","13",2019-09-30 21:05:45,40.3648333333333,-70.775,NA,NA
"AR39A","14",2019-10-02 13:08:06,40.188,-71.0265,NA,NA
"AR39A","15",2019-10-02 14:59:14,40.1888333333333,-70.9601666666667,NA,NA
"AR39A","16",2019-10-02 16:04:28,40.188,-70.894,NA,NA
"AR39A","17",2019-10-02 17:06:25,40.1878333333333,-70.8251666666667,NA,NA
"AR39A","18",2019-10-02 18:28:24,40.1876666666667,-70.7575,NA,NA
"AR39A","19",2019-10-02 19:39:35,40.1875,-70.6901666666667,NA,NA
"AR39A","20",2019-10-02 20:47:39,40.188,-70.6225,NA,NA
"AR39B","1",2019-10-05 22:34:44,41.1955,-70.8846666666667,"L1",0.175794687934092
"AR39B","2",2019-10-06 00:11:11,41.03,-70.8826666666667,"L2",0.053261449300151
"AR39B","3",2019-10-06 01:55:06,40.8633333333333,-70.8826666666667,"L3",0.0535237020282852
"AR39B","4",2019-10-06 03:34:40,40.6971666666667,-70.884,"L4",0.0786504393314251
"AR39B","5",2019-10-06 05:34:06,40.5141666666667,-70.8836666666667,"L5",0.101131259557788
"AR39B","6",2019-10-06 14:23:20,40.3633333333333,-70.8833333333333,"L6",0.00466011101842285
"AR39B","7",2019-10-06 18:47:40,40.365,-70.7748333333333,"L13",0.0141562416308212
"AR39B","8",2019-10-06 22:39:47,40.3635,-70.6641666666667,"u6a",9.34619748289347
"AR39B","9",2019-10-07 01:15:34,40.3636666666667,-71.101,"d6a",9.21600920927397
"AR39B","10",2019-10-07 14:03:46,40.1378333333333,-70.775,"L8",0.125842241175857
"AR39B","11",2019-10-07 18:43:24,40.2266666666667,-70.883,"L7",0.0258001196328565
"AR39B","12",2019-10-08 02:30:47,40.0951666666667,-70.888,"L9",0.530728155292852
"AR39B","13",2019-10-08 05:42:44,39.7735,-70.8843333333333,"L11",0.0912737670236032
"AR39B","14",2019-10-08 19:29:54,39.9398333333333,-70.8823333333333,"L10",0.0846668240607897
"AR39B","15",2019-10-13 14:09:38,39.9401666666667,-70.883,"L10",0.031621092341449
"AR39B","16",2019-10-14 14:41:28,39.94,-70.775,"L12",0
"AR39B","17",2019-10-14 19:15:26,39.9398333333333,-70.7748333333333,"L12",0.0233531606615996
"AR39B","18",2019-10-14 20:21:09,40.0068333333333,-70.775,"L12",7.42078047259831
"AR39B","19",2019-10-14 21:22:45,40.068,-70.7743333333333,"u9a",3.36441701626321
"AR39B","20",2019-10-14 22:17:45,40.1371666666667,-70.7738333333333,"L8",0.112119338321086
"AR39B","21",2019-10-14 23:12:14,40.221,-70.775,"L7",9.23958798130758
"AR39B","22",2019-10-15 00:01:20,40.2938333333333,-70.7755,"u6a",7.71443600582969
"AR39B","23",2019-10-15 00:51:11,40.3651666666667,-70.7758333333333,"L13",0.0731606042771242
"EN649","1",2020-02-01 18:07:29,41.2043333333333,-70.8838333333333,"L1",0.848920646255807
"EN649","2",2020-02-01 22:58:41,41.3193333333333,-70.5741666666667,"MVCO",0.887057234151307
"EN649","3",2020-02-02 04:51:32,41.0326666666667,-70.776,"u2a",0.417533684359804
"EN649","4",2020-02-02 06:23:05,41.0306666666667,-70.9966666666667,"d2a",0.220254441944654
"EN649","5",2020-02-02 08:34:26,41.0293333333333,-70.8836666666667,"L2",0.0802011168592242
"EN649","6",2020-02-02 12:09:12,40.863,-70.885,"L3",0.147146316367854
"EN649","7",2020-02-02 22:24:31,40.2246666666667,-70.8823333333333,"L7",0.240302813687932
"EN649","8",2020-02-03 00:52:27,40.1321666666667,-70.7885,"L8",1.2558473939167
"EN649","9",2020-02-03 04:28:37,40.0946666666667,-70.7811666666667,"u9a",0.718108518263156
"EN649","10",2020-02-03 05:57:08,40.0975,-70.9953333333333,"d9a",0.25741565864677
"EN649","11",2020-02-03 08:44:35,40.0955,-70.8915,"L9",0.765241870060746
"EN649","12",2020-02-03 17:02:19,39.9398333333333,-70.8833333333333,"L10",0.0187235954112299
"EN649","13",2020-02-03 20:21:15,39.937,-70.7821666666667,"L12",0.697250762493817
"EN649","14",2020-02-04 08:03:15,39.775,-70.9905,"d11a",0.214934661004942
"EN649","15",2020-02-04 09:48:39,39.7713333333333,-70.7721666666667,"u11a",0.326510166430423
"EN649","16",2020-02-04 12:20:03,39.773,-70.88,"L11",0.284685371508514
"EN649","17",2020-02-05 00:02:01,40.3606666666667,-70.7743333333333,"u6a",0.292628783651218
"EN649","18",2020-02-05 01:40:11,40.3608333333333,-71.0015,"d6a",0.812057449123002
"EN649","19",2020-02-05 03:42:20,40.3526666666667,-70.8828333333333,"L6",1.18140675918126
"EN649","20",2020-02-05 07:06:48,40.5103333333333,-70.8795,"L5",0.460704562588714
"EN649","21",2020-02-05 10:02:57,40.6975,-70.8828333333333,"L4",0.097200632821812
"EN649","22",2020-02-05 12:55:16,40.6973333333333,-70.7726666666667,"u4a",0.0883838828382935
"EN649","23",2020-02-05 14:16:11,40.6983333333333,-70.9936666666667,"d4a",0.184006938993307
"EN649","24",2020-02-05 22:12:48,40.5111666666667,-70.8816666666667,"L5",0.274375200810676
"EN649","25",2020-02-06 00:20:16,40.2261666666667,-70.8915,"L7",0.700419300942774
"EN649","26",2020-02-06 02:33:10,39.9411666666667,-70.886,"L10",0.264635582814073
"EN649","27",2020-02-06 03:36:17,40.0185,-70.8825,"L9.5",0.103467296968217
"EN649","28",2020-02-06 04:37:48,40.1003333333333,-70.8831666666667,"L9",0.226060383633745
"EN649","29",2020-02-06 05:36:20,40.1611666666667,-70.8835,"L7.5",0.149027532551048
"EN655","1",2020-07-25 15:45:46,41.203,-70.8801666666667,"L1",0.747400169504617
"EN655","2",2020-07-25 17:55:57,41.0301666666667,-70.8793333333333,"L2",0.334097543754789
"EN655","3",2020-07-25 21:37:37,40.861,-70.8826666666667,"L3",0.260939587327539
"EN655","4",2020-07-26 02:01:42,41.0681666666667,-70.7706666666667,"u2a",4.24139524642695
"EN655","5",2020-07-26 03:37:19,41.0681666666667,-70.9933333333333,"d2a",4.23921992472029
"EN655","6",2020-07-26 05:44:18,41.0676666666667,-70.8823333333333,"L2",4.18385549670637
"EN655","7",2020-07-26 11:06:13,40.6956666666667,-70.8808333333333,"L4",0.237976560276048
"EN655","8",2020-07-26 14:21:31,40.694,-70.7741666666667,"u4a",0.308648122845042
"EN655","9",2020-07-26 15:51:13,40.6946666666667,-70.9936666666667,"d4a",0.227914517664023
"EN655","10",2020-07-26 19:03:43,40.513,-70.8806666666667,"L5",0.22565079610804
"EN655","11",2020-07-27 01:27:35,40.2243333333333,-70.8793333333333,"L7",0.427833648152083
"EN655","12",2020-07-27 10:12:02,39.9333333333333,-70.8843333333333,"L10",0.745473332546871
"EN655","13",2020-07-27 14:59:27,39.7686666666667,-70.7801666666667,"u11a",0.678680409404215
"EN655","14",2020-07-27 16:39:35,39.7708333333333,-70.9956666666667,"d11a",0.436471136300365
"EN655","15",2020-07-27 21:15:40,40.0983333333333,-70.881,"L9",0.196158820501202
"EN655","16",2020-07-28 01:54:37,40.3675,-70.8745,"L6",0.881010704058588
"EN657","1",2020-10-13 17:53:55,41.2028333333333,-70.8783333333333,"L1",0.798456503843408
"EN657","2",2020-10-14 00:08:15,40.861,-70.8796666666667,"L3",0.398841600806736
"EN657","3",2020-10-14 09:10:43,41.0301666666667,-70.773,"u2a",0.0459419095633919
"EN657","4",2020-10-14 10:47:10,41.0301666666667,-70.9946666666667,"d2a",0.0433909448588835
"EN657","5",2020-10-14 13:03:57,41.0293333333333,-70.8838333333333,"L2",0.086562557107684
"EN657","6",2020-10-14 18:25:23,40.6968333333333,-70.888,"L4",0.397517936118247
"EN657","7",2020-10-14 23:14:01,40.5158333333333,-70.884,"L5",0.287500112391303
"EN657","9",2020-10-15 07:46:08,39.9348333333333,-70.8783333333333,"L10",0.713658832648567
"EN657","10",2020-10-15 12:03:20,39.772,-70.776,"u11a",0.167851987975
"EN657","11",2020-10-15 13:51:32,39.7738333333333,-70.9925,"d11a",0.090577654000327
"EN657","12",2020-10-15 16:14:22,39.7725,-70.8821666666667,"L11",0.131598116903304
"EN657","13",2020-10-16 02:42:36,39.9378333333333,-70.7716666666667,"L12",0.372884621793496
"EN657","14",2020-10-16 09:41:51,40.103,-70.8831666666667,"L9",0.521995691707075
"EN657","15",2020-10-16 11:35:46,40.1325,-70.7728333333333,"L8",0.501583638230761
"EN657","16",2020-10-16 22:44:51,40.3658333333333,-70.7766666666667,"L13",0.169122278741744
"EN657","17",2020-10-16 23:49:38,40.3585,-70.887,"L6",0.6187610476442
"EN657","18",2020-10-17 02:24:16,40.3621666666667,-70.99,"d6a",0.246840724018992
"EN657","19",2020-10-17 05:35:07,40.2238333333333,-70.8738333333333,"L7",0.866329716187754
"EN657","20",2020-10-18 01:45:05,41.3205,-70.5778333333333,"MVCO",1.05764837911446
"EN661","1",2021-02-03 18:52:45,41.199,-70.8806666666667,"L1",0.337696978935582
"EN661","2",2021-02-04 01:50:03,41.0298333333333,-70.8873333333333,"L2",0.339696390805435
"EN661","3",2021-02-04 08:53:09,40.6975,-70.7733333333333,"u4a",0.0888831071082066
"EN661","4",2021-02-04 10:36:39,40.6971666666667,-70.9926666666667,"d4a",0.0745044394778031
"EN661","5",2021-02-04 12:57:30,40.6973333333333,-70.8836666666667,"L4",0.0768555474731206
"EN661","6",2021-02-04 15:46:44,40.5123333333333,-70.8845,"L5",0.14787092873936
"EN661","7",2021-02-05 00:48:20,39.9403333333333,-70.8905,"L10",0.616484069791916
"EN661","8",2021-02-05 08:47:51,39.773,-70.7746666666667,"u11a",0.0438758243430502
"EN661","9",2021-02-05 10:41:25,39.7743333333333,-70.9916666666667,"d11a",0.114766836222913
"EN661","10",2021-02-05 13:08:01,39.7723333333333,-70.8815,"L11",0.187889569485923
"EN661","11",2021-02-06 00:41:04,39.9335,-70.7751666666667,"L12",0.721857788898963
"EN661","12",2021-02-06 16:10:19,40.8633333333333,-70.8823333333333,"L3",0.081582484226472
"EN661","13",2021-02-06 21:19:21,41.1635,-70.8926666666667,"L1.2",0.786430523676819
"EN661","14",2021-02-07 00:41:01,41.3201666666667,-70.5765,"MVCO",0.980485067376072
"EN661","15",2021-02-07 06:23:18,41.0295,-70.7708333333333,"u2a",0.150760497953756
"EN661","16",2021-02-07 08:04:35,41.0305,-70.992,"d2a",0.193165718579513
"EN661","17",2021-02-07 10:11:33,41.0321666666667,-70.8845,"L2",0.260923098215075
"EN661","18",2021-02-07 12:16:12,40.864,-70.8791666666667,"L3",0.357039628957051
"EN661","19",2021-02-07 13:13:08,40.8633333333333,-70.7716666666667,"u3a",0.104046664010838
"EN661","20",2021-02-07 15:41:58,41.2028333333333,-70.7735,"u1a",0.691203087798464
"EN661","21",2021-02-07 17:01:23,41.2035,-70.994,"d1a",0.756868032890779
"EN661","22",2021-02-07 19:44:41,40.866,-70.999,"d3a",0.531125977604206
"EN668","1",2021-07-16 18:08:13,41.1963333333333,-70.885,"L1",0.148304272332849
"EN668","2",2021-07-17 04:28:01,41.0315,-70.8811666666667,"L2",0.244817518001972
"EN668","3",2021-07-17 09:29:59,40.6958333333333,-70.7705,"u4a",0.255477620052509
"EN668","4",2021-07-17 11:10:53,40.6948333333333,-70.992,"d4a",0.234610279962443
"EN668","5",2021-07-17 13:17:54,40.6943333333333,-70.8806666666667,"L4",0.344397308628816
"EN668","6",2021-07-17 15:41:05,40.514,-70.8801666666667,"L5",0.276694599675583
"EN668","7",2021-07-17 21:55:10,40.5141666666667,-70.8813333333333,"L5",0.192464885884318
"EN668","8",2021-07-18 07:09:51,39.9308333333333,-70.907,"L10",2.26705774433283
"EN668","9",2021-07-18 11:40:35,39.7675,-70.7783333333333,"u11a",0.704464313779893
"EN668","10",2021-07-18 13:39:35,39.771,-70.993,"d11a",0.278602146714126
"EN668","11",2021-07-18 16:14:11,39.7738333333333,-70.88,"L11",0.28886303754331
"EN668","12",2021-07-19 09:55:20,40.0953333333333,-70.7725,"u9a",0.359895068855063
"EN668","13",2021-07-19 11:33:18,40.0926666666667,-71.005,"d9a",1.23591035023874
"EN668","14",2021-07-19 13:44:36,40.0973333333333,-70.8846666666667,"L9",0.158436194296291
"EN668","15",2021-07-19 16:44:26,40.13,-70.768,"L8",0.953615837902705
"EN668","16",2021-07-19 19:00:45,39.9343333333333,-70.7701666666667,"L12",0.752690733910532
"EN668","17",2021-07-20 06:00:17,40.218,-70.8948333333333,"L7",1.37728504453324
"EN668","18",2021-07-20 09:21:51,40.3645,-70.8878333333333,"L6",0.407460058509711
"EN668","19",2021-07-20 13:01:36,40.3646666666667,-70.7733333333333,"u6a",0.168668650828195
"EN668","20",2021-07-20 14:45:49,40.3623333333333,-70.9963333333333,"d6a",0.342840968270871
"EN668","21",2021-07-21 02:12:35,40.8613333333333,-70.8858333333333,"L3",0.305479328873706
"EN668","22",2021-07-21 05:46:41,41.0243333333333,-70.778,"u2a",0.781015261281728
"EN668","23",2021-07-21 06:43:16,41.0278333333333,-70.8775,"L2",0.543890910940035
"EN668","24",2021-07-21 07:43:03,41.0298333333333,-70.996,"d2a",0.152502220064919
"EN668","25",2021-07-21 11:06:22,41.3176666666667,-70.579,"MVCO",1.31295252214919
"AR61B","1",2021-11-08 20:15:31,41.1963333333333,-70.8833333333333,NA,NA
"AR61B","2",2021-11-08 21:46:30,41.0286666666667,-70.8871666666667,NA,NA
"AR61B","3",2021-11-08 23:50:06,40.8641666666667,-70.8835,NA,NA
"AR61B","4",2021-11-09 01:57:12,40.6965,-70.8835,NA,NA
"AR61B","5",2021-11-09 04:11:32,40.5135,-70.8838333333333,NA,NA
"AR61B","6",2021-11-09 04:59:02,40.5131666666667,-70.8835,NA,NA
"AR61B","7",2021-11-09 15:29:09,39.9398333333333,-70.8835,NA,NA
"AR61B","8",2021-11-09 23:30:46,39.9391666666667,-70.775,NA,NA
"AR61B","9",2021-11-10 02:43:47,39.7733333333333,-70.8821666666667,NA,NA
"AR61B","10",2021-11-10 05:39:33,39.7731666666667,-70.774,NA,NA
"AR61B","11",2021-11-10 13:38:30,40.098,-70.883,NA,NA
"AR61B","12",2021-11-10 21:00:39,40.1363333333333,-70.7756666666667,NA,NA
"AR61B","13",2021-11-11 00:20:12,39.9398333333333,-70.8828333333333,NA,NA
"AR61B","14",2021-11-11 02:09:48,40.0191666666667,-70.8848333333333,NA,NA
"AR61B","15",2021-11-11 03:26:21,40.0983333333333,-70.8835,NA,NA
"AR61B","16",2021-11-11 04:26:59,40.1616666666667,-70.8853333333333,NA,NA
"AR61B","17",2021-11-11 05:30:12,40.2263333333333,-70.8836666666667,NA,NA
"AR61B","18",2021-11-11 13:55:57,40.3636666666667,-70.883,NA,NA
"AR61B","19",2021-11-12 00:29:42,40.3643333333333,-70.8835,NA,NA
"AR61B","20",2021-11-12 02:28:37,40.364,-70.7763333333333,NA,NA
"AR61B","22",2021-11-12 13:06:36,40.2065,-71.0291666666667,NA,NA
"AR61B","23",2021-11-12 14:06:12,40.2056666666667,-70.9615,NA,NA
"AR61B","24",2021-11-12 15:06:41,40.2056666666667,-70.8933333333333,NA,NA
"AR61B","25",2021-11-12 16:03:23,40.2063333333333,-70.8255,NA,NA
"AR61B","26",2021-11-12 16:58:06,40.206,-70.7578333333333,NA,NA
"AR61B","27",2021-11-12 17:50:21,40.205,-70.6895,NA,NA
"AR61B","28",2021-11-12 18:46:51,40.2043333333333,-70.6225,NA,NA
"AR61B","29",2021-11-12 20:30:30,40.3675,-70.7763333333333,NA,NA
"AR61B","30",2021-11-14 01:56:02,40.096,-70.7731666666667,NA,NA
"AR61B","31",2021-11-14 05:07:57,40.0981666666667,-70.9916666666667,NA,NA
"AR61B","32",2021-11-14 17:32:22,40.227,-70.883,NA,NA
"AR61B","33",2021-11-14 20:28:23,40.2955,-70.8833333333333,NA,NA
"AR61B","34",2021-11-14 21:29:35,40.3625,-70.8836666666667,NA,NA
"AR61B","35",2021-11-14 23:13:12,40.513,-70.8843333333333,NA,NA
"AR61B","36",2021-11-15 01:10:16,40.697,-70.8825,NA,NA
"AR61B","37",2021-11-15 02:52:14,40.8638333333333,-70.884,NA,NA
"AR61B","38",2021-11-15 04:33:22,41.0286666666667,-70.8831666666667,NA,NA
"AR61B","39",2021-11-15 05:56:55,41.1973333333333,-70.8836666666667,NA,NA
"AT46","1",2022-02-16 18:25:02,41.1968333333333,-70.8831666666667,NA,NA
"AT46","2",2022-02-17 02:27:22,40.696,-70.882,NA,NA
"AT46","3",2022-02-17 05:18:24,40.5143333333333,-70.8823333333333,NA,NA
"AT46","4",2022-02-17 10:17:33,40.3665,-70.7765,NA,NA
"AT46","5",2022-02-17 11:56:37,40.3638333333333,-70.9915,NA,NA
"AT46","6",2022-02-17 13:03:03,40.3635,-70.8815,NA,NA
"AT46","7",2022-02-17 21:19:24,39.773,-70.883,NA,NA
"AT46","8",2022-02-18 04:19:01,40.0908333333333,-70.8705,NA,NA
"AT46","9",2022-02-18 07:35:43,39.9518333333333,-70.8808333333333,NA,NA
"AT46","10",2022-02-18 19:59:49,40.0963333333333,-70.7736666666667,NA,NA
"AT46","11",2022-02-18 22:40:30,40.0983333333333,-70.9938333333333,NA,NA
"AT46","12",2022-02-19 00:12:14,40.0946666666667,-70.8866666666667,NA,NA
"AT46","13",2022-02-19 03:14:54,40.1353333333333,-70.7806666666667,NA,NA
"AT46","14",2022-02-19 05:43:31,40.225,-70.8853333333333,NA,NA
"AT46","15",2022-02-19 21:28:24,40.6965,-70.8815,NA,NA
"AT46","16",2022-02-19 23:30:38,40.8613333333333,-70.8818333333333,NA,NA
"AT46","17",2022-02-20 01:14:06,41.0268333333333,-70.884,NA,NA
"AT46","18",2022-02-20 12:50:23,40.6966666666667,-70.7733333333333,NA,NA
"AT46","19",2022-02-20 14:49:22,40.6966666666667,-70.9936666666667,NA,NA
"AT46","20",2022-02-20 16:13:36,40.6951666666667,-70.8845,NA,NA
"AT46","21",2022-02-20 23:53:45,41.0293333333333,-70.8816666666667,NA,NA
"AT46","22",2022-02-21 02:38:12,40.8603333333333,-70.8816666666667,NA,NA
"AT46","23",2022-02-21 11:38:33,41.3236666666667,-70.5631666666667,NA,NA
"AR66B","1",2022-04-20 14:23:50,41.0306666666667,-70.8825,NA,NA
"AR66B","2",2022-04-20 17:10:19,40.863,-70.8831666666667,NA,NA
"AR66B","3",2022-04-20 19:22:29,40.6966666666667,-70.8823333333333,NA,NA
"AR66B","4",2022-04-20 21:42:06,40.5125,-70.8821666666667,NA,NA
"AR66B","5",2022-04-21 01:04:14,40.3633333333333,-70.886,NA,NA
"AR66B","6",2022-04-21 15:02:40,39.9398333333333,-70.8815,NA,NA
"AR66B","7",2022-04-21 23:17:03,39.8543333333333,-70.6195,NA,NA
"AR66B","8",2022-04-22 01:46:58,39.7733333333333,-70.882,NA,NA
"AR66B","9",2022-04-22 04:45:39,39.7733333333333,-70.7751666666667,NA,NA
"AR66B","10",2022-04-22 06:29:35,39.7733333333333,-70.9913333333333,NA,NA
"AR66B","11",2022-04-22 14:46:01,39.9396666666667,-70.7748333333333,NA,NA
"AR66B","12",2022-04-22 21:47:18,40.0976666666667,-70.8848333333333,NA,NA
"AR66B","13",2022-04-23 00:26:36,40.0986666666667,-70.7743333333333,NA,NA
"AR66B","14",2022-04-23 01:53:29,40.0991666666667,-70.9935,NA,NA
"AR66B","15",2022-04-23 14:54:32,40.0981666666667,-70.8846666666667,NA,NA
"AR66B","16",2022-04-23 21:53:59,40.3635,-70.8823333333333,NA,NA
"AR66B","17",2022-04-23 23:57:24,40.3621666666667,-70.7746666666667,NA,NA
"AR66B","18",2022-04-24 01:32:53,40.3633333333333,-70.9925,NA,NA
"AR66B","19",2022-04-24 14:09:38,40.2265,-70.8831666666667,NA,NA
"AR66B","20",2022-04-24 22:02:59,40.134,-70.77,NA,NA
"AR66B","21",2022-04-25 14:06:50,40.3648333333333,-70.7758333333333,NA,NA
"AR66B","22",2022-04-25 21:07:41,40.3616666666667,-70.876,NA,NA
"AR66B","23",2022-04-26 00:13:46,40.2265,-70.8831666666667,NA,NA
"AR66B","24",2022-04-26 01:21:25,40.0985,-70.8851666666667,NA,NA
"AR66B","25",2022-04-26 02:14:01,40.019,-70.884,NA,NA
"AR66B","26",2022-04-26 03:12:56,39.9408333333333,-70.8828333333333,NA,NA
"AR66B","27",2022-04-26 04:29:39,39.8561666666667,-70.8828333333333,NA,NA
"AR66B","28",2022-04-26 05:39:31,39.7725,-70.8826666666667,NA,NA
"AR66B","29",2022-04-26 12:05:53,40.0983333333333,-71.4216666666667,NA,NA
"AR66B","30",2022-04-26 12:57:43,40.0986666666667,-71.3121666666667,NA,NA
"AR66B","31",2022-04-26 13:51:44,40.0981666666667,-71.2036666666667,NA,NA
"AR66B","32",2022-04-26 14:44:14,40.0985,-71.0951666666667,NA,NA
"AR66B","33",2022-04-26 15:40:47,40.0986666666667,-70.9891666666667,NA,NA
"AR66B","34",2022-04-26 16:36:50,40.0983333333333,-70.8845,NA,NA
"AR66B","35",2022-04-26 17:37:18,40.0981666666667,-70.776,NA,NA
"AR66B","36",2022-04-26 21:51:21,40.0993333333333,-70.665,NA,NA
"AR66B","37",2022-04-26 22:43:47,40.0983333333333,-70.5551666666667,NA,NA
"AR66B","38",2022-04-26 23:38:23,40.0978333333333,-70.4466666666667,NA,NA
"AR66B","39",2022-04-27 00:38:00,40.0983333333333,-70.3376666666667,NA,NA
"AR66B","40",2022-04-27 01:33:18,40.0973333333333,-70.2271666666667,NA,NA
"AR66B","41",2022-04-27 12:06:57,39.7725,-70.8823333333333,NA,NA
"AR66B","42",2022-04-27 13:25:50,39.8561666666667,-70.8825,NA,NA
"AR66B","43",2022-04-27 14:41:53,39.9341666666667,-70.876,NA,NA
"AR66B","44",2022-04-27 15:56:41,40.0195,-70.8836666666667,NA,NA
"AR66B","45",2022-04-27 16:59:50,40.0985,-70.8833333333333,NA,NA
"AR66B","46",2022-04-27 17:57:14,40.1615,-70.884,NA,NA
"AR66B","47",2022-04-27 18:47:42,40.2271666666667,-70.8836666666667,NA,NA
"AR66B","48",2022-04-27 19:45:21,40.296,-70.8833333333333,NA,NA
"AR66B","49",2022-04-27 20:38:33,40.3636666666667,-70.8823333333333,NA,NA
"AR66B","50",2022-04-27 21:54:55,40.5133333333333,-70.8826666666667,NA,NA
"AR66B","51",2022-04-27 23:22:48,40.6966666666667,-70.8828333333333,NA,NA
"AR66B","52",2022-04-28 00:47:31,40.8631666666667,-70.8835,NA,NA
"AR66B","53",2022-04-28 02:13:06,41.0293333333333,-70.8821666666667,NA,NA
"AR66B","54",2022-04-28 03:49:32,41.1963333333333,-70.8823333333333,NA,NA
"EN687","1",2022-07-29 19:15:46,41.1898333333333,-70.8766666666667,"L1",0.944035933002247
"EN687","2",2022-07-30 02:57:30,41.0276666666667,-70.8835,"L2",0.259672387540239
"EN687","3",2022-07-30 08:06:42,40.6943333333333,-70.7731666666667,"u4a",0.263055172015595
"EN687","4",2022-07-30 09:40:28,40.695,-70.9933333333333,"d4a",0.188802678911588
"EN687","5",2022-07-30 11:42:18,40.6991666666667,-70.8833333333333,"L4",0.273933069539403
"EN687","6",2022-07-30 14:06:04,40.5145,-70.8875,"L5",0.380075876510255
"EN687","7",2022-07-31 06:17:28,39.925,-70.8861666666667,"L10",1.68342902949295
"EN687","8",2022-07-31 11:19:34,39.7738333333333,-70.7803333333333,"u11a",0.46075571830376
"EN687","9",2022-07-31 12:59:29,39.7736666666667,-70.9941666666667,"d11a",0.215218106735478
"EN687","10",2022-07-31 15:51:53,39.7746666666667,-70.8851666666667,"L11",0.220458228793693
"EN687","11",2022-08-01 03:51:02,40.0948333333333,-70.7735,"u9a",0.389527240424641
"EN687","12",2022-08-01 05:33:15,40.0973333333333,-70.9918333333333,"d9a",0.121460084362085
"EN687","13",2022-08-01 07:42:59,40.0938333333333,-70.8828333333333,"L9",0.497556877244927
"EN687","14",2022-08-01 10:07:56,39.9455,-70.7748333333333,"L12",0.6108505292049
"EN687","15",2022-08-01 10:33:15,39.9466666666667,-70.7655,"L12",1.09869551291962
"EN687","16",2022-08-01 13:21:15,40.1413333333333,-70.7725,"L8",0.556842058083704
"EN687","17",2022-08-02 00:48:06,40.6978333333333,-70.88,"L4",0.305992764651051
"EN687","18",2022-08-02 03:22:33,40.3606666666667,-70.8833333333333,"L6",0.292423245989274
"EN687","19",2022-08-02 06:21:54,40.3588333333333,-70.7745,"u6a",0.496639913422682
"EN687","20",2022-08-02 07:56:37,40.359,-70.9956666666667,"d6a",0.548031328120379
"EN687","21",2022-08-02 10:56:45,40.2285,-70.8778333333333,"L7",0.506380013418977
"EN687","22",2022-08-02 21:14:19,40.8625,-70.8796666666667,"L3",0.31894661927571
"EN687","23",2022-08-03 01:23:46,41.0316666666667,-70.8841666666667,"L2",0.198923541595742
"EN687","24",2022-08-03 02:27:28,41.0283333333333,-70.7715,"u2a",0.203300484760532
"EN687","25",2022-08-03 03:59:45,41.0283333333333,-70.993,"d2a",0.210815041726616
"EN687","26",2022-08-03 07:58:41,41.3183333333333,-70.5758333333333,"MVCO",1.06439615823574
