cruise,cast,niskin,replicate,vol_filtered,filter_size,fd_calibrated,tau_calibrated,rb,ra,blank,rb_blank,ra_blank,chl,phaeo,iode_quality_flag
en608,1,11-12-13-14,a,151,>0&<200,1.393,2.13,122,64.1,0.521,121.479,63.579,6.040948637,1.454863884,1
en608,1,11-12-13-14,b,151,>0&<200,1.393,2.13,148,73.8,0.521,147.479,73.279,7.741595663,0.897823732,1
en608,1,11-12-13-14,c,151,>0&<200,1.393,2.13,132,70.8,0.521,131.479,70.279,6.385251409,1.900475138,1
en608,1,11-12-13-14,a,151,>10&<200,1.393,2.13,103,51.2,0.521,102.479,50.679,5.40451018,0.570423096,1
en608,1,11-12-13-14,b,151,>10&<200,1.393,2.13,114,61.4,0.521,113.479,60.879,5.487977519,1.689511439,1
en608,1,11-12-13-14,c,151,>10&<200,1.393,2.13,122,60.7,0.521,121.479,60.179,6.395684827,0.6992758,1
en608,1,11-12-13-14,a,151,>5&<200,1.393,2.13,115,58.1,0.521,114.479,57.579,5.936614464,0.851812362,1
en608,1,11-12-13-14,b,151,>5&<200,1.393,2.13,110,56.2,0.521,109.479,55.679,5.613178527,0.951242829,1
en608,1,11-12-13-14,c,151,>5&<200,1.393,2.13,117,58.8,0.521,116.479,58.279,6.072248889,0.798706267,1
en608,1,11-12-13-14,a,151,>20&<200,1.393,2.13,100,54.9,0.521,99.479,54.379,4.705471218,1.705683236,1
en608,1,11-12-13-14,b,151,>20&<200,1.393,2.13,89.9,56.9,0.521,89.379,56.379,3.443027721,3.203921966,1
en608,1,11-12-13-14,c,151,>20&<200,1.393,2.13,87.5,56.1,0.521,86.979,55.579,3.276093043,3.27653855,1
en608,5,17-18-19-20,a,151,>0&<200,1.393,2.13,71,44.4,0.501,70.499,43.899,2.775289011,2.400298429,1
en608,5,17-18-19-20,b,151,>0&<200,1.393,2.13,68.7,42.1,0.501,68.199,41.599,2.775289011,2.129133912,1
en608,5,17-18-19-20,c,151,>0&<200,1.393,2.13,72.5,42.9,0.501,71.999,42.399,3.088291531,1.910449485,1
en608,5,17-18-19-20,a,151,>10&<200,1.393,2.13,63.3,32.2,0.501,62.799,31.699,3.244792791,0.492443735,1
en608,5,17-18-19-20,b,151,>10&<200,1.393,2.13,61.9,31.6,0.501,61.399,31.099,3.161325453,0.505172504,1
en608,5,17-18-19-20,c,151,>10&<200,1.393,2.13,62.5,31.5,0.501,61.999,30.999,3.234359374,0.420348821,1
en608,5,17-18-19-20,a,151,>5&<200,1.393,2.13,66.3,34.8,0.501,65.799,34.299,3.286526461,0.757243867,1
en608,5,17-18-19-20,b,151,>5&<200,1.393,2.13,59.6,32.5,0.501,59.099,31.999,2.827456098,0.945149713,1
en608,5,17-18-19-20,c,151,>5&<200,1.393,2.13,67,34,0.501,66.499,33.499,3.443027721,0.506424514,1
en608,5,17-18-19-20,a,151,>20&<200,1.393,2.13,60.6,30.4,0.501,60.099,29.899,3.150892035,0.374128782,1
en608,5,17-18-19-20,b,151,>20&<200,1.393,2.13,45.1,24.1,0.501,44.599,23.599,2.191017641,0.591248197,1
en608,5,17-18-19-20,c,151,>20&<200,1.393,2.13,45.2,24.7,0.501,44.699,24.199,2.138850554,0.714153853,1
en608,8,20-21-22-23,a,151,>0&<200,1.393,2.13,77.3,44,0.505,76.795,43.495,3.474327973,1.653628831,1
en608,8,20-21-22-23,b,151,>0&<200,1.393,2.13,71.7,40.6,0.505,71.195,40.095,3.244792791,1.482312118,1
en608,8,20-21-22-23,c,151,>0&<200,1.393,2.13,69.8,44.2,0.505,69.295,43.695,2.670954838,2.480581489,1
en608,8,20-21-22-23,a,151,>10&<200,1.393,2.13,46.3,33,0.505,45.795,32.495,1.387644506,2.443438523,3
en608,8,20-21-22-23,b,151,>10&<200,1.393,2.13,61.8,33.8,0.505,61.295,33.295,2.921356854,1.004044267,1
en608,8,20-21-22-23,c,151,>10&<200,1.393,2.13,48.4,34.2,0.505,47.895,33.695,1.481545262,2.491014906,3
en608,8,20-21-22-23,a,151,>5&<200,1.393,2.13,64.1,34,0.505,63.595,33.495,3.140458618,0.808522026,1
en608,8,20-21-22-23,b,151,>5&<200,1.393,2.13,63,31.5,0.505,62.495,30.995,3.286526461,0.367710144,1
en608,8,20-21-22-23,c,151,>5&<200,1.393,2.13,63.7,33.7,0.505,63.195,33.195,3.130025201,0.783586159,1
en608,8,20-21-22-23,a,151,>20&<200,1.393,2.13,58.1,31.8,0.505,57.595,31.295,2.743988759,0.94561713,1
en608,8,20-21-22-23,b,151,>20&<200,1.393,2.13,49.5,29.2,0.505,48.995,28.695,2.117983719,1.265088369,1
en608,8,20-21-22-23,c,151,>20&<200,1.393,2.13,44.6,31.9,0.505,44.095,31.395,1.325044002,2.376351649,1
en608,15,22-23-24,a,151,>0&<200,1.393,2.13,41.2,19.8,0.5475,40.6525,19.2525,2.23275131,0.03707254,3
en608,15,22-23-24,b,151,>0&<200,1.393,2.13,35.6,17.8,0.5475,35.0525,17.2525,1.857148286,0.176880332,1
en608,15,22-23-24,c,151,>0&<200,1.393,2.13,NaN,NaN,0.5475,NaN,NaN,NaN,NaN,9
en608,15,22-23-24,a,151,>10&<200,1.393,2.13,39.6,19.3,0.5475,39.0525,18.7525,2.117983719,0.092891323,1
en608,15,22-23-24,b,151,>10&<200,1.393,2.13,39.2,19.2,0.5475,38.6525,18.6525,2.086683467,0.112401813,1
en608,15,22-23-24,c,151,>10&<200,1.393,2.13,NaN,NaN,0.5475,NaN,NaN,NaN,NaN,9
en608,19,11-12,a,151,>0&<200,1.393,2.13,38.6,23.5,0.541,38.059,22.959,1.575446018,1.131365346,1
en608,19,11-12,b,151,>0&<200,1.393,2.13,39.7,25,0.541,39.159,24.459,1.533712348,1.349945439,1
en608,19,11-12,c,151,>0&<200,1.393,2.13,36.4,21.9,0.541,35.859,21.359,1.512845514,1.005329664,1
en608,19,15,a,151,>0&<200,1.393,2.13,38.2,26.8,0.541,37.659,26.259,1.189409576,1.906463919,1
en608,19,15,b,151,>0&<200,1.393,2.13,47.3,29.3,0.541,46.759,28.759,1.87801512,1.512602415,1
en608,19,15,c,151,>0&<200,1.393,2.13,45.9,27.5,0.541,45.359,26.959,1.91974879,1.258653037,1
en608,19,21-22-23,a,151,>0&<200,1.393,2.13,50.2,34.1,0.541,49.659,33.559,1.763769201,2.390583196,1
en608,19,21-22-23,b,151,>0&<200,1.393,2.13,42.8,25.3,0.541,42.259,24.759,1.917140435,1.14783799,1
en608,19,21-22-23,c,151,>0&<200,1.393,2.13,43.4,25,0.541,42.859,24.459,2.015736229,1.012104447,1
en608,19,21-22-23,a,151,>10&<200,1.393,2.13,26.6,14.5,0.541,26.059,13.959,1.325565673,0.402453789,1
en608,19,21-22-23,b,151,>10&<200,1.393,2.13,24.5,13.7,0.541,23.959,13.159,1.183149526,0.445835938,1
en608,19,21-22-23,c,151,>10&<200,1.393,2.13,23.3,12.1,0.541,22.759,11.559,1.226969879,0.203947591,1
en608,19,21-22-23,a,151,>5&<200,1.393,2.13,25.2,13.3,0.541,24.659,12.759,1.303655496,0.275812969,1
en608,19,21-22-23,b,151,>5&<200,1.393,2.13,19.7,13.7,0.541,19.159,13.159,0.657305292,0.971680172,3
en608,19,21-22-23,c,151,>5&<200,1.393,2.13,33.4,17.1,0.541,32.859,16.559,1.785679377,0.264200576,1
en608,19,21-22-23,a,151,>20&<200,1.393,2.13,23.4,14.3,0.541,22.859,13.759,0.996913026,0.706347936,1
en608,19,21-22-23,b,151,>20&<200,1.393,2.13,22.6,12.1,0.541,22.059,11.559,1.150284261,0.280633208,1
en608,19,21-22-23,c,151,>20&<200,1.393,2.13,24.8,14.8,0.541,24.259,14.259,1.09550882,0.66964839,1
en617,1,13-14-15,a,120,>0&<200,1.3933,2.129904724,28,16.2,0.513,27.487,15.687,1.549583564,0.778050557,1
en617,1,13-14-15,b,120,>0&<200,1.3933,2.129904724,27.8,16.4,0.513,27.287,15.887,1.497055307,0.860254776,1
en617,1,13-14-15,c,120,>0&<200,1.3933,2.129904724,27.6,16.7,0.513,27.087,16.187,1.431394987,0.97042904,1
en617,1,13-14-15,a,120,>10&<200,1.3933,2.129904724,5.87,3.35,0.513,5.357,2.837,0.330928015,0.090025513,1
en617,1,13-14-15,b,120,>10&<200,1.3933,2.129904724,5.6,3.17,0.513,5.087,2.657,0.319109158,0.075136004,1
en617,1,13-14-15,c,120,>10&<200,1.3933,2.129904724,6.16,3.53,0.513,5.647,3.017,0.345373286,0.102288609,1
en617,1,13-14-15,a,120,>5&<200,1.393,2.129904724,9.06,5.04,0.513,8.547,4.527,0.527795309,0.143775471,1
en617,1,13-14-15,b,120,>5&<200,1.393,2.129904724,9.68,5.41,0.513,9.167,4.897,0.560618401,0.165841089,1
en617,1,13-14-15,c,120,>5&<200,1.393,2.129904724,9.24,5.21,0.513,8.727,4.697,0.529108233,0.167681684,1
en617,1,13-14-15,a,120,>20&<200,1.393,2.129904724,2.55,1.59,0.513,2.037,1.077,0.126040671,0.033729979,1
en617,1,13-14-15,b,120,>20&<200,1.393,2.129904724,2.06,1.37,0.513,1.547,0.857,0.090591732,0.036542387,1
en617,1,13-14-15,c,120,>20&<200,1.393,2.129904724,1.97,1.26,0.513,1.457,0.747,0.09321758,0.017598275,1
en617,5,17-18-19-20,a,120,>0&<200,1.3933,2.129904724,9.16,5.39,0.513,8.647,4.877,0.495078816,0.22856953,1
en617,5,17-18-19-20,b,120,>0&<200,1.3933,2.129904724,9.17,5.49,0.513,8.657,4.977,0.483259959,0.255226369,1
en617,5,17-18-19-20,c,120,>0&<200,1.3933,2.129904724,9.28,5.6,0.513,8.767,5.087,0.483259959,0.271548148,1
en617,5,17-18-19-20,a,120,>10&<200,1.3933,2.129904724,1.08,0.83,0.513,0.567,0.317,0.03283016,0.01420624,1
en617,5,17-18-19-20,b,120,>10&<200,1.3933,2.129904724,1,0.78,0.513,0.487,0.267,0.028890541,0.010726869,1
en617,5,17-18-19-20,c,120,>10&<200,1.3933,2.129904724,1.09,0.835,0.513,0.577,0.322,0.033486763,0.014291536,1
en617,5,17-18-19-20,a,120,>5&<200,1.3933,2.129904724,1.6,1.08,0.513,1.087,0.567,0.068286733,0.01584462,1
en617,5,17-18-19-20,b,120,>5&<200,1.3933,2.129904724,1.69,1.12,0.513,1.177,0.607,0.074852765,0.015213781,1
en617,5,17-18-19-20,c,120,>5&<200,1.3933,2.129904724,1.63,1.09,0.513,1.117,0.577,0.070913146,0.014702006,1
en617,5,17-18-19-20,a,120,>20&<200,1.3933,2.129904724,1.06,0.85,0.513,0.547,0.337,0.027577335,0.022426662,1
en617,5,17-18-19-20,b,120,>20&<200,1.3933,2.129904724,1.1,0.859,0.513,0.587,0.346,0.031648274,0.019691141,1
en617,5,17-18-19-20,c,120,>20&<200,1.3933,2.129904724,1.12,0.873,0.513,0.607,0.36,0.032436198,0.020980534,1
en617,8,17-18-19-20,a,120,>0&<200,1.3933,2.129904724,11.1,6.3,0.507,10.593,5.793,0.630339077,0.229225178,1
en617,8,17-18-19-20,b,120,>0&<200,1.3933,2.129904724,10.9,6.27,0.507,10.393,5.763,0.608014568,0.247098292,1
en617,8,17-18-19-20,c,120,>0&<200,1.3933,2.129904724,11.3,6.81,0.507,10.793,6.303,0.589629678,0.345608281,1
en617,8,17-18-19-20,a,120,>10&<200,1.3933,2.129904724,0.86,0.72,0.507,0.353,0.213,0.01838489,0.01322001,1
en617,8,17-18-19-20,b,120,>10&<200,1.3933,2.129904724,0.817,0.68,0.507,0.31,0.173,0.017990928,0.00767878,1
en617,8,17-18-19-20,c,120,>10&<200,1.3933,2.129904724,1.18,1.03,0.507,0.673,0.523,0.019698096,0.057904546,3
en617,8,17-18-19-20,a,120,>5&<200,1.3933,2.129904724,1.64,1.11,0.507,1.133,0.603,0.06959994,0.019873087,1
en617,8,17-18-19-20,b,120,>5&<200,1.3933,2.129904724,1.6,1.08,0.507,1.093,0.573,0.068286733,0.016734899,1
en617,8,17-18-19-20,c,120,>5&<200,1.3933,2.129904724,1.67,1.14,0.507,1.163,0.633,0.06959994,0.024324482,1
en617,8,17-18-19-20,a,120,>20&<200,1.3933,2.129904724,0.75,0.655,0.507,0.243,0.148,0.012475461,0.009484751,1
en617,8,17-18-19-20,b,120,>20&<200,1.3933,2.129904724,0.871,0.703,0.507,0.364,0.196,0.022061868,0.007020576,1
en617,8,17-18-19-20,c,120,>20&<200,1.3933,2.129904724,0.757,0.652,0.507,0.25,0.145,0.013788667,0.007726406,1
en617,14,20-21-22-23-24,a,120,>0&<200,1.3933,2.129904724,6.57,4.15,0.425,6.145,3.725,0.317795951,0.234918851,1
en617,14,20-21-22-23-24,b,120,>0&<200,1.3933,2.129904724,6.69,4.19,0.425,6.265,3.765,0.328301602,0.230348392,1
en617,14,20-21-22-23-24,c,120,>0&<200,1.3933,2.129904724,7.36,4.59,0.425,6.935,4.165,0.363758176,0.254243744,1
en617,14,20-21-22-23-24,a,120,>10&<200,1.3933,2.129904724,0.776,0.993,0.425,0.351,0.568,-0.028496579,0.112776313,4
en617,14,20-21-22-23-24,b,120,>10&<200,1.3933,2.129904724,1.38,1.02,0.425,0.955,0.595,0.047275431,0.041010558,1
en617,14,20-21-22-23-24,c,120,>10&<200,1.3933,2.129904724,1.37,0.993,0.425,0.945,0.568,0.049507882,0.034771852,1
en617,14,20-21-22-23-24,a,120,>5&<200,1.3933,2.129904724,1.88,1.19,0.425,1.455,0.765,0.090611242,0.022899314,1
en617,14,20-21-22-23-24,b,120,>5&<200,1.3933,2.129904724,1.95,1.31,0.425,1.525,0.885,0.08404521,0.047270924,1
en617,14,20-21-22-23-24,c,120,>5&<200,1.3933,2.129904724,1.93,1.35,0.425,1.505,0.925,0.076165972,0.061085355,3
en617,14,20-21-22-23-24,a,120,>20&<200,1.3933,2.129904724,0.798,0.654,0.425,0.373,0.229,0.018910172,0.015068805,1
en617,14,20-21-22-23-24,b,120,>20&<200,1.3933,2.129904724,0.813,0.647,0.425,0.388,0.222,0.021799226,0.011141092,1
en617,14,20-21-22-23-24,c,120,>20&<200,1.3933,2.129904724,0.801,0.656,0.425,0.376,0.231,0.019041493,0.015234244,1
en617,18,19-20,a,120,>0&<200,1.3933,2.129904724,6.23,3.89,0.5085,5.7215,3.3815,0.3072903,0.194456036,1
en617,18,19-20,b,120,>0&<200,1.3933,2.129904724,6.31,3.7,0.5085,5.8015,3.1915,0.342746873,0.130807299,1
en617,18,19-20,c,120,>0&<200,1.3933,2.129904724,6.34,4,0.5085,5.8315,3.4915,0.3072903,0.210777816,1
en617,18,19-20,a,120,>10&<200,1.3933,2.129904724,1.14,0.821,0.5085,0.6315,0.3125,0.041891284,0.004477407,1
en617,18,19-20,b,120,>10&<200,1.3933,2.129904724,1.05,0.667,0.5085,0.5415,0.1585,0.050295805,-0.026777605,3
en617,18,19-20,c,120,>10&<200,1.3933,2.129904724,1.05,0.764,0.5085,0.5415,0.2555,0.037557703,0.000353339,1
en617,18,19-20,a,120,>5&<200,1.3933,2.129904724,1.44,0.973,0.5085,0.9315,0.4645,0.061326739,0.007595684,1
en617,18,19-20,b,120,>5&<200,1.3933,2.129904724,1.2,0.871,0.5085,0.6915,0.3625,0.043204491,0.010583191,1
en617,18,19-20,c,120,>5&<200,1.3933,2.129904724,1.35,0.926,0.5085,0.8415,0.4175,0.055679952,0.00626862,1
en617,18,19-20,a,120,>20&<200,1.3933,2.129904724,0.702,0.598,0.5085,0.1935,0.0895,0.013657347,-0.000377353,3
en617,18,19-20,b,120,>20&<200,1.3933,2.129904724,0.736,0.646,0.5085,0.2275,0.1375,0.011818858,0.008583367,1
en617,18,19-20,c,120,>20&<200,1.3933,2.129904724,0.743,0.62,0.5085,0.2345,0.1115,0.016152439,0.00039191,1
en617,21,14-15,a,120,>0&<200,1.3933,2.129904724,33.9,19.1,0.5085,33.3915,18.5915,1.943545486,0.815057799,1
en617,21,14-15,b,120,>0&<200,1.3933,2.129904724,34.1,19.2,0.5085,33.5915,18.6915,1.956677551,0.816763717,1
en617,21,14-15,c,120,>0&<200,1.3933,2.129904724,33.2,19.2,0.5085,32.6915,18.6915,1.838488974,0.934952294,1
en617,21,14-15,a,120,>10&<200,1.3933,2.129904724,9.3,5.11,0.5085,8.7915,4.6015,0.550233486,0.132536222,1
en617,21,14-15,b,120,>10&<200,1.3933,2.129904724,10.6,5.69,0.5085,10.0915,5.1815,0.644784347,0.124045652,1
en617,21,14-15,c,120,>10&<200,1.3933,2.129904724,11.1,6.5,0.5085,10.5915,5.9915,0.604074948,0.284942699,1
en617,21,14-15,a,120,>5&<200,1.3933,2.129904724,13.2,6.77,0.5085,12.6915,6.2615,0.844391721,0.084688475,1
en617,21,14-15,b,120,>5&<200,1.3933,2.129904724,15.2,7.84,0.5085,14.6915,7.3315,0.966519918,0.121326678,1
en617,21,14-15,c,120,>5&<200,1.3933,2.129904724,13.9,7.71,0.5085,13.3915,7.2015,0.812874768,0.255682453,1
en617,21,14-15,a,120,>20&<200,1.3933,2.129904724,1.62,1.11,0.5085,1.1115,0.6015,0.066973527,0.02227693,1
en617,21,14-15,b,120,>20&<200,1.3933,2.129904724,1.84,1.32,0.5085,1.3315,0.8115,0.068286733,0.052123485,1
en617,21,14-15,c,120,>20&<200,1.3933,2.129904724,1.75,1.26,0.5085,1.2415,0.7515,0.064347114,0.047160315,1
en617,21,17-18,a,120,>0&<200,1.3933,2.129904724,14.2,8.45,0.5085,13.6915,7.9415,0.755093686,0.423264596,1
en617,21,17-18,b,120,>0&<200,1.3933,2.129904724,13.3,8.5,0.5085,12.7915,7.9915,0.630339077,0.555438196,3
en617,21,17-18,c,120,>0&<200,1.3933,2.129904724,13.3,7.72,0.5085,12.7915,7.2115,0.732769177,0.337271842,1
en617,21,17-18,a,120,>10&<200,1.3933,2.129904724,3.8,2.22,0.5085,3.2915,1.7115,0.207486613,0.046465437,1
en617,21,17-18,b,120,>10&<200,1.3933,2.129904724,4.36,2.49,0.5085,3.8515,1.9815,0.245569599,0.048445,1
en617,21,17-18,c,120,>10&<200,1.3933,2.129904724,4.07,2.38,0.5085,3.5615,1.8715,0.221931883,0.055760936,1
en617,21,17-18,a,120,>5&<200,1.3933,2.129904724,4.84,2.81,0.5085,4.3315,2.3015,0.266580901,0.074915238,1
en617,21,17-18,b,120,>5&<200,1.3933,2.129904724,4.95,2.87,0.5085,4.4415,2.3615,0.273146933,0.077251994,1
en617,21,17-18,c,120,>5&<200,1.3933,2.129904724,4.32,2.54,0.5085,3.8115,2.0315,0.233750741,0.067682848,1
en617,21,17-18,a,120,>20&<200,1.3933,2.129904724,1.49,1.09,0.5085,0.9815,0.5815,0.052528256,0.033754605,1
en617,21,17-18,b,120,>20&<200,1.3933,2.129904724,1.4,0.985,0.5085,0.8915,0.4765,0.054498066,0.016204915,1
en617,21,17-18,c,120,>20&<200,1.3933,2.129904724,1.6,1.07,0.5085,1.0915,0.5615,0.06959994,0.013715325,1
en617,21,19-21-23-24,a,120,>0&<200,1.3933,2.129904724,6.83,4.21,0.5085,6.3215,3.7015,0.344060079,0.205167797,1
en617,21,19-21-23-24,b,120,>0&<200,1.3933,2.129904724,7.33,4.42,0.5085,6.8215,3.9115,0.382143065,0.198244572,1
en617,21,19-21-23-24,c,120,>0&<200,1.3933,2.129904724,6.84,3.91,0.5085,6.3315,3.4015,0.384769478,0.119944454,1
en617,21,19-21-23-24,a,120,>10&<200,1.3933,2.129904724,2.47,1.5,0.5085,1.9615,0.9915,0.127381022,0.019737562,1
en617,21,19-21-23-24,b,120,>10&<200,1.3933,2.129904724,2.13,1.4,0.5085,1.6215,0.8915,0.095864068,0.036416535,1
en617,21,19-21-23-24,c,120,>10&<200,1.3933,2.129904724,2.32,1.47,0.5085,1.8115,0.9615,0.111622545,0.031044645,1
en617,21,19-21-23-24,a,120,>5&<200,1.3933,2.129904724,2.82,1.73,0.5085,2.3115,1.2215,0.143139499,0.038106442,1
en617,21,19-21-23-24,b,120,>5&<200,1.3933,2.129904724,2.88,1.74,0.5085,2.3715,1.2315,0.149705531,0.033024209,1
en617,21,19-21-23-24,c,120,>5&<200,1.3933,2.129904724,2.49,1.55,0.5085,1.9815,1.0415,0.123441403,0.031096172,1
en617,21,19-21-23-24,a,120,>20&<200,1.3933,2.129904724,0.772,0.64,0.5085,0.2635,0.1315,0.017334325,0.002177621,1
en617,21,19-21-23-24,b,120,>20&<200,1.3933,2.129904724,0.794,0.686,0.5085,0.2855,0.1775,0.014182629,0.012154788,1
en617,21,19-21-23-24,c,120,>20&<200,1.3933,2.129904724,0.722,0.679,0.5085,0.2135,0.1705,0.005646788,0.01965197,3
en627,3,8-10-11,a,152,>0&<200,0.324655349,2.154519162,222,160,2.46,219.54,157.55,1.482521762,2.867575764,1
en627,3,8-10-11,b,152,>0&<200,0.324655349,2.154519162,253,157,2.46,250.54,154.55,2.295648716,1.971616106,1
en627,3,8-10-11,c,152,>0&<200,0.324655349,2.154519162,288,166,2.46,285.54,163.55,2.917451681,1.598311254,1
en627,3,8-10-11,a,152,>10&<200,0.324655349,2.154519162,NaN,NaN,2.46,NaN,NaN,NaN,NaN,9
en627,3,8-10-11,b,152,>10&<200,0.324655349,2.154519162,NaN,NaN,2.46,NaN,NaN,NaN,NaN,9
en627,3,8-10-11,c,152,>10&<200,0.324655349,2.154519162,199,100,2.46,196.54,97.55,2.367395212,0.326048226,1
en627,3,8-10-11,a,152,>5&<200,0.324655349,2.154519162,241,123,2.46,238.54,120.55,2.821789686,0.506704485,1
en627,3,8-10-11,b,152,>5&<200,0.324655349,2.154519162,231,122,2.46,228.54,119.55,2.606550198,0.694333072,1
en627,3,8-10-11,c,152,>5&<200,0.324655349,2.154519162,276,136,2.46,273.54,133.55,3.347930657,0.339505234,1
en627,3,8-10-11,a,152,>20&<200,0.324655349,2.154519162,213,108,2.46,210.54,105.55,2.510888204,0.403442446,1
en627,3,8-10-11,b,152,>20&<200,0.324655349,2.154519162,189,95.5,2.46,186.54,93.05,2.235859969,0.333334412,1
en627,3,8-10-11,c,152,>20&<200,0.324655349,2.154519162,208,105,2.46,205.54,102.55,2.463057206,0.368440739,1
en627,8,9-10-11,a,152,>0&<200,0.324655349,2.154519162,304,172,2.79,301.21,169.455,3.150986525,1.527818783,1
en627,8,9-10-11,b,152,>0&<200,0.324655349,2.154519162,297,168,2.79,294.21,165.455,3.079240029,1.489121673,1
en627,8,9-10-11,c,152,>0&<200,0.324655349,2.154519162,313,170,2.79,310.21,167.455,3.41405701,1.209526494,1
en627,8,9-10-11,a,152,>10&<200,0.324655349,2.154519162,259,129,2.79,256.21,126.455,3.103155528,0.388381017,1
en627,8,9-10-11,b,152,>10&<200,0.324655349,2.154519162,300,153,2.79,297.21,150.455,3.509719005,0.644479175,1
en627,8,9-10-11,c,152,>10&<200,0.324655349,2.154519162,259,129,2.79,256.21,126.455,3.103155528,0.388381017,1
en627,8,9-10-11,a,152,>5&<200,0.324655349,2.154519162,275,135,2.79,272.21,132.455,3.342310515,0.314891439,1
en627,8,9-10-11,b,152,>5&<200,0.324655349,2.154519162,316,154,2.79,313.21,151.455,3.868451485,0.313357597,1
en627,8,9-10-11,c,152,>5&<200,0.324655349,2.154519162,238,117,2.79,235.21,114.455,2.88791604,0.272289687,1
en627,8,9-10-11,a,152,>20&<200,0.324655349,2.154519162,284,139,2.79,281.21,136.455,3.461888008,0.305757552,1
en627,8,9-10-11,b,152,>20&<200,0.324655349,2.154519162,236,131,2.79,233.21,128.455,2.505268062,1.041490286,1
en627,8,9-10-11,c,152,>20&<200,0.324655349,2.154519162,260,127,2.79,257.21,124.455,3.174902024,0.261412718,1
en627,11|12,11|11-12,a,152,>0&<200,0.324655349,2.154519162,207,129,2.095,204.905,126.905,1.865408895,1.638552555,1
en627,11|12,11|11-12,b,152,>0&<200,0.324655349,2.154519162,200,123,2.095,197.905,120.905,1.841493396,1.496802645,1
en627,11|12,11|11-12,c,152,>0&<200,0.324655349,2.154519162,264,131,2.095,261.905,128.905,3.180761321,0.378421932,1
en627,11|12,11|11-12,a,152,>10&<200,0.324655349,2.154519162,153,84.2,2.095,150.905,82.105,1.645386307,0.621606757,3
en627,11|12,11|11-12,b,152,>10&<200,0.324655349,2.154519162,140,75.1,2.095,137.905,73.005,1.552115863,0.463617999,1
en627,11|12,11|11-12,c,152,>10&<200,0.324655349,2.154519162,183,91.5,2.095,180.905,89.405,2.188268127,0.280284519,1
en627,11|12,11|11-12,a,152,>5&<200,0.324655349,2.154519162,176,95.3,2.095,173.905,93.205,1.929980741,0.64349333,1
en627,11|12,11|11-12,b,152,>5&<200,0.324655349,2.154519162,125,88.3,2.095,122.905,86.205,0.877698801,1.50249896,3
en627,11|12,11|11-12,c,152,>5&<200,0.324655349,2.154519162,191,97.7,2.095,188.905,95.605,2.231316024,0.40842421,1
en627,11|12,11|11-12,a,152,>20&<200,0.324655349,2.154519162,138,90.8,2.095,135.905,88.705,1.128811537,1.320413478,3
en627,11|12,11|11-12,b,152,>20&<200,0.324655349,2.154519162,152,86.8,2.095,149.905,84.705,1.559290512,0.779490896,1
en627,11|12,11|11-12,c,152,>20&<200,0.324655349,2.154519162,147,85.3,2.095,144.905,83.205,1.475586267,0.821778789,1
en627,18|19,11-12|11-12,a,152,>0&<200,0.324655349,2.154519162,116,64.1,2.44,113.56,61.69,1.240496915,0.462819596,1
en627,18|19,11-12|11-12,b,152,>0&<200,0.324655349,2.154519162,115,62,2.44,112.56,59.59,1.266803964,0.378529655,1
en627,18|19,11-12|11-12,c,152,>0&<200,0.324655349,2.154519162,120,63.5,2.44,117.56,61.09,1.350508209,0.336241762,1
en627,18|19,11-12|11-12,a,152,>10&<200,0.324655349,2.154519162,43.3,23.5,2.44,40.86,21.09,0.472809408,0.109504504,1
en627,18|19,11-12|11-12,b,152,>10&<200,0.324655349,2.154519162,52.7,27.9,2.44,50.26,25.49,0.592386902,0.111414977,1
en627,18|19,11-12|11-12,c,152,>10&<200,0.324655349,2.154519162,54.1,28.2,2.44,51.66,25.79,0.61869395,0.093391199,1
en627,18|19,11-12|11-12,a,152,>5&<200,0.324655349,2.154519162,76.5,40.7,2.44,74.06,38.29,0.855457387,0.20176403,1
en627,18|19,11-12|11-12,b,152,>5&<200,0.324655349,2.154519162,54.8,29.9,2.44,52.36,27.49,0.594778452,0.16424523,1
en627,18|19,11-12|11-12,c,152,>5&<200,0.324655349,2.154519162,43.2,33.7,2.44,40.76,31.29,0.226479772,0.637465335,3
en627,18|19,11-12|11-12,a,152,>20&<200,0.324655349,2.154519162,51,28.7,2.44,48.56,26.29,0.532598155,0.193292444,1
en627,18|19,11-12|11-12,b,152,>20&<200,0.324655349,2.154519162,51.8,26.8,2.44,49.36,24.39,0.597170001,0.076259885,1
en627,18|19,11-12|11-12,c,152,>20&<200,0.324655349,2.154519162,48.2,25.6,2.44,45.76,23.19,0.539772805,0.100524,1
en627,23|24,10-11|11-12,a,152,>0&<200,0.324655349,2.154519162,229,124,2.425,226.575,121.555,2.511605669,0.844637459,1
en627,23|24,10-11|11-12,b,152,>0&<200,0.324655349,2.154519162,215,120,2.425,212.575,117.555,2.272450682,0.97334884,1
en627,23|24,10-11|11-12,c,152,>0&<200,0.324655349,2.154519162,179,119,2.425,176.575,116.555,1.435408229,1.782780391,1
en627,23|24,10-11|11-12,a,152,>10&<200,0.324655349,2.154519162,124,62.9,2.425,121.575,60.455,1.461715278,0.20750177,1
en627,23|24,10-11|11-12,b,152,>10&<200,0.324655349,2.154519162,118,57.4,2.425,115.575,54.955,1.449757528,0.067599562,1
en627,23|24,10-11|11-12,c,152,>10&<200,0.324655349,2.154519162,110,49.2,2.425,107.575,46.755,1.454540628,-0.16359293,3
en627,23|24,10-11|11-12,a,152,>5&<200,0.324655349,2.154519162,88,45.6,2.425,85.575,43.155,1.014495453,0.177053,1
en627,23|24,10-11|11-12,b,152,>5&<200,0.324655349,2.154519162,94.6,49.1,2.425,92.175,46.655,1.088633499,0.199553109,1
en627,23|24,10-11|11-12,c,152,>5&<200,0.324655349,2.154519162,115,57.4,2.425,112.575,54.955,1.378011032,0.139346058,1
en627,23|24,10-11|11-12,a,152,>20&<200,0.324655349,2.154519162,71.9,40.6,2.425,69.475,38.155,0.749033418,0.304460528,1
en627,23|24,10-11|11-12,b,152,>20&<200,0.324655349,2.154519162,97.9,49.1,2.425,95.475,46.655,1.167554644,0.120631964,1
en627,23|24,10-11|11-12,c,152,>20&<200,0.324655349,2.154519162,88.1,42.5,2.425,85.675,40.055,1.091025049,0.01492961,1
en627,30,1-2-3-4,a,152,>0&<200,0.324655349,2.154519162,229,135,2.34,226.66,132.67,2.247817719,1.415320579,1
en627,30,1-2-3-4,b,152,>0&<200,0.324655349,2.154519162,242,128,2.34,239.66,125.67,2.726127692,0.743734296,1
en627,30,1-2-3-4,c,152,>0&<200,0.324655349,2.154519162,230,137,2.34,227.66,134.67,2.22390222,1.49445788,1
en627,30,1-2-3-4,a,152,>0,0.324655349,2.154519162,236,142,2.34,233.66,139.67,2.247817719,1.608596889,1
en627,30,1-2-3-4,b,152,>0,0.324655349,2.154519162,231,126,2.34,228.66,123.67,2.510888204,0.903751981,1
en627,30,1-2-3-4,c,152,>0,0.324655349,2.154519162,207,122,2.34,204.66,119.67,2.032578231,1.271618348,1
en627,25,5-6,a,152,>0&<200,0.324655349,2.154519162,197,127,2.39,194.61,124.695,1.672052088,1.77088927,1
en627,25,5-6,b,152,>0&<200,0.324655349,2.154519162,168,118,2.39,165.61,115.695,1.193742115,2.00070113,1
en627,25,5-6,c,152,>0&<200,0.324655349,2.154519162,177,108,2.39,174.61,105.695,1.64813659,1.270197641,1
en627,25,5-6,a,152,>10&<200,0.324655349,2.154519162,95.7,49.6,2.39,93.31,47.295,1.100471671,0.205385914,1
en627,25,5-6,b,152,>10&<200,0.324655349,2.154519162,99.9,50.9,2.39,97.51,48.595,1.169826617,0.17192514,1
en627,25,5-6,c,152,>10&<200,0.324655349,2.154519162,112,57.3,2.39,109.61,54.995,1.306144959,0.212316567,1
en627,25,9-10-11,a,152,>0&<200,0.324655349,2.154519162,207,119,2.39,204.61,116.695,2.102531064,1.119523082,1
en627,25,9-10-11,b,152,>0&<200,0.324655349,2.154519162,190,136,2.39,187.61,133.695,1.28940411,2.402035361,1
en627,25,9-10-11,c,152,>0&<200,0.324655349,2.154519162,245,138,2.39,242.61,135.695,2.556925539,1.189735736,1
en627,25,9-10-11,a,152,>10&<200,0.324655349,2.154519162,100,51.8,2.39,97.61,49.495,1.150694218,0.21590735,1
en627,25,9-10-11,b,152,>10&<200,0.324655349,2.154519162,121,61.3,2.39,118.61,58.995,1.425722452,0.20318268,1
en627,25,9-10-11,c,152,>10&<200,0.324655349,2.154519162,139,68.8,2.39,136.61,66.495,1.676835188,0.159151705,1
en627,25,9-10-11,a,152,>5&<200,0.324655349,2.154519162,151,76.2,2.39,148.61,73.895,1.786846482,0.253461082,1
en627,25,9-10-11,b,152,>5&<200,0.324655349,2.154519162,117,59.8,2.39,114.61,57.495,1.365933706,0.221555074,1
en627,25,9-10-11,c,152,>5&<200,0.324655349,2.154519162,143,71.7,2.39,140.61,69.395,1.703142237,0.212916271,1
en627,25,9-10-11,a,152,>20&<200,0.324655349,2.154519162,108,55.3,2.39,105.61,52.995,1.258313962,0.204925761,1
en627,25,9-10-11,b,152,>20&<200,0.324655349,2.154519162,97.5,49,2.39,95.11,46.695,1.157868867,0.131422177,1
en627,25,9-10-11,c,152,>20&<200,0.324655349,2.154519162,134,66.7,2.39,131.61,64.395,1.607480242,0.170523758,1
en627,25,1-2,a,152,>0&<200,0.324655349,2.154519162,142,86.4,2.39,139.61,84.095,1.327668908,0.994269851,1
en627,25,1-2,b,152,>0&<200,0.324655349,2.154519162,114,71.7,2.39,111.61,69.395,1.009592776,0.906465732,1
en627,25,1-2,c,152,>0&<200,0.324655349,2.154519162,135,81.1,2.39,132.61,78.795,1.28701256,0.888588421,1
en627,25,1-2,a,152,>10&<200,0.324655349,2.154519162,91.6,46.6,2.39,89.21,44.295,1.074164622,0.148860258,1
en627,25,1-2,b,152,>10&<200,0.324655349,2.154519162,104,52.1,2.39,101.61,49.795,1.239181563,0.135703276,1
en627,25,1-2,c,152,>10&<200,0.324655349,2.154519162,85.5,43.5,2.39,83.11,41.195,1.002418126,0.13501296,1
en644,1,20-21-22,a,152,>0&<200,0.79591678,2.182214006,25.4,15.2,0.806,24.594,14.394,0.591529943,0.395326908,1
en644,1,20-21-22,b,152,>0&<200,0.79591678,2.182214006,24.7,14.6,0.806,23.894,13.794,0.58573063,0.359990045,1
en644,1,20-21-22,c,152,>0&<200,0.79591678,2.182214006,25.8,15.7,0.806,24.994,14.894,0.58573063,0.435406367,1
en644,1,20-21-22,a,152,>10&<200,0.79591678,2.182214006,7.98,4.41,0.806,7.174,3.604,0.20703548,0.040055814,1
en644,1,20-21-22,b,152,>10&<200,0.79591678,2.182214006,7.54,4.82,0.806,6.734,4.014,0.157741318,0.117459696,1
en644,1,20-21-22,c,152,>10&<200,0.79591678,2.182214006,8.4,4.75,0.806,7.594,3.944,0.211674931,0.058726863,1
en644,2,18-19-20,a,152,>0&<200,0.79591678,2.182214006,28.7,16.1,0.833,27.867,15.267,0.73071346,0.315996527,1
en644,2,18-19-20,b,152,>0&<200,0.79591678,2.182214006,26.1,15.8,0.833,25.267,14.967,0.597329257,0.428812642,1
en644,2,18-19-20,c,152,>0&<200,0.79591678,2.182214006,26.9,16.3,0.833,26.067,15.467,0.614727196,0.445694849,1
en644,2,18-19-20,a,152,>10&<200,0.79591678,2.182214006,7.1,4.08,0.833,6.267,3.247,0.175139258,0.047476012,1
en644,2,18-19-20,b,152,>10&<200,0.79591678,2.182214006,6.79,3.9,0.833,5.957,3.067,0.167600151,0.042674267,1
en644,2,18-19-20,c,152,>10&<200,0.79591678,2.182214006,6.82,3.89,0.833,5.987,3.057,0.169919876,0.039668938,1
en644,23,21-22-23,a,152,>0&<200,0.79591678,2.182214006,152,86.7,0.807,151.193,85.893,3.786951501,2.101897708,1
en644,23,21-22-23,b,152,>0&<200,0.79591678,2.182214006,142,84,0.807,141.193,83.193,3.363601639,2.34013478,1
en644,23,21-22-23,c,152,>0&<200,0.79591678,2.182214006,151,89,0.807,150.193,88.193,3.595574166,2.450963716,1
en644,23,21-22-23,a,152,>10&<200,0.79591678,2.182214006,113,64.9,0.807,112.193,64.093,2.789469635,1.604765196,1
en644,23,21-22-23,b,152,>10&<200,0.79591678,2.182214006,113,63.6,0.807,112.193,62.793,2.864860707,1.440245744,1
en644,23,21-22-23,c,152,>10&<200,0.79591678,2.182214006,113,64.4,0.807,112.193,63.593,2.818466201,1.541488484,1
en644,7,20-21-22,a,152,>0&<200,0.79591678,2.182214006,54.6,30,0.8435,53.7565,29.1565,1.42663104,0.57234713,1
en644,7,20-21-22,b,152,>0&<200,0.79591678,2.182214006,52.6,29.1,0.8435,51.7565,28.2565,1.362838595,0.574435312,1
en644,7,20-21-22,c,152,>0&<200,0.79591678,2.182214006,55.4,29.9,0.8435,54.5565,29.0565,1.478824859,0.513297282,1
en644,7,20-21-22,a,152,>10&<200,0.79591678,2.182214006,39.6,20.2,0.8435,38.7565,19.3565,1.125066755,0.202020548,1
en644,7,20-21-22,b,152,>10&<200,0.79591678,2.182214006,40.5,21.2,0.8435,39.6565,20.3565,1.119267442,0.276380153,1
en644,7,20-21-22,c,152,>10&<200,0.79591678,2.182214006,32.7,19.4,0.8435,31.8565,18.5565,0.771308652,0.500930417,1
en644,9,21-22-23,a,152,>0&<200,0.79591678,2.182214006,15.6,9.72,0.7725,14.8275,8.9475,0.340999614,0.272443603,1
en644,9,21-22-23,b,152,>0&<200,0.79591678,2.182214006,14.8,8.68,0.7725,14.0275,7.9075,0.354917966,0.187222547,1
en644,9,21-22-23,c,152,>0&<200,0.79591678,2.182214006,14.3,8.81,0.7725,13.5275,8.0375,0.318382293,0.232671058,1
en644,9,21-22-23,a,152,>10&<200,0.79591678,2.182214006,9.23,4.99,0.7725,8.4575,4.2175,0.245890878,0.043262155,1
en644,9,21-22-23,b,152,>10&<200,0.79591678,2.182214006,8.41,5.12,0.7725,7.6375,4.3475,0.190797403,0.107268469,1
en644,9,21-22-23,c,152,>10&<200,0.79591678,2.182214006,8.17,4.87,0.7725,7.3975,4.0975,0.191377335,0.089548464,1
en644,13,21-22-23,a,152,>0&<200,0.79591678,2.182214006,8.85,5.95,0.792,8.058,5.158,0.168180082,0.185453907,1
en644,13,21-22-23,b,152,>0&<200,0.79591678,2.182214006,6.71,4.26,0.792,5.918,3.468,0.142083173,0.095683922,1
en644,13,21-22-23,c,152,>0&<200,0.79591678,2.182214006,7.13,5.33,0.792,6.338,4.538,0.104387637,0.206738971,1
en644,13,21-22-23,a,152,>10&<200,0.79591678,2.182214006,1.38,1.1,0.792,0.588,0.308,0.016238077,0.004878493,1
en644,13,21-22-23,b,152,>10&<200,0.79591678,2.182214006,1.51,1.21,0.792,0.718,0.418,0.01739794,0.011260263,1
en644,13,21-22-23,c,152,>10&<200,0.79591678,2.182214006,1.41,1.15,0.792,0.618,0.358,0.015078214,0.00946637,1
en644,17,8-12,a,152,>0&<200,0.79591678,2.182214006,29.1,23.3,0.844,28.256,22.456,0.336360164,1.203229766,3
en644,17,8-12,b,152,>0&<200,0.79591678,2.182214006,37.9,23,0.844,37.056,22.156,0.864097663,0.654924179,1
en644,17,8-12,c,152,>0&<200,0.79591678,2.182214006,30.6,21.9,0.844,29.756,21.056,0.504540246,0.939065274,1
en644,17,8-12,a,152,>10&<200,0.79591678,2.182214006,3,2.34,0.844,2.156,1.496,0.038275467,0.064290731,1
en644,17,8-12,b,152,>10&<200,0.79591678,2.182214006,2.79,2.39,0.844,1.946,1.546,0.023197253,0.08279696,3
en644,17,8-12,c,152,>10&<200,0.79591678,2.182214006,5.12,3.83,0.844,4.276,2.986,0.07481114,0.129909894,1
en644,17,15-17,a,152,>0&<200,0.79591678,2.182214006,7.07,4.82,0.844,6.226,3.976,0.130484546,0.142111177,1
en644,17,15-17,b,152,>0&<200,0.79591678,2.182214006,7.61,4.64,0.844,6.766,3.796,0.172239601,0.088015269,1
en644,17,15-17,c,152,>0&<200,0.79591678,2.182214006,7.48,5.01,0.844,6.636,4.166,0.143243035,0.142379143,1
en644,17,15-17,a,152,>10&<200,0.79591678,2.182214006,1.37,1.07,0.844,0.526,0.226,0.01739794,-0.001903313,3
en644,17,15-17,b,152,>10&<200,0.79591678,2.182214006,1.5,1.18,0.844,0.656,0.336,0.018557802,0.004478456,1
en644,17,15-17,c,152,>10&<200,0.79591678,2.182214006,1.35,1.15,0.844,0.506,0.306,0.011598626,0.009380823,1
en644,17,19-20-21,a,152,>0&<200,0.79591678,2.182214006,5.69,3.85,0.844,4.846,3.006,0.106707362,0.099384877,1
en644,17,19-20-21,b,152,>0&<200,0.79591678,2.182214006,5.71,3.71,0.844,4.866,2.866,0.115986263,0.080507535,1
en644,17,19-20-21,c,152,>0&<200,0.79591678,2.182214006,6.07,4.18,0.844,5.226,3.336,0.109607019,0.119110117,1
en644,17,19-20-21,a,152,>10&<200,0.79591678,2.182214006,1.47,1.19,0.844,0.626,0.346,0.016238077,0.007483784,1
en644,17,19-20-21,b,152,>10&<200,0.79591678,2.182214006,2.09,1.59,0.844,1.246,0.746,0.028996566,0.022149412,1
en644,17,19-20-21,c,152,>10&<200,0.79591678,2.182214006,1.5,1.17,0.844,0.656,0.326,0.019137733,0.003212922,1
en649,1,16-17-18,a,152,>0&<200,0.33182747,2.18953457,368,204,2.13,365.87,201.96,3.951847592,1.840267285,1
en649,1,16-17-18,b,152,>0&<200,0.33182747,2.18953457,348,186,2.13,345.87,183.96,3.903627867,1.372255738,1
en649,1,16-17-18,c,152,>0&<200,0.33182747,2.18953457,350,199,2.13,347.87,196.96,3.638419377,2.010297924,1
en649,1,16-17-18,a,152,>10&<200,0.33182747,2.18953457,247,141,2.13,244.87,138.96,2.553475557,1.431829867,1
en649,1,16-17-18,b,152,>10&<200,0.33182747,2.18953457,236,125,2.13,233.87,122.96,2.67402487,0.852408311,1
en649,1,16-17-18,c,152,>10&<200,0.33182747,2.18953457,219,123,2.13,216.87,120.96,2.31237693,1.156697221,1
en649,5,16-17-18,a,152,>0&<200,0.33182747,2.18953457,221,110,2.22,218.78,107.885,2.673663222,0.420426269,1
en649,5,16-17-18,b,152,>0&<200,0.33182747,2.18953457,217,126,2.22,214.78,123.885,2.191465968,1.361495764,1
en649,5,16-17-18,c,152,>0&<200,0.33182747,2.18953457,207,127,2.22,204.78,124.885,1.926257479,1.655383769,1
en649,5,16-17-18,a,152,>10&<200,0.33182747,2.18953457,101,54.7,2.22,98.78,52.585,1.113755107,0.394357197,1
en649,5,16-17-18,b,152,>10&<200,0.33182747,2.18953457,102,60.5,2.22,99.78,58.385,0.998027766,0.676425726,1
en649,5,16-17-18,c,152,>10&<200,0.33182747,2.18953457,94.2,50.1,2.22,91.98,47.985,1.060713409,0.315473125,1
en649,21,22-23-24,a,152,>0&<200,0.33182747,2.18953457,150,85.4,1.99,148.01,83.52,1.554845044,0.84046806,1
en649,21,22-23-24,b,152,>0&<200,0.33182747,2.18953457,154,95.9,1.99,152.01,94.02,1.398130937,1.298317076,1
en649,21,22-23-24,c,152,>0&<200,0.33182747,2.18953457,158,86.4,1.99,156.01,84.52,1.723614083,0.700378536,1
en649,21,22-23-24,a,152,>10&<200,0.33182747,2.18953457,78.4,57.9,1.99,76.41,56.02,0.4916001,1.115026338,1
en649,21,22-23-24,b,152,>10&<200,0.33182747,2.18953457,99.7,59.7,1.99,97.71,57.82,0.961742422,0.696507143,1
en649,21,22-23-24,c,152,>10&<200,0.33182747,2.18953457,84.7,57.4,1.99,82.71,55.52,0.655547166,0.936739514,1
en649,19,22-23-24,a,152,>0&<200,0.33182747,2.18953457,123,98.3,2.005,120.995,96.345,0.594308115,2.168819771,1
en649,19,22-23-24,b,152,>0&<200,0.33182747,2.18953457,75.2,74.8,2.005,73.195,72.845,0.008438452,2.080720828,3
en649,19,22-23-24,c,152,>0&<200,0.33182747,2.18953457,131,81.4,2.005,128.995,79.445,1.194643696,1.083800384,1
en649,19,22-23-24,a,152,>10&<200,0.33182747,2.18953457,36.3,19,2.005,34.295,17.045,0.415895131,0.072947204,1
en649,19,22-23-24,b,152,>10&<200,0.33182747,2.18953457,40.9,21.9,2.005,38.895,19.945,0.456881898,0.115131032,1
en649,19,22-23-24,c,152,>10&<200,0.33182747,2.18953457,27.5,14.5,2.005,25.495,12.545,0.312222722,0.047561796,1
en649,8,21-22-23,a,152,>0&<200,0.33182747,2.18953457,112,83.6,2.31,109.69,81.305,0.684358452,1.647429526,1
en649,8,21-22-23,b,152,>0&<200,0.33182747,2.18953457,105,79.9,2.31,102.69,77.605,0.604795905,1.620877867,1
en649,8,21-22-23,c,152,>0&<200,0.33182747,2.18953457,109,71.7,2.31,106.69,69.405,0.89893623,1.091565518,1
en649,8,21-22-23,a,152,>10&<200,0.33182747,2.18953457,39.5,22,2.31,37.19,19.705,0.421560949,0.143568897,1
en649,8,21-22-23,b,152,>10&<200,0.33182747,2.18953457,38.7,21.1,2.31,36.39,18.805,0.423971935,0.115346347,1
en649,8,21-22-23,c,152,>10&<200,0.33182747,2.18953457,29.4,21,2.31,27.09,18.705,0.202161199,0.334289132,1
en649,12,22-23-24,a,152,>0&<200,0.33182747,2.18953457,46.5,29.2,1.955,44.545,27.165,0.419029413,0.360049615,1
en649,12,22-23-24,b,152,>0&<200,0.33182747,2.18953457,51.7,33.3,1.955,49.745,31.265,0.445550262,0.451114778,1
en649,12,22-23-24,c,152,>0&<200,0.33182747,2.18953457,51.5,37.3,1.955,49.545,35.265,0.344288839,0.667094262,1
en649,12,22-23-24,a,152,>10&<200,0.33182747,2.18953457,8.27,7.11,1.955,6.315,5.075,0.02989623,0.11565231,3
en649,12,22-23-24,b,152,>10&<200,0.33182747,2.18953457,10.1,6.51,1.955,8.145,4.475,0.088483196,0.039857634,1
en649,12,22-23-24,c,152,>10&<200,0.33182747,2.18953457,7.8,5.62,1.955,5.845,3.585,0.05448829,0.048327772,1
en649,16,9-10,a,152,>0&<200,0.33182747,2.18953457,44.9,30.2,1.955,42.945,28.34,0.352124544,0.460652915,1
en649,16,9-10,b,152,>0&<200,0.33182747,2.18953457,44,34,1.955,42.045,32.14,0.23880819,0.682951427,1
en649,16,9-10,c,152,>0&<200,0.33182747,2.18953457,43.3,30.2,1.955,41.345,28.34,0.313548764,0.499228695,1
en649,16,9-10,a,152,>10&<200,0.33182747,2.18953457,8.56,5.63,1.955,6.605,3.77,0.068351461,0.039770311,1
en649,16,9-10,b,152,>10&<200,0.33182747,2.18953457,8.51,5.84,1.955,6.555,3.98,0.062082896,0.052061574,1
en649,16,9-10,c,152,>10&<200,0.33182747,2.18953457,7.71,5.2,1.955,5.755,3.34,0.058225318,0.037564262,1
en649,16,14-15,a,152,>0&<200,0.33182747,2.18953457,53.5,31.7,1.955,51.545,29.84,0.52330457,0.332492162,1
en649,16,14-15,b,152,>0&<200,0.33182747,2.18953457,54.3,34.2,1.955,52.345,32.34,0.482317803,0.445177717,1
en649,16,14-15,c,152,>0&<200,0.33182747,2.18953457,55.4,34,1.955,53.445,32.14,0.513660624,0.408098992,1
en649,16,14-15,a,152,>10&<200,0.33182747,2.18953457,9.75,6.22,1.955,7.795,4.36,0.082817378,0.042225308,1
en649,16,14-15,b,152,>10&<200,0.33182747,2.18953457,9.07,6.16,1.955,7.115,4.3,0.067869263,0.055452652,1
en649,16,14-15,c,152,>10&<200,0.33182747,2.18953457,8.51,5.3,1.955,6.555,3.44,0.075102222,0.02355531,1
en649,16,22-23-24,a,152,>0&<200,0.33182747,2.18953457,101,64.3,1.955,99.045,62.44,0.882541523,0.908207402,1
en649,16,22-23-24,b,152,>0&<200,0.33182747,2.18953457,105,62.3,1.955,103.045,60.44,1.0272007,0.706189195,1
en649,16,22-23-24,c,152,>0&<200,0.33182747,2.18953457,106,64.6,1.955,104.045,62.74,0.995857878,0.803494902,1
en649,16,22-23-24,a,152,>10&<200,0.33182747,2.18953457,15.6,10.8,1.955,13.645,8.94,0.113436904,0.142957961,1
en649,16,22-23-24,b,152,>10&<200,0.33182747,2.18953457,20.2,11.5,1.955,18.245,9.64,0.207465368,0.069005158,1
en649,16,22-23-24,c,152,>10&<200,0.33182747,2.18953457,16,9.73,1.955,14.045,7.87,0.148878402,0.076829382,1
en655,1,19-20-21,a,152,>0&<200,0.837516556,2.152385698,20.2,11.4,0.768,19.432,10.6315,0.543413782,0.213098015,1
en655,1,19-20-21,b,152,>0&<200,0.837516556,2.152385698,20,11.7,0.768,19.232,10.9315,0.512539753,0.265319317,1
en655,1,19-20-21,c,152,>0&<200,0.837516556,2.152385698,18.1,11.7,0.768,17.332,10.9315,0.395218443,0.382640627,1
en655,1,19-20-21,a,152,>10&<200,0.837516556,2.152385698,3.5,2.15,0.768,2.732,1.3815,0.083390752,0.014913443,1
en655,1,19-20-21,b,152,>10&<200,0.837516556,2.152385698,3.46,2.05,0.768,2.692,1.2815,0.087095635,0.004092802,1
en655,1,19-20-21,c,152,>10&<200,0.837516556,2.152385698,3.51,2.09,0.768,2.742,1.3215,0.087713116,0.006321624,1
en655,2,18-19-20,a,152,>0&<200,0.837516556,2.152385698,21.1,10.5,0.784,20.316,9.747,0.652615222,0.040957697,1
en655,2,18-19-20,b,152,>0&<200,0.837516556,2.152385698,20,10.5,0.784,19.216,9.747,0.584692358,0.10888056,1
en655,2,18-19-20,c,152,>0&<200,0.837516556,2.152385698,21,10.7,0.784,20.216,9.947,0.634090804,0.07371363,1
en655,2,18-19-20,a,152,>10&<200,0.837516556,2.152385698,2.39,1.63,0.784,1.606,0.877,0.045014334,0.017390862,1
en655,2,18-19-20,b,152,>10&<200,0.837516556,2.152385698,2.49,1.87,0.784,1.706,1.117,0.036369606,0.043113409,1
en655,2,18-19-20,c,152,>10&<200,0.837516556,2.152385698,2.4,1.62,0.784,1.616,0.867,0.046249295,0.015444325,1
en655,7,21-22-23,a,152,>0&<200,0.837516556,2.152385698,19.8,13.1,0.7835,19.0165,12.322,0.413372372,0.463431311,1
en655,7,21-22-23,b,152,>0&<200,0.837516556,2.152385698,22.3,14.6,0.7835,21.5165,13.822,0.47512043,0.508419621,1
en655,7,21-22-23,c,152,>0&<200,0.837516556,2.152385698,18.4,13.7,0.7835,17.6165,12.922,0.289876257,0.629621973,1
en655,7,21-22-23,a,152,>10&<200,0.837516556,2.152385698,4.37,3.33,0.7835,3.5865,2.552,0.063878366,0.117715775,1
en655,7,21-22-23,b,152,>10&<200,0.837516556,2.152385698,4.44,2.52,0.7835,3.6565,1.742,0.118216656,0.005739845,1
en655,7,21-22-23,c,152,>10&<200,0.837516556,2.152385698,4.69,2.76,0.7835,3.9065,1.982,0.118834137,0.022200184,1
en655,12,21-22-23,a,152,>0&<200,0.837516556,2.152385698,7.46,4.23,0.758,6.702,3.47,0.199569722,0.047347075,1
en655,12,21-22-23,b,152,>0&<200,0.837516556,2.152385698,7.5,4.32,0.758,6.742,3.56,0.19648232,0.05683866,1
en655,12,21-22-23,c,152,>0&<200,0.837516556,2.152385698,6.62,4.62,0.758,5.862,3.86,0.123619612,0.151048642,1
en655,12,21-22-23,a,152,>10&<200,0.837516556,2.152385698,1.75,1.31,0.758,0.992,0.55,0.027292642,0.011844027,1
en655,12,21-22-23,b,152,>10&<200,0.837516556,2.152385698,1.93,1.21,0.758,1.172,0.45,0.044582098,-0.012561187,3
en655,12,21-22-23,c,152,>10&<200,0.837516556,2.152385698,1.42,1.19,0.758,0.662,0.43,0.014325549,0.016272209,1
en657,1,17-18-19-20,a,152,>0&<200,0.837516556,2.152385698,148,78.4,0.7575,147.2425,77.6175,4.299208517,1.223864837,1
en657,1,17-18-19-20,b,152,>0&<200,0.837516556,2.152385698,137,81.5,0.7575,136.2425,80.7175,3.428560903,2.315100944,1
en657,1,17-18-19-20,c,152,>0&<200,0.837516556,2.152385698,151,78.5,0.7575,150.2425,77.7175,4.478277884,1.051911228,1
en657,1,17-18-19-20,a,152,>10&<200,0.837516556,2.152385698,48.9,24.1,0.7575,48.1425,23.3175,1.532895532,0.126321306,1
en657,1,17-18-19-20,b,152,>10&<200,0.837516556,2.152385698,60.7,30.5,0.7575,59.9425,29.7175,1.866335044,0.248290297,1
en657,1,17-18-19-20,c,152,>10&<200,0.837516556,2.152385698,63,29.6,0.7575,62.2425,28.8175,2.063928828,-0.013345308,3
en657,5,17-18-19-20,a,152,>0&<200,0.837516556,2.152385698,99.8,58.5,0.735,99.065,57.7385,2.551831106,1.556700744,1
en657,5,17-18-19-20,b,152,>0&<200,0.837516556,2.152385698,94.4,58.8,0.735,93.665,58.0385,2.199867177,1.930011946,1
en657,5,17-18-19-20,c,152,>0&<200,0.837516556,2.152385698,105,59,0.735,104.265,58.2385,2.842046977,1.302063662,1
en657,5,17-18-19-20,a,152,>10&<200,0.837516556,2.152385698,64.2,44.6,0.735,63.465,43.8385,1.211898254,1.907543254,3
en657,5,17-18-19-20,b,152,>10&<200,0.837516556,2.152385698,67,32.4,0.735,66.265,31.6385,2.13811912,0.11319993,1
en657,5,17-18-19-20,c,152,>10&<200,0.837516556,2.152385698,70.7,33.6,0.735,69.965,32.8385,2.292489264,0.04421888,1
en657,6,20-21-22,a,152,>0&<200,0.837516556,2.152385698,46.1,27.1,0.716,45.384,26.316,1.177411964,0.695170873,1
en657,6,20-21-22,b,152,>0&<200,0.837516556,2.152385698,43.7,29.9,0.716,42.984,29.116,0.856322064,1.215501993,1
en657,6,20-21-22,c,152,>0&<200,0.837516556,2.152385698,49.4,27.7,0.716,48.684,26.916,1.34413172,0.571145665,1
en657,6,20-21-22,a,152,>10&<200,0.837516556,2.152385698,12.7,6.69,0.716,11.984,5.906,0.375304695,0.044951964,1
en657,6,20-21-22,b,152,>10&<200,0.837516556,2.152385698,11.9,6.56,0.716,11.184,5.776,0.333933496,0.077072678,1
en657,6,20-21-22,c,152,>10&<200,0.837516556,2.152385698,12.4,7.06,0.716,11.684,6.276,0.333933496,0.112651467,1
en657,17,21-22-23,a,152,>0&<200,0.837516556,2.152385698,18.3,15.5,0.8775,17.4225,14.6645,0.170301143,0.873189168,3
en657,17,21-22-23,b,152,>0&<200,0.837516556,2.152385698,26.4,15.8,0.8775,25.5225,14.9645,0.651935993,0.412901591,1
en657,17,21-22-23,c,152,>0&<200,0.837516556,2.152385698,43.2,25.6,0.8775,42.3225,24.7645,1.084172397,0.678009457,1
en657,17,21-22-23,a,152,>10&<200,0.837516556,2.152385698,1.83,1.34,0.8775,0.9525,0.5045,0.02766313,0.008235869,1
en657,17,21-22-23,b,152,>10&<200,0.837516556,2.152385698,4.09,2.74,0.8775,3.2125,1.9045,0.080766459,0.054753149,1
en657,17,21-22-23,c,152,>10&<200,0.837516556,2.152385698,3.21,2.76,0.8775,2.3325,1.9245,0.025193208,0.111749552,3
en657,15,21-22-23,a,152,>0&<200,0.837516556,2.152385698,24.5,14.6,0.84,23.66,13.8445,0.60608806,0.379053036,1
en657,15,21-22-23,b,152,>0&<200,0.837516556,2.152385698,26.9,16.4,0.84,26.06,15.6445,0.643136895,0.470087843,1
en657,15,21-22-23,c,152,>0&<200,0.837516556,2.152385698,24,14.3,0.84,23.16,13.5445,0.593738449,0.370055374,1
en657,15,21-22-23,a,152,>10&<200,0.837516556,2.152385698,5.35,3.32,0.84,4.51,2.5645,0.120130846,0.062352764,1
en657,15,21-22-23,b,152,>10&<200,0.837516556,2.152385698,6.59,3.95,0.84,5.75,3.1945,0.157797161,0.069515723,1
en657,15,21-22-23,c,152,>10&<200,0.837516556,2.152385698,5.06,3.12,0.84,4.22,2.3645,0.114573521,0.053678573,1
en657,9,21-22-23,a,152,>0&<200,0.837516556,2.152385698,26.4,14.9,0.7275,25.6725,14.139,0.712171223,0.29392578,1
en657,9,21-22-23,b,152,>0&<200,0.837516556,2.152385698,25,15.8,0.7275,24.2725,15.039,0.570150691,0.499988133,1
en657,9,21-22-23,c,152,>0&<200,0.837516556,2.152385698,25.3,14.1,0.7275,24.5725,13.339,0.693646806,0.255524134,1
en657,9,21-22-23,a,152,>10&<200,0.837516556,2.152385698,5.12,3.1,0.7275,4.3925,2.339,0.126799636,0.03963794,1
en657,9,21-22-23,b,152,>10&<200,0.837516556,2.152385698,4.75,2.97,0.7275,4.0225,2.209,0.111980103,0.045206988,1
en657,9,21-22-23,c,152,>10&<200,0.837516556,2.152385698,5.74,3.53,0.7275,5.0125,2.769,0.138531767,0.058503568,1
en657,12,10-11,a,152,>0&<200,0.837516556,2.152385698,28.6,17.5,0.707,27.893,16.72,0.689911049,0.499843665,1
en657,12,10-11,b,152,>0&<200,0.837516556,2.152385698,25.1,19.8,0.707,24.393,19.02,0.331772314,1.02164483,1
en657,12,10-11,c,152,>0&<200,0.837516556,2.152385698,21.8,18.4,0.707,21.093,17.62,0.214451004,1.03934553,3
en657,12,10-11,a,152,>10&<200,0.837516556,2.152385698,4.16,2.49,0.707,3.453,1.71,0.107626865,0.014052595,1
en657,12,10-11,b,152,>10&<200,0.837516556,2.152385698,4.62,2.65,0.707,3.913,1.87,0.126151282,0.00691339,1
en657,12,10-11,c,152,>10&<200,0.837516556,2.152385698,4.07,2.65,0.707,3.363,1.87,0.09218985,0.040874822,1
en657,12,15-16,a,152,>0&<200,0.837516556,2.152385698,24.1,14.3,0.707,23.393,13.52,0.609638574,0.352411889,1
en657,12,15-16,b,152,>0&<200,0.837516556,2.152385698,27.5,14.4,0.707,26.793,13.62,0.813407164,0.155759056,1
en657,12,15-16,c,152,>0&<200,0.837516556,2.152385698,27.8,14.5,0.707,27.093,13.72,0.825756776,0.150525202,1
en657,12,15-16,a,152,>10&<200,0.837516556,2.152385698,3.4,2.15,0.707,2.693,1.37,0.08169268,0.015793202,1
en657,12,15-16,b,152,>10&<200,0.837516556,2.152385698,3.84,2.25,0.707,3.133,1.47,0.10268702,0.001914621,1
en657,12,15-16,c,152,>10&<200,0.837516556,2.152385698,3.94,2.36,0.707,3.233,1.58,0.102069539,0.010359435,1
en657,12,21-22-23,a,152,>0&<200,0.837516556,2.152385698,15.7,9.53,0.707,14.993,8.75,0.385493124,0.237135688,1
en657,12,21-22-23,b,152,>0&<200,0.837516556,2.152385698,16,10.4,0.707,15.293,9.62,0.350296731,0.334239175,1
en657,12,21-22-23,c,152,>0&<200,0.837516556,2.152385698,16.1,10.2,0.707,15.393,9.42,0.368821149,0.301483241,1
en657,12,21-22-23,a,152,>10&<200,0.837516556,2.152385698,2.59,1.66,0.707,1.883,0.88,0.061933302,0.000685367,1
en657,12,21-22-23,b,152,>10&<200,0.837516556,2.152385698,2.57,1.74,0.707,1.863,0.96,0.055758496,0.012552779,1
en657,12,21-22-23,c,152,>10&<200,0.837516556,2.152385698,2.5,1.65,0.707,1.793,0.87,0.056993457,0.004913636,1
en661,1,17-18-19-20,a,152,>0&<200,0.813376915,2.21629417,210,114,0.95,209.05,113.0535,5.616214452,2.428505325,1
en661,1,17-18-19-20,b,152,>0&<200,0.813376915,2.21629417,211,127,0.95,210.05,126.0535,4.91416205,4.055618491,1
en661,1,17-18-19-20,c,152,>0&<200,0.813376915,2.21629417,207,121,0.95,206.05,120.0535,5.031170784,3.511658635,1
en661,1,17-18-19-20,a,152,>10&<200,0.813376915,2.21629417,165,82.4,0.95,164.05,81.4535,4.832255936,0.963854598,1
en661,1,17-18-19-20,b,152,>10&<200,0.813376915,2.21629417,162,82.2,0.95,161.05,81.2535,4.668443709,1.113435121,1
en661,1,17-18-19-20,c,152,>10&<200,0.813376915,2.21629417,156,79.3,0.95,155.05,78.3535,4.487080172,1.08843895,1
en661,13,16-17,a,152,>0&<200,0.813376915,2.21629417,204,110,0.9545,203.0455,109.061,5.498503666,2.262115718,1
en661,13,16-17,b,152,>0&<200,0.813376915,2.21629417,215,109,0.9545,214.0455,108.061,6.200556068,1.488904796,1
en661,13,16-17,c,152,>0&<200,0.813376915,2.21629417,197,107,0.9545,196.0455,106.061,5.264486199,2.282657625,1
en661,13,16-17,a,152,>10&<200,0.813376915,2.21629417,169,82.7,0.9545,168.0455,81.761,5.048020041,0.769971738,1
en661,13,16-17,b,152,>10&<200,0.813376915,2.21629417,168,84.2,0.9545,167.0455,83.261,4.901759124,1.022970436,1
en661,13,16-17,c,152,>10&<200,0.813376915,2.21629417,165,85.2,0.9545,164.0455,84.261,4.667741657,1.328146424,1
en661,2,17-18-19-20,a,152,>0&<200,0.813376915,2.21629417,60.3,43.1,0.9065,59.3935,42.1805,1.007035667,1.9944663,1
en661,2,17-18-19-20,b,152,>0&<200,0.813376915,2.21629417,63.7,40.2,0.9065,62.7935,39.2805,1.375613178,1.41952908,1
en661,2,17-18-19-20,c,152,>0&<200,0.813376915,2.21629417,65.4,40.8,0.9065,64.4935,39.8805,1.439967981,1.397869388,1
en661,2,17-18-19-20,a,152,>10&<200,0.813376915,2.21629417,40.8,21.4,0.9065,39.8935,20.4805,1.135745274,0.321616802,1
en661,2,17-18-19-20,b,152,>10&<200,0.813376915,2.21629417,35.3,18.6,0.9065,34.3935,17.6805,0.977783483,0.280334735,1
en661,2,17-18-19-20,c,152,>10&<200,0.813376915,2.21629417,41.3,21.5,0.9065,40.3935,20.5805,1.15914702,0.305330907,1
en661,12,16-17-18-19,a,152,>0&<200,0.813376915,2.21629417,82.7,45.4,0.9545,81.7455,44.461,2.181306066,0.982472906,1
en661,12,16-17-18-19,b,152,>0&<200,0.813376915,2.21629417,76.1,46.1,0.9545,75.1455,45.161,1.754224188,1.459365748,1
en661,12,16-17-18-19,c,152,>0&<200,0.813376915,2.21629417,80.3,44.6,0.9545,79.3455,43.661,2.087699079,1.019153077,1
en661,12,16-17-18-19,a,152,>10&<200,0.813376915,2.21629417,71.1,35.5,0.9545,70.1455,34.561,2.081848642,0.377460979,1
en661,12,16-17-18-19,b,152,>10&<200,0.813376915,2.21629417,62.7,31.9,0.9545,61.7455,30.961,1.801027681,0.402111266,1
en661,12,16-17-18-19,c,152,>10&<200,0.813376915,2.21629417,71.8,35.7,0.9545,70.8455,34.761,2.111100826,0.362440499,1
en661,5,19-20-21-22,a,152,>0&<200,0.813376915,2.21629417,164,91,0.9115,163.0885,90.1095,4.269590188,2.142468498,1
en661,5,19-20-21-22,b,152,>0&<200,0.813376915,2.21629417,168,94.1,0.9115,167.0885,93.2095,4.322244118,2.310405981,1
en661,5,19-20-21-22,c,152,>0&<200,0.813376915,2.21629417,160,98,0.9115,159.0885,97.1095,3.626042153,3.284126176,1
en661,5,19-20-21-22,a,152,>10&<200,0.813376915,2.21629417,129,70.6,0.9115,128.0885,69.7095,3.415426432,1.54499844,1
en661,5,19-20-21-22,b,152,>10&<200,0.813376915,2.21629417,137,71.4,0.9115,136.0885,70.5095,3.836657874,1.180693815,1
en661,5,19-20-21-22,c,152,>10&<200,0.813376915,2.21629417,128,66.2,0.9115,127.0885,65.3095,3.61434128,1.032986103,1
en661,10,10-11,a,152,>0&<200,0.813376915,2.21629417,NaN,NaN,0.9205,NaN,NaN,NaN,NaN,9
en661,10,10-11,b,152,>0&<200,0.813376915,2.21629417,NaN,NaN,0.9205,NaN,NaN,NaN,NaN,9
en661,10,10-11,c,152,>0&<200,0.813376915,2.21629417,24.4,15.7,0.9205,23.4795,14.7805,0.508929487,0.542829022,1
en661,10,10-11,a,152,>10&<200,0.813376915,2.21629417,NaN,NaN,0.9205,NaN,NaN,NaN,NaN,9
en661,10,10-11,b,152,>10&<200,0.813376915,2.21629417,NaN,NaN,0.9205,NaN,NaN,NaN,NaN,9
en661,10,10-11,c,152,>10&<200,0.813376915,2.21629417,11.2,7.69,0.9205,10.2795,6.7705,0.205291823,0.276486939,3
en661,10,15-16,a,152,>0&<200,0.813376915,2.21629417,36.7,22.6,0.9205,35.7795,21.6805,0.824853068,0.717899232,1
en661,10,15-16,b,152,>0&<200,0.813376915,2.21629417,34.2,21.5,0.9205,33.2795,20.5805,0.742946955,0.721530973,1
en661,10,15-16,c,152,>0&<200,0.813376915,2.21629417,38.7,22.7,0.9205,37.7795,21.7805,0.936011365,0.613856787,1
en661,10,15-16,a,152,>10&<200,0.813376915,2.21629417,18.7,11.3,0.9205,17.7795,10.3805,0.43287381,0.30578721,1
en661,10,15-16,b,152,>10&<200,0.813376915,2.21629417,18.4,10.8,0.9205,17.4795,9.8805,0.444574684,0.258507076,1
en661,10,15-16,c,152,>10&<200,0.813376915,2.21629417,18.2,10.8,0.9205,17.2795,9.8805,0.43287381,0.27020795,1
en661,10,21-22-23,a,152,>0&<200,0.813376915,2.21629417,34.7,24.3,0.9205,33.7795,23.3805,0.608386911,1.055334873,1
en661,10,21-22-23,b,152,>0&<200,0.813376915,2.21629417,32.2,23.2,0.9205,31.2795,22.2805,0.526480797,1.058966615,1
en661,10,21-22-23,c,152,>0&<200,0.813376915,2.21629417,39.5,22.5,0.9205,38.5795,21.5805,0.994515732,0.541120716,1
en661,10,21-22-23,a,152,>10&<200,0.813376915,2.21629417,17.6,11.3,0.9205,16.6795,10.3805,0.368519007,0.370142013,1
en661,10,21-22-23,b,152,>10&<200,0.813376915,2.21629417,17.5,10.7,0.9205,16.5795,9.7805,0.39777119,0.298194718,1
en661,10,21-22-23,c,152,>10&<200,0.813376915,2.21629417,21.9,13.2,0.9205,20.9795,12.2805,0.508929487,0.364932722,1
en668,1,19-20-21,a,152,>0&<200,0.249288405,2.052152809,142,84.1,0.303,141.697,83.8495,1.110261329,0.582984112,1
en668,1,19-20-21,b,152,>0&<200,0.249288405,2.052152809,146,85.6,0.303,145.697,85.3495,1.158243581,0.565292656,1
en668,1,19-20-21,c,152,>0&<200,0.249288405,2.052152809,145,85.3,0.303,144.697,85.0495,1.144808551,0.572669528,1
en668,1,19-20-21,a,152,>10&<200,0.249288405,2.052152809,17.1,8.91,0.303,16.797,8.6595,0.15618223,0.018686539,1
en668,1,19-20-21,b,152,>10&<200,0.249288405,2.052152809,17.7,9.26,0.303,17.397,9.0095,0.160980456,0.020956167,1
en668,1,19-20-21,c,152,>10&<200,0.249288405,2.052152809,17.6,9.08,0.303,17.297,8.8295,0.162515888,0.015785839,1
en668,1,19-20-21,a,152,>0&<10,0.249288405,2.052152809,120,77.9,0.303,119.697,77.6495,0.807013497,0.761029985,1
en668,1,19-20-21,b,152,>0&<10,0.249288405,2.052152809,117,76.6,0.303,116.697,76.3495,0.774385565,0.767405892,1
en668,1,19-20-21,c,152,>0&<10,0.249288405,2.052152809,125,78.8,0.303,124.697,78.5495,0.88570439,0.700513569,1
en668,2,20-21-22-23,a,152,>0&<200,0.249288405,2.052152809,53.9,33.2,0.3005,53.5995,32.9225,0.39685161,0.267980894,1
en668,2,20-21-22-23,b,152,>0&<200,0.249288405,2.052152809,56.4,32.2,0.3005,56.0995,31.9225,0.464026763,0.180611877,1
en668,2,20-21-22-23,c,152,>0&<200,0.249288405,2.052152809,60.3,34.8,0.3005,59.9995,34.5225,0.488977534,0.208165153,1
en668,2,20-21-22-23,a,152,>10&<200,0.249288405,2.052152809,4.24,2.35,0.3005,3.9395,2.0725,0.035833146,0.006018638,1
en668,2,20-21-22-23,b,152,>10&<200,0.249288405,2.052152809,4.57,2.51,0.3005,4.2695,2.2325,0.039095939,0.005986864,1
en668,2,20-21-22-23,c,152,>10&<200,0.249288405,2.052152809,4.15,2.34,0.3005,3.8495,2.0625,0.034297714,0.007352132,1
en668,2,20-21-22-23,a,152,>0&<10,0.249288405,2.052152809,52.6,29.7,0.3005,52.2995,29.4225,0.439075992,0.155077986,1
en668,2,20-21-22-23,b,152,>0&<10,0.249288405,2.052152809,51.1,29.7,0.3005,50.7995,29.4225,0.410286641,0.183867338,1
en668,2,20-21-22-23,c,152,>0&<10,0.249288405,2.052152809,50.8,29.3,0.3005,50.4995,29.0225,0.412205931,0.173870502,1
en668,5,21-22-23-24,a,152,>0&<200,0.249288405,2.052152809,49.6,27.4,0.306,49.294,27.1195,0.425592979,0.122054529,1
en668,5,21-22-23-24,b,152,>0&<200,0.249288405,2.052152809,47.7,27.1,0.306,47.394,26.8195,0.394884338,0.146705011,1
en668,5,21-22-23-24,c,152,>0&<200,0.249288405,2.052152809,48.5,27.9,0.306,48.194,27.6195,0.394884338,0.162860103,1
en668,5,21-22-23-24,a,152,>10&<200,0.249288405,2.052152809,4.02,2.18,0.306,3.714,1.8995,0.034825519,0.003532727,1
en668,5,21-22-23-24,b,152,>10&<200,0.249288405,2.052152809,3.38,1.89,0.306,3.074,1.6095,0.028108003,0.004394022,1
en668,5,21-22-23-24,c,152,>10&<200,0.249288405,2.052152809,3.35,1.97,0.306,3.044,1.6895,0.025996784,0.00812075,1
en668,5,21-22-23-24,a,152,>0&<10,0.249288405,2.052152809,47.2,26.7,0.306,46.894,26.4195,0.392965048,0.140546755,1
en668,5,21-22-23-24,b,152,>0&<10,0.249288405,2.052152809,47.3,26,0.306,46.994,25.7195,0.408319368,0.11105673,1
en668,5,21-22-23-24,c,152,>0&<10,0.249288405,2.052152809,45,25.6,0.306,44.694,25.3195,0.371852857,0.139445695,1
en668,18,21-22-23-24,a,152,>0&<200,0.249288405,2.052152809,24.1,14,0.2055,23.8945,13.7765,0.19419377,0.084007004,1
en668,18,21-22-23-24,b,152,>0&<200,0.249288405,2.052152809,24.3,13.7,0.2055,24.0945,13.4765,0.203790221,0.068352394,1
en668,18,21-22-23-24,c,152,>0&<200,0.249288405,2.052152809,24.6,13.7,0.2055,24.3945,13.4765,0.209548091,0.062594524,1
en668,18,21-22-23-24,a,152,>10&<200,0.249288405,2.052152809,2.81,1.95,0.2055,2.6045,1.7265,0.016851367,0.01801334,1
en668,18,21-22-23-24,b,152,>10&<200,0.249288405,2.052152809,1.85,1.16,0.2055,1.6445,0.9365,0.013588574,0.00532298,1
en668,18,21-22-23-24,c,152,>10&<200,0.249288405,2.052152809,2.09,1.33,0.2055,1.8845,1.1065,0.014932077,0.007412434,1
en668,18,21-22-23-24,a,152,>0&<10,0.249288405,2.052152809,23.8,12.8,0.2055,23.5945,12.5765,0.211467381,0.042500756,1
en668,18,21-22-23-24,b,152,>0&<10,0.249288405,2.052152809,22.6,13.5,0.2055,22.3945,13.2765,0.17500087,0.093102972,1
en668,18,21-22-23-24,c,152,>0&<10,0.249288405,2.052152809,23.4,13.3,0.2055,23.1945,13.0765,0.19419377,0.069871299,1
en668,18,9-10-12,a,152,>0&<200,0.249288405,2.052152809,393,227,0.2055,392.7945,226.7765,3.186367006,1.393126906,1
en668,18,9-10-12,b,152,>0&<200,0.249288405,2.052152809,401,222,0.2055,400.7945,221.7765,3.435874717,1.042649873,1
en668,18,9-10-12,c,152,>0&<200,0.249288405,2.052152809,416,239,0.2055,415.7945,238.7765,3.397488915,1.424331371,1
en668,18,9-10-12,a,152,>10&<200,0.249288405,2.052152809,187,93.7,0.2055,186.7945,93.4765,1.791043117,0.096608657,1
en668,18,9-10-12,b,152,>10&<200,0.249288405,2.052152809,168,83.5,0.2055,167.7945,83.2765,1.62214559,0.059528766,1
en668,18,9-10-12,c,152,>10&<200,0.249288405,2.052152809,177,88.9,0.2055,176.7945,88.6765,1.691240033,0.099481192,1
en668,15,10-11,a,152,>0&<200,0.249288405,2.052152809,160,96.2,0.269,159.731,95.979,1.223585812,0.714601108,1
en668,15,10-11,b,152,>0&<200,0.249288405,2.052152809,140,96.8,0.269,139.731,96.579,0.828212056,1.122091184,3
en668,15,10-11,c,152,>0&<200,0.249288405,2.052152809,152,96.2,0.269,151.731,95.979,1.070042606,0.868144315,1
en668,15,10-11,a,152,>10&<200,0.249288405,2.052152809,46.1,24.1,0.269,45.831,23.879,0.421322559,0.060886732,1
en668,15,10-11,b,152,>10&<200,0.249288405,2.052152809,47.3,24.6,0.269,47.031,24.379,0.434757589,0.057548633,1
en668,15,10-11,c,152,>10&<200,0.249288405,2.052152809,46.3,27.9,0.269,46.031,27.679,0.352228116,0.20671786,1
en668,15,21-22-23-24,a,152,>0&<200,0.249288405,2.052152809,15.1,9.05,0.269,14.831,8.829,0.115195791,0.063095839,1
en668,15,21-22-23-24,b,152,>0&<200,0.249288405,2.052152809,17.3,9.81,0.269,17.031,9.589,0.142833568,0.050805399,1
en668,15,21-22-23-24,c,152,>0&<200,0.249288405,2.052152809,15.2,9.77,0.269,14.931,9.549,0.103296192,0.08953502,1
en668,15,21-22-23-24,a,152,>10&<200,0.249288405,2.052152809,3,1.67,0.269,2.731,1.449,0.024605299,0.004655611,1
en668,15,21-22-23-24,b,152,>10&<200,0.249288405,2.052152809,2.91,1.61,0.269,2.641,1.389,0.024029512,0.004019766,1
en668,15,21-22-23-24,c,152,>10&<200,0.249288405,2.052152809,2.99,1.64,0.269,2.721,1.419,0.024989157,0.003665937,1
en668,15,21-22-23-24,a,152,>0&<10,0.249288405,2.052152809,13.6,8.72,0.269,13.331,8.499,0.092740097,0.078887558,1
en668,15,21-22-23-24,b,152,>0&<10,0.249288405,2.052152809,12.6,8.62,0.269,12.331,8.399,0.075466486,0.094141782,1
en668,15,21-22-23-24,c,152,>0&<10,0.249288405,2.052152809,15,8.56,0.269,14.731,8.339,0.122681022,0.045715614,1
en668,11,9-10,a,152,>0&<200,0.249288405,2.052152809,162,95.4,0.2595,161.7405,95.0705,1.279590697,0.640250098,1
en668,11,9-10,b,152,>0&<200,0.249288405,2.052152809,147,91.6,0.2595,146.7405,91.2705,1.064630208,0.778473902,1
en668,11,9-10,c,152,>0&<200,0.249288405,2.052152809,160,97.5,0.2595,159.7405,97.1705,1.200899803,0.761348107,1
en668,11,9-10,a,152,>10&<200,0.249288405,2.052152809,9.81,7.23,0.2595,9.5505,6.9005,0.050861187,0.088486575,3
en668,11,9-10,b,152,>10&<200,0.249288405,2.052152809,25.3,14.8,0.2595,25.0405,14.4705,0.202868962,0.089346355,1
en668,11,9-10,c,152,>10&<200,0.249288405,2.052152809,18.5,14.3,0.2595,18.2405,13.9705,0.081953686,0.200164698,3
en668,11,15-16,a,152,>0&<200,0.249288405,2.052152809,38.2,25.2,0.2595,37.9405,24.8705,0.250851214,0.251380293,1
en668,11,15-16,b,152,>0&<200,0.249288405,2.052152809,38.7,25,0.2595,38.4405,24.6705,0.264286244,0.23390649,1
en668,11,15-16,c,152,>0&<200,0.249288405,2.052152809,37.9,25.4,0.2595,37.6405,25.0705,0.241254763,0.265015517,1
en668,11,15-16,a,152,>10&<200,0.249288405,2.052152809,7.17,4.41,0.2595,6.9105,4.0805,0.054315909,0.028085155,1
en668,11,15-16,b,152,>10&<200,0.249288405,2.052152809,7.18,4.42,0.2595,6.9205,4.0905,0.054315909,0.028287093,1
en668,11,15-16,c,152,>10&<200,0.249288405,2.052152809,8.03,4.96,0.2595,7.7705,4.6305,0.060265709,0.033241981,1
en668,11,21-22-23-24,a,152,>0&<200,0.249288405,2.052152809,18.7,11.2,0.2595,18.4405,10.8705,0.145290259,0.074227145,1
en668,11,21-22-23-24,b,152,>0&<200,0.249288405,2.052152809,18.5,10.9,0.2595,18.2405,10.5705,0.147209549,0.066249695,1
en668,11,21-22-23-24,c,152,>0&<200,0.249288405,2.052152809,18.8,11.9,0.2595,18.5405,11.5705,0.133774519,0.099878591,1
en668,11,21-22-23-24,a,152,>10&<200,0.249288405,2.052152809,2.9,1.68,0.2595,2.6405,1.3505,0.024758842,0.002512972,1
en668,11,21-22-23-24,b,152,>10&<200,0.249288405,2.052152809,2.1,1.29,0.2595,1.8405,0.9605,0.016889753,0.002506454,1
en668,11,21-22-23-24,c,152,>10&<200,0.249288405,2.052152809,2.9,1.71,0.2595,2.6405,1.3805,0.024183055,0.003694575,1
en668,11,21-22-23-24,a,152,>0&<10,0.249288405,2.052152809,19.2,11.3,0.2595,18.9405,10.9705,0.152967419,0.068569371,1
en668,11,21-22-23-24,b,152,>0&<10,0.249288405,2.052152809,18.1,11.8,0.2595,17.8405,11.4705,0.122258778,0.109374945,1
en668,11,21-22-23-24,c,152,>0&<10,0.249288405,2.052152809,18.8,11.2,0.2595,18.5405,10.8705,0.147209549,0.072307855,1
at46,1,16-17-24,a,152,>0&<200,0.86449403,2.136277206,143,77.2,1.075,141.925,76.16,4.219274659,1.332786007,1
at46,1,16-17-24,b,152,>0&<200,0.86449403,2.136277206,142,75.8,1.075,140.925,74.76,4.244937396,1.205063332,1
at46,1,16-17-24,c,152,>0&<200,0.86449403,2.136277206,141,77.4,1.075,139.925,76.36,4.078129609,1.488511049,1
at46,1,16-17-24,a,152,>10&<200,0.86449403,2.136277206,71.1,34.5,1.075,70.025,33.46,2.345894897,0.093337638,1
at46,1,16-17-24,b,152,>10&<200,0.86449403,2.136277206,70.3,37.5,1.075,69.225,36.46,2.102098901,0.555833503,1
at46,1,16-17-24,c,152,>10&<200,0.86449403,2.136277206,93.4,46.8,1.075,92.325,45.76,2.987463309,0.348438688,1
at46,17,17-18-19,a,152,>0&<200,0.86449403,2.136277206,375,189,0.9305,374.0695,188.0525,11.93426312,1.774755895,1
at46,17,17-18-19,b,152,>0&<200,0.86449403,2.136277206,325,170,0.9305,324.0695,169.0525,9.945401047,2.378518803,1
at46,17,17-18-19,c,152,>0&<200,0.86449403,2.136277206,304,171,0.9305,303.0695,170.0525,8.533950541,3.862869265,1
at46,17,17-18-19,a,152,>10&<200,0.86449403,2.136277206,184,107,0.9305,183.0695,106.0525,4.941167436,2.790055171,1
at46,17,17-18-19,b,152,>10&<200,0.86449403,2.136277206,255,133,0.9305,254.0695,132.0525,7.828225288,1.798396181,1
at46,17,17-18-19,c,152,>10&<200,0.86449403,2.136277206,238,127,0.9305,237.0695,126.0525,7.122500036,2.066721696,1
at46,16,15-16-17-18,a,152,>0&<200,0.86449403,2.136277206,155,83.3,0.959,154.041,82.324,4.601136178,1.400279818,1
at46,16,15-16-17-18,b,152,>0&<200,0.86449403,2.136277206,157,81.6,0.959,156.041,80.624,4.83851649,1.038969581,1
at46,16,15-16-17-18,c,152,>0&<200,0.86449403,2.136277206,162,82.1,0.959,161.041,81.124,5.127222275,0.786713773,1
at46,16,15-16-17-18,a,152,>10&<200,0.86449403,2.136277206,123,65.2,0.959,122.041,64.224,3.709356086,0.972570703,1
at46,16,15-16-17-18,b,152,>10&<200,0.86449403,2.136277206,126,64,0.959,125.041,63.024,3.978814818,0.615632023,1
at46,16,15-16-17-18,c,152,>10&<200,0.86449403,2.136277206,128,63.6,0.959,127.041,62.624,4.132791237,0.432495621,1
at46,2,22-23,a,152,>0&<200,0.86449403,2.136277206,76.1,39.3,0.9715,75.1285,38.2905,2.363409715,0.427966059,1
at46,2,22-23,b,152,>0&<200,0.86449403,2.136277206,67.3,40.8,0.9715,66.3285,39.7905,1.702594251,1.198131457,1
at46,2,22-23,c,152,>0&<200,0.86449403,2.136277206,73.5,40.9,0.9715,72.5285,39.8905,2.093950982,0.814064722,1
at46,2,22-23,a,152,>10&<200,0.86449403,2.136277206,36,20.8,0.9715,35.0285,19.7905,0.977621946,0.465104638,1
at46,2,22-23,b,152,>10&<200,0.86449403,2.136277206,22.1,14.1,0.9715,21.1285,13.0905,0.515692689,0.438604188,3
at46,2,22-23,c,152,>10&<200,0.86449403,2.136277206,35.1,19.8,0.9715,34.1285,18.7905,0.98403763,0.385788998,1
at46,6,21-22-23,a,152,>0&<200,0.86449403,2.136277206,62.7,34.4,0.981,61.719,33.365,1.819103074,0.613203965,1
at46,6,21-22-23,b,152,>0&<200,0.86449403,2.136277206,64.7,35.8,0.981,63.719,34.765,1.857597179,0.676769799,1
at46,6,21-22-23,c,152,>0&<200,0.86449403,2.136277206,67.8,36.7,0.981,66.819,35.665,1.99874223,0.601234709,1
at46,6,21-22-23,a,152,>10&<200,0.86449403,2.136277206,21.4,14.2,0.981,20.419,13.165,0.465393726,0.494334198,3
at46,6,21-22-23,b,152,>10&<200,0.86449403,2.136277206,33.1,16.5,0.981,32.119,15.465,1.068468033,0.05892979,1
at46,6,21-22-23,c,152,>10&<200,0.86449403,2.136277206,31.6,16,0.981,30.619,14.965,1.004311192,0.086636653,1
at46,13,16-17,a,152,>0&<200,0.86449403,2.136277206,65.3,39,0.9755,64.3245,38.0525,1.685528531,1.088497053,1
at46,13,16-17,b,152,>0&<200,0.86449403,2.136277206,74.4,42.6,0.9755,73.4245,41.6525,2.038391157,0.998074269,1
at46,13,16-17,c,152,>0&<200,0.86449403,2.136277206,66.2,37.4,0.9755,65.2245,36.4525,1.845920634,0.81146502,1
at46,13,16-17,a,152,>10&<200,0.86449403,2.136277206,47.9,24.1,0.9755,46.9245,23.1525,1.525136428,0.162679808,1
at46,13,16-17,b,152,>10&<200,0.86449403,2.136277206,41.9,21,0.9755,40.9245,20.0525,1.339081589,0.122744783,1
at46,13,16-17,c,152,>10&<200,0.86449403,2.136277206,46.5,23.3,0.9755,45.5245,22.3525,1.486642323,0.142853948,1
at46,13,22-23,a,152,>0&<200,0.86449403,2.136277206,74.8,44.3,0.9755,73.8245,43.3525,1.954987264,1.205408088,1
at46,13,22-23,b,152,>0&<200,0.86449403,2.136277206,77.4,44.4,0.9755,76.4245,43.4525,2.115379367,1.052305981,1
at46,13,22-23,c,152,>0&<200,0.86449403,2.136277206,74.9,43.4,0.9755,73.9245,42.4525,2.019144105,1.075641286,1
at46,13,22-23,a,152,>10&<200,0.86449403,2.136277206,40.3,21.4,0.9755,39.3245,20.4525,1.210767906,0.280218448,1
at46,13,22-23,b,152,>10&<200,0.86449403,2.136277206,50.2,25.7,0.9755,49.2245,24.7525,1.570046217,0.234409949,1
at46,13,22-23,c,152,>10&<200,0.86449403,2.136277206,47.7,24,0.9755,46.7245,23.0525,1.518720744,0.161805497,1
at46,7,11-12,a,152,>0&<200,0.86449403,2.136277206,45.2,27.7,1.005,44.195,26.6,1.12883962,0.810299215,1
at46,7,11-12,b,152,>0&<200,0.86449403,2.136277206,41.8,31.5,1.005,40.795,30.4,0.666910364,1.549248305,3
at46,7,11-12,c,152,>0&<200,0.86449403,2.136277206,47.8,29.3,1.005,46.795,28.2,1.192996461,0.862782304,1
at46,7,11-12,a,152,>10&<200,0.86449403,2.136277206,25.1,13.4,1.005,24.095,12.3,0.756729942,0.13993952,1
at46,7,11-12,b,152,>10&<200,0.86449403,2.136277206,20.9,12.2,1.005,19.895,11.1,0.564259418,0.244930096,1
at46,7,11-12,c,152,>10&<200,0.86449403,2.136277206,22.9,13.3,1.005,21.895,12.2,0.622000575,0.267378891,1
at46,7,16-17,a,152,>0&<200,0.86449403,2.136277206,39.4,24,1.005,38.395,22.9,0.994110254,0.675298744,1
at46,7,16-17,b,152,>0&<200,0.86449403,2.136277206,41.2,25,1.005,40.195,23.9,1.045435727,0.696873227,1
at46,7,16-17,c,152,>0&<200,0.86449403,2.136277206,41,24.6,1.005,39.995,23.5,1.058267095,0.654881876,1
at46,7,16-17,a,152,>10&<200,0.86449403,2.136277206,21,11.5,1.005,19.995,10.4,0.615584891,0.142574654,1
at46,7,16-17,b,152,>10&<200,0.86449403,2.136277206,19.6,10.6,1.005,18.595,9.5,0.58350647,0.109043114,1
at46,7,16-17,c,152,>10&<200,0.86449403,2.136277206,19.8,10.6,1.005,18.795,9.5,0.596337839,0.096211746,1
at46,7,22-23,a,152,>0&<200,0.86449403,2.136277206,43.9,25.3,1.005,42.895,24.2,1.199412146,0.564766795,1
at46,7,22-23,b,152,>0&<200,0.86449403,2.136277206,43.9,25.2,1.005,42.895,24.1,1.20582783,0.551061115,1
at46,7,22-23,c,152,>0&<200,0.86449403,2.136277206,44,27.6,1.005,42.995,26.5,1.058267095,0.873581745,1
at46,7,22-23,a,152,>10&<200,0.86449403,2.136277206,21.4,11,1.005,20.395,9.9,0.673326048,0.048383519,1
at46,7,22-23,b,152,>10&<200,0.86449403,2.136277206,21.6,11.9,1.005,20.595,10.8,0.628416259,0.158903268,1
at46,7,22-23,c,152,>10&<200,0.86449403,2.136277206,20.3,11.1,1.005,19.295,10,0.596337839,0.132661724,1
ar66b,1,10-11-12-13,a,152,>0&<200,0.864,2.136,62.5,36.7,1.012,61.488,35.66,1.656285118,0.941504592,1
ar66b,1,10-11-12-13,b,152,>0&<200,0.864,2.136,60.3,37.4,1.012,59.288,36.36,1.470315362,1.178468536,3
ar66b,1,10-11-12-13,c,152,>0&<200,0.864,2.136,61.8,36.4,1.012,60.788,35.36,1.630634117,0.94530094,1
ar66b,1,10-11-12-13,a,152,>10&<200,0.864,2.136,30.1,17.3,1.012,29.088,16.26,0.822627594,0.361894579,3
ar66b,1,10-11-12-13,b,152,>10&<200,0.864,2.136,32.4,18.2,1.012,31.388,17.16,0.912406096,0.337680034,1
ar66b,1,10-11-12-13,c,152,>10&<200,0.864,2.136,17,9.82,1.012,15.988,8.78,0.462231033,0.1773818,1
ar66b,3,14-15-16,a,152,>0&<200,0.864,2.136,70.2,39,1.03,69.17,37.96,2.001419333,0.763922713,1
ar66b,3,14-15-16,b,152,>0&<200,0.864,2.136,67.6,37.5,1.03,66.57,36.46,1.930879081,0.725189702,1
ar66b,3,14-15-16,c,152,>0&<200,0.864,2.136,67.6,38.1,1.03,66.57,37.06,1.89240258,0.807375509,1
ar66b,3,14-15-16,a,152,>10&<200,0.864,2.136,18.9,9.95,1.03,17.87,8.91,0.574582417,0.074500767,1
ar66b,3,14-15-16,b,152,>10&<200,0.864,2.136,16.9,8.88,1.03,15.87,7.84,0.51494384,0.056191082,1
ar66b,3,14-15-16,c,152,>10&<200,0.864,2.136,19.8,10.2,1.03,18.77,9.16,0.616265293,0.051030101,1
ar66b,22,16-17-18,a,152,>0&<200,0.864,2.136,95,51.1,1.005,93.995,50.06,2.817441794,0.829371242,1
ar66b,22,16-17-18,b,152,>0&<200,0.864,2.136,97.5,53.3,1.005,96.495,52.26,2.836680044,0.970400444,1
ar66b,22,16-17-18,c,152,>0&<200,0.864,2.136,94.8,53.3,1.005,93.795,52.26,2.663535789,1.143544699,1
ar66b,22,16-17-18,a,152,>10&<200,0.864,2.136,24.2,13.7,1.005,23.195,12.66,0.675583232,0.246683109,1
ar66b,22,16-17-18,b,152,>10&<200,0.864,2.136,20.6,11.8,1.005,19.595,10.76,0.566566479,0.217287062,1
ar66b,22,16-17-18,c,152,>10&<200,0.864,2.136,22.8,12.7,1.005,21.795,11.66,0.649932231,0.199485268,1
ar66b,19,22-23-24,a,152,>0&<200,0.864,2.136,113,62.6,1.0035,111.9965,61.58,3.233084197,1.2529475,1
ar66b,19,22-23-24,b,152,>0&<200,0.864,2.136,110,61,1.0035,108.9965,59.98,3.143305695,1.226167855,1
ar66b,19,22-23-24,c,152,>0&<200,0.864,2.136,112,61.6,1.0035,110.9965,60.58,3.233084197,1.180098658,1
ar66b,19,22-23-24,a,152,>10&<200,0.864,2.136,50.2,25.1,1.0035,49.1965,24.08,1.6106584,0.143541718,1
ar66b,19,22-23-24,b,152,>10&<200,0.864,2.136,46.7,24,1.0035,45.6965,22.98,1.456752396,0.217313996,1
ar66b,19,22-23-24,c,152,>10&<200,0.864,2.136,16.3,8.83,1.0035,15.2965,7.81,0.480090543,0.088858914,1
ar66b,20,20-21-22,a,152,>0&<200,0.864,2.136,195,103,1.025,193.975,101.93,5.902615908,1.522866568,1
ar66b,20,20-21-22,b,152,>0&<200,0.864,2.136,189,102,1.025,187.975,100.93,5.581978399,1.770655235,1
ar66b,20,20-21-22,c,152,>0&<200,0.864,2.136,184,100,1.025,182.975,98.93,5.389595893,1.817340056,1
ar66b,20,20-21-22,a,152,>10&<200,0.864,2.136,116,58.7,1.025,114.975,57.63,3.677391594,0.520887177,1
ar66b,20,20-21-22,b,152,>10&<200,0.864,2.136,112,57.5,1.025,110.975,56.43,3.497834589,0.613025571,1
ar66b,20,20-21-22,c,152,>10&<200,0.864,2.136,114,56,1.025,112.975,54.93,3.722280845,0.279306052,1
ar66b,15,22-23-24,a,152,>0&<200,0.864,2.136,136,74.3,1.005,134.995,73.28,3.957628777,1.380734373,1
ar66b,15,22-23-24,b,152,>0&<200,0.864,2.136,126,69.4,1.005,124.995,68.38,3.630578517,1.350825306,1
ar66b,15,22-23-24,c,152,>0&<200,0.864,2.136,127,67.5,1.005,125.995,66.48,3.816548273,1.02644275,1
ar66b,15,22-23-24,a,152,>10&<200,0.864,2.136,67.8,34.2,1.005,66.795,33.18,2.155645975,0.261478606,1
ar66b,15,22-23-24,b,152,>10&<200,0.864,2.136,71.2,35.8,1.005,70.195,34.78,2.271075478,0.26260725,1
ar66b,15,22-23-24,c,152,>10&<200,0.864,2.136,60,30.8,1.005,58.995,29.78,1.873484967,0.295953551,1
ar66b,6,22-23-24,a,152,>0&<200,0.864,2.136,48.4,28.2,0.966,47.434,27.18,1.298838423,0.681193106,1
ar66b,6,22-23-24,b,152,>0&<200,0.864,2.136,45.7,26,0.966,44.734,24.98,1.266774672,0.552989404,1
ar66b,6,22-23-24,c,152,>0&<200,0.864,2.136,46.6,26.8,0.966,45.634,25.78,1.273187422,0.604855728,1
ar66b,6,22-23-24,a,152,>10&<200,0.864,2.136,21.2,11.4,0.966,20.234,10.38,0.631912403,0.124258578,1
ar66b,6,22-23-24,b,152,>10&<200,0.864,2.136,21.2,11.3,0.966,20.234,10.28,0.638325153,0.110560943,1
ar66b,6,22-23-24,c,152,>10&<200,0.864,2.136,18.4,9.78,0.966,17.434,8.76,0.556241951,0.081913906,1
ar66b,8,21-22-23,a,152,>0&<200,0.864,2.136,95,49.8,1.025,93.975,48.765,2.899204359,0.653269426,1
ar66b,8,21-22-23,b,152,>0&<200,0.864,2.136,91.2,50.9,1.025,90.175,49.865,2.5849796,1.047627912,1
ar66b,8,21-22-23,c,152,>0&<200,0.864,2.136,89,49.6,1.025,87.975,48.565,2.527264848,1.010639169,1
ar66b,8,21-22-23,a,152,>10&<200,0.864,2.136,50.5,26.2,1.025,49.475,25.165,1.55893957,0.274301542,1
ar66b,8,21-22-23,b,152,>10&<200,0.864,2.136,54.9,27.6,1.025,53.875,26.565,1.751322076,0.183907415,1
ar66b,8,21-22-23,c,152,>10&<200,0.864,2.136,55.3,28,1.025,54.275,26.965,1.751322076,0.213046952,1
en687,1,19-20-21-22,a,152,>0&<200,0.776503022,2.22867365,38.9,21.8,1.06,37.84,20.74,0.950729253,0.466062575,1
en687,1,19-20-21-22,b,152,>0&<200,0.776503022,2.22867365,24.1,25.1,1.06,23.04,24.04,-0.055598202,1.69781978,4
en687,1,19-20-21-22,c,152,>0&<200,0.776503022,2.22867365,39.8,24.4,1.06,38.74,23.34,0.85621231,0.738190837,1
en687,1,19-20-21-22,a,152,>10&<200,0.776503022,2.22867365,5.77,3.33,1.06,4.71,2.27,0.135659613,0.019408731,1
en687,1,19-20-21-22,b,152,>10&<200,0.776503022,2.22867365,4.03,2.55,1.06,2.97,1.49,0.082285339,0.019499609,1
en687,1,19-20-21-22,c,152,>10&<200,0.776503022,2.22867365,5.71,3.35,1.06,4.65,2.29,0.131211757,0.025222828,1
en687,2,19-20-21-22,a,152,>0&<200,0.776503022,2.22867365,25.8,17,1.06,24.74,15.96,0.488152213,0.602108036,1
en687,2,19-20-21-22,b,152,>0&<200,0.776503022,2.22867365,20.5,12.3,1.06,19.44,11.26,0.454793292,0.314400343,1
en687,2,19-20-21-22,c,152,>0&<200,0.776503022,2.22867365,27.5,19.7,1.06,26.44,18.66,0.432554011,0.842148762,3
en687,2,19-20-21-22,a,152,>10&<200,0.776503022,2.22867365,3.79,2.6,1.06,2.73,1.56,0.065049896,0.041516895,1
en687,2,19-20-21-22,b,152,>10&<200,0.776503022,2.22867365,4.49,2.9,1.06,3.43,1.86,0.087289177,0.039771228,1
en687,2,19-20-21-22,c,152,>10&<200,0.776503022,2.22867365,3.77,2.53,1.06,2.71,1.49,0.067829806,0.033955142,1
en687,5,22-23-24,a,152,>0&<200,0.776503022,2.22867365,26.7,13.5,1.05,25.65,12.47,0.732784301,0.119066908,3
en687,5,22-23-24,b,152,>0&<200,0.776503022,2.22867365,25,13.7,1.05,23.95,12.67,0.627147718,0.238365901,1
en687,5,22-23-24,c,152,>0&<200,0.776503022,2.22867365,24.8,13.8,1.05,23.75,12.77,0.610468257,0.261876566,1
en687,5,22-23-24,a,152,>10&<200,0.776503022,2.22867365,4.85,3.07,1.05,3.8,2.04,0.097852835,0.041503738,1
en687,5,22-23-24,b,152,>10&<200,0.776503022,2.22867365,4.35,2.72,1.05,3.3,1.69,0.089513105,0.025934252,1
en687,5,22-23-24,c,152,>10&<200,0.776503022,2.22867365,4.45,2.75,1.05,3.4,1.72,0.093404979,0.024091739,1
en687,5,10-11-12,a,152,>0&<200,0.776503022,2.22867365,76.1,44.1,1.05,75.05,43.07,1.778030498,1.16416931,1
en687,5,10-11-12,b,152,>0&<200,0.776503022,2.22867365,75.4,44.3,1.05,74.35,43.27,1.727992116,1.227870101,1
en687,5,10-11-12,c,152,>0&<200,0.776503022,2.22867365,78.1,44.1,1.05,77.05,43.07,1.889226901,1.052972907,1
en687,5,10-11-12,a,152,>10&<200,0.776503022,2.22867365,17.3,10.3,1.05,16.25,9.27,0.388075449,0.245177214,1
en687,5,10-11-12,b,152,>10&<200,0.776503022,2.22867365,17.8,9.72,1.05,16.75,8.69,0.448121508,0.14551017,1
en687,5,10-11-12,c,152,>10&<200,0.776503022,2.22867365,17.5,9.38,1.05,16.45,8.35,0.450345436,0.120060146,1
en687,18,13-14,a,152,>0&<200,0.776503022,2.22867365,33.1,20.1,1.045,32.055,19.07,0.721942652,0.580768059,1
en687,18,13-14,b,152,>0&<200,0.776503022,2.22867365,33.8,20.5,1.045,32.755,19.47,0.738622113,0.591413417,1
en687,18,13-14,c,152,>0&<200,0.776503022,2.22867365,34.4,21.1,1.045,33.355,20.07,0.738622113,0.632400645,1
en687,18,13-14,a,152,>10&<200,0.776503022,2.22867365,3.06,2.27,1.045,2.015,1.24,0.043088606,0.04161833,1
en687,18,13-14,b,152,>10&<200,0.776503022,2.22867365,2.98,2.26,1.045,1.935,1.23,0.039196732,0.044827084,1
en687,18,13-14,c,152,>10&<200,0.776503022,2.22867365,2.83,2.13,1.045,1.785,1.1,0.038084768,0.037058482,1
en687,18,23-24,a,152,>0&<200,0.776503022,2.22867365,10.3,6.43,1.045,9.255,5.4,0.214331068,0.154553978,1
en687,18,23-24,b,152,>0&<200,0.776503022,2.22867365,10.8,6.86,1.045,9.755,5.83,0.218222943,0.180036284,1
en687,18,23-24,c,152,>0&<200,0.776503022,2.22867365,10.2,6.5,1.045,9.155,5.47,0.204879374,0.168787516,1
en687,18,23-24,a,152,>10&<200,0.776503022,2.22867365,2.07,1.73,1.045,1.025,0.7,0.018069416,0.029749016,3
en687,18,23-24,b,152,>10&<200,0.776503022,2.22867365,1.95,1.54,1.045,0.905,0.51,0.02196129,0.012877854,1
en687,18,23-24,c,152,>10&<200,0.776503022,2.22867365,1.91,1.6,1.045,0.865,0.57,0.01640147,0.022536396,1
en687,16,22-23,a,152,>0&<200,0.776503022,2.22867365,15.4,10.1,1.07,14.33,9.095,0.291056587,0.330241469,1
en687,16,22-23,b,152,>0&<200,0.776503022,2.22867365,15.4,10.3,1.07,14.33,9.295,0.279936947,0.355023518,1
en687,16,22-23,c,152,>0&<200,0.776503022,2.22867365,15.7,10.1,1.07,14.63,9.095,0.307736048,0.313562008,1
en687,16,22-23,a,152,>10&<200,0.776503022,2.22867365,3.51,2.43,1.07,2.44,1.425,0.056432175,0.04091249,1
en687,16,22-23,b,152,>10&<200,0.776503022,2.22867365,3.63,2.6,1.07,2.56,1.595,0.053652265,0.055305448,1
en687,16,22-23,c,152,>10&<200,0.776503022,2.22867365,3.31,2.41,1.07,2.24,1.405,0.046424499,0.049553926,1
en687,16,16-17,a,152,>0&<200,0.776503022,2.22867365,39,25.7,1.07,37.93,24.695,0.735842203,0.951123766,1
en687,16,16-17,b,152,>0&<200,0.776503022,2.22867365,38.9,25.3,1.07,37.83,24.295,0.752521663,0.907119487,1
en687,16,16-17,c,152,>0&<200,0.776503022,2.22867365,38.7,25.1,1.07,37.63,24.095,0.752521663,0.893457078,1
en687,16,16-17,a,152,>10&<200,0.776503022,2.22867365,5.42,3.3,1.07,4.35,2.295,0.114254305,0.04252184,1
en687,16,16-17,b,152,>10&<200,0.776503022,2.22867365,5.53,3.46,1.07,4.46,2.455,0.111474395,0.056231677,1
en687,16,16-17,c,152,>10&<200,0.776503022,2.22867365,4.54,2.9,1.07,3.47,1.895,0.087567168,0.041884159,1
en687,7,10-11,a,152,>0&<200,0.776503022,2.22867365,118,69.32,1.045,116.955,68.285,2.705964488,1.958723553,1
en687,7,10-11,b,152,>0&<200,0.776503022,2.22867365,116,68.8,1.045,114.955,67.765,2.623679149,2.005486628,1
en687,7,10-11,c,152,>0&<200,0.776503022,2.22867365,115,69.4,1.045,113.955,68.365,2.534722026,2.135430978,1
en687,7,10-11,a,152,>10&<200,0.776503022,2.22867365,10.7,6.36,1.045,9.655,5.325,0.240740214,0.123021429,1
en687,7,10-11,b,152,>10&<200,0.776503022,2.22867365,10.4,6.2,1.045,9.355,5.165,0.232956466,0.11987525,1
en687,7,10-11,c,152,>10&<200,0.776503022,2.22867365,10.1,6.06,1.045,9.055,5.025,0.224060754,0.119207276,1
en687,7,21-22,a,152,>0&<200,0.776503022,2.22867365,7.45,4.85,1.045,6.405,3.815,0.143999343,0.116611111,1
en687,7,21-22,b,152,>0&<200,0.776503022,2.22867365,7.1,4.57,1.045,6.055,3.535,0.140107469,0.101375613,1
en687,7,21-22,c,152,>0&<200,0.776503022,2.22867365,7.53,4.92,1.045,6.485,3.885,0.144555325,0.120836973,1
en687,7,21-22,a,152,>10&<200,0.776503022,2.22867365,2.18,1.64,1.045,1.135,0.605,0.029467047,0.011861741,1
en687,7,21-22,b,152,>10&<200,0.776503022,2.22867365,2.13,1.57,1.045,1.085,0.535,0.030579011,0.005967933,1
en687,7,21-22,c,152,>10&<200,0.776503022,2.22867365,2,1.54,1.045,0.955,0.505,0.025019191,0.009478392,1
en687,10,22-23,a,152,>0&<200,0.776503022,2.22867365,6.41,4.15,1.05,5.36,3.125,0.124261981,0.089213161,1
en687,10,22-23,b,152,>0&<200,0.776503022,2.22867365,6.62,4,1.05,5.57,2.975,0.144277334,0.058951002,1
en687,10,22-23,c,152,>0&<200,0.776503022,2.22867365,6.3,4.14,1.05,5.25,3.115,0.118702161,0.094089861,1
en687,10,22-23,a,152,>10&<200,0.776503022,2.22867365,2.11,1.6,1.05,1.06,0.575,0.026965128,0.012314298,1
en687,10,22-23,b,152,>10&<200,0.776503022,2.22867365,2.09,1.63,1.05,1.04,0.605,0.024185218,0.01714357,1
en687,10,22-23,c,152,>10&<200,0.776503022,2.22867365,2,1.54,1.05,0.95,0.515,0.024185218,0.010995486,1
en687,10,16-17,a,152,>0&<200,0.776503022,2.22867365,28,18.4,1.05,26.95,17.375,0.532352783,0.654569011,1
en687,10,16-17,b,152,>0&<200,0.776503022,2.22867365,29.1,18.7,1.05,28.05,17.675,0.576831345,0.630584063,1
en687,10,16-17,c,152,>0&<200,0.776503022,2.22867365,28.7,18.6,1.05,27.65,17.575,0.560151884,0.640432319,1
en687,10,16-17,a,152,>10&<200,0.776503022,2.22867365,4.51,3.08,1.05,3.46,2.055,0.078115474,0.06226578,1
en687,10,16-17,b,152,>10&<200,0.776503022,2.22867365,4.34,3.04,1.05,3.29,2.015,0.070887707,0.066761065,1
en687,10,16-17,c,152,>10&<200,0.776503022,2.22867365,4.37,2.95,1.05,3.32,1.925,0.077559492,0.053941196,1
