cruise,cast,niskin,replicate_chl,vol_filtered,filter_size,Fs,r,fo,fa,blank,fo_blank,fa_blank,chl,phaeo
en608,1',11-12-13-14',a,151,>0&<200,1.393,2.13,122,64.1,0.521,121.479,63.579,6.04094863740257,1.45486388352458
en608,1',11-12-13-14',b,151,>0&<200,1.393,2.13,148,73.8,0.521,147.479,73.279,7.74159566313075,0.897823731968583
en608,1',11-12-13-14',c,151,>0&<200,1.393,2.13,132,70.8,0.521,131.479,70.279,6.38525140948251,1.90047513793471
en608,1',11-12-13-14',a,151,>10&<200,1.393,2.13,103,51.2,0.521,102.479,50.679,5.40451017992147,0.570423095972572
en608,1',11-12-13-14',b,151,>10&<200,1.393,2.13,114,61.4,0.521,113.479,60.879,5.48797751860752,1.68951143940573
en608,1',11-12-13-14',c,151,>10&<200,1.393,2.13,122,60.7,0.521,121.479,60.179,6.39568482681826,0.699275800069157
en608,5',17-18-19-20',a,151,>0&<200,1.393,2.13,71,44.4,0.501,70.499,43.899,2.77528901131102,2.40029842882143
en608,5',17-18-19-20',b,151,>0&<200,1.393,2.13,68.7,42.1,0.501,68.199,41.599,2.77528901131102,2.12913391226514
en608,5',17-18-19-20',c,151,>0&<200,1.393,2.13,72.5,42.9,0.501,71.999,42.399,3.0882915313837,1.9104494849077
en608,5',17-18-19-20',a,151,>10&<200,1.393,2.13,63.3,32.2,0.501,62.799,31.699,3.24479279142003,0.492443734805135
en608,5',17-18-19-20',b,151,>10&<200,1.393,2.13,61.9,31.6,0.501,61.399,31.099,3.16132545273399,0.505172503954756
en608,5',17-18-19-20',c,151,>10&<200,1.393,2.13,62.5,31.5,0.501,61.999,30.999,3.23435937408428,0.420348821015061
en608,8',20-21-22-23',a,151,>0&<200,1.393,2.13,77.3,44,0.505,76.795,43.495,3.47432797280666,1.6536288305046
en608,8',20-21-22-23',b,151,>0&<200,1.393,2.13,71.7,40.6,0.505,71.195,40.095,3.24479279142003,1.48231211785149
en608,8',20-21-22-23',c,151,>0&<200,1.393,2.13,69.8,44.2,0.505,69.295,43.695,2.67095483795347,2.4805814885366
en608,8',20-21-22-23',a,151,>10&<200,1.393,2.13,46.3,33,0.505,45.795,32.495,1.38764450565551,2.44343852282131
en608,8',20-21-22-23',b,151,>10&<200,1.393,2.13,61.8,33.8,0.505,61.295,33.295,2.9213568540116,1.00404426718045
en608,8',20-21-22-23',c,151,>10&<200,1.393,2.13,48.4,34.2,0.505,47.895,33.695,1.48154526167731,2.49101490587236
en608,15',22-23-24',a,151,>0&<200,1.393,2.13,50.5,25.9,0.5475,49.9525,25.3525,2.56662066459591,0.422378642357733
en608,15',22-23-24',b,151,>0&<200,1.393,2.13,52,28.4,0.5475,51.4525,27.8525,2.46228649123835,0.821456855450389
en608,15',22-23-24',c,151,>0&<200,1.393,2.13,50.7,31.3,0.5475,50.1525,30.7525,2.02408296313661,1.60156346964485
en608,15',22-23-24',a,151,>10&<200,1.393,2.13,39.4,19.7,0.5475,38.8525,19.1525,2.05538321514388,0.202650873266717
en608,15',22-23-24',b,151,>10&<200,1.393,2.13,35.3,17.5,0.5475,34.7525,16.9525,1.85714828576452,0.141511047679189
en608,15',22-23-24',c,151,>10&<200,1.393,2.13,38.4,19.3,0.5475,37.8525,18.7525,1.99278271112934,0.218092330923636
en608,19',11-12',a,151,>0&<200,1.393,2.13,38.6,23.5,0.541,38.059,22.959,1.57544601769912,1.13136534561214
en608,19',11-12',b,151,>0&<200,1.393,2.13,39.7,25,0.541,39.159,24.459,1.53371234835609,1.34994543879622
en608,19',11-12',c,151,>0&<200,1.393,2.13,36.4,21.9,0.541,35.859,21.359,1.51284551368458,1.00532966419621
en608,19',15',a,151,>0&<200,1.393,2.13,38.2,26.8,0.541,37.659,26.259,1.18940957627615,1.90646391948544
en608,19',15',b,151,>0&<200,1.393,2.13,47.3,29.3,0.541,46.759,28.759,1.87801512043603,1.51260241506066
en608,19',15',c,151,>0&<200,1.393,2.13,45.9,27.5,0.541,45.359,26.959,1.91974878977905,1.25865303710836
en608,19',21-22-23',a,151,>0&<200,1.393,2.13,50.2,34.1,0.541,49.659,33.559,1.76376920060951,2.39058319576798
en608,19',21-22-23',b,151,>0&<200,1.393,2.13,42.8,25.3,0.541,42.259,24.759,1.91714043544512,1.14783799007144
en608,19',21-22-23',c,151,>0&<200,1.393,2.13,43.4,25,0.541,42.859,24.459,2.01573622926801,1.01210444724193
en608,19',21-22-23',a,151,>10&<200,1.393,2.13,26.6,14.5,0.541,26.059,13.959,1.32556567250777,0.40245378877038
en608,19',21-22-23',b,151,>10&<200,1.393,2.13,24.5,13.7,0.541,23.959,13.159,1.1831495258747,0.445835938052452
en608,19',21-22-23',c,151,>10&<200,1.393,2.13,23.3,12.1,0.541,22.759,11.559,1.22696987868487,0.203947590540291
en617,1',13-14-15',a,120,>0&<200,1.3933,2.129904724,28,16.2,0.513,27.487,15.687,1.54958356351648,0.778050556699873
en617,1',13-14-15',b,120,>0&<200,1.3933,2.129904724,27.8,16.4,0.513,27.287,15.887,1.49705530712609,0.860254775609754
en617,1',13-14-15',c,120,>0&<200,1.3933,2.129904724,27.6,16.7,0.513,27.087,16.187,1.43139498663811,0.970429039876978
en617,1',13-14-15',a,120,>10&<200,1.3933,2.129904724,5.87,3.35,0.513,5.357,2.837,0.330928015259452,0.0900255130795418
en617,1',13-14-15',b,120,>10&<200,1.3933,2.129904724,5.6,3.17,0.513,5.087,2.657,0.319109157571615,0.0751360044998366
en617,1',13-14-15',c,120,>10&<200,1.3933,2.129904724,6.16,3.53,0.513,5.647,3.017,0.345373285766809,0.102288608839727
en617,5',17-18-19-20',a,120,>0&<200,1.3933,2.129904724,9.16,5.39,0.513,8.647,4.877,0.495078816479419,0.228569529558394
en617,5',17-18-19-20',b,120,>0&<200,1.3933,2.129904724,9.17,5.49,0.513,8.657,4.977,0.483259958791581,0.255226368505977
en617,5',17-18-19-20',c,120,>0&<200,1.3933,2.129904724,9.28,5.6,0.513,8.767,5.087,0.483259958791581,0.271548147891698
en617,5',17-18-19-20',a,120,>10&<200,1.3933,2.129904724,1.08,0.83,0.513,0.567,0.317,0.0328301602439933,0.0142062403494015
en617,5',17-18-19-20',b,120,>10&<200,1.3933,2.129904724,1,0.78,0.513,0.487,0.267,0.0288905410147141,0.0107268689488077
en617,5',17-18-19-20',c,120,>10&<200,1.3933,2.129904724,1.09,0.835,0.513,0.577,0.322,0.0334867634488732,0.014291536207509
en617,8',17-18-19-20',a,120,>0&<200,1.3933,2.129904724,11.1,6.3,0.507,10.593,5.793,0.630339076684671,0.229225177692415
en617,8',17-18-19-20',b,120,>0&<200,1.3933,2.129904724,10.9,6.27,0.507,10.393,5.763,0.608014567718756,0.247098292280406
en617,8',17-18-19-20',c,120,>0&<200,1.3933,2.129904724,11.3,6.81,0.507,10.793,6.303,0.589629677982119,0.345608280819671
en617,8',17-18-19-20',a,120,>10&<200,1.3933,2.129904724,0.86,0.72,0.507,0.353,0.213,0.0183848897366362,0.0132200103466227
en617,8',17-18-19-20',b,120,>10&<200,1.3933,2.129904724,0.817,0.68,0.507,0.31,0.173,0.0179909278137083,0.00767877976565228
en617,8',17-18-19-20',c,120,>10&<200,1.3933,2.129904724,1.18,1.03,0.507,0.673,0.523,0.019698096146396,0.0579045458420756
en617,14',20-21-22-23-24',a,120,>0&<200,1.3933,2.129904724,6.57,4.15,0.425,6.145,3.725,0.317795951161855,0.234918850763684
en617,14',20-21-22-23-24',b,120,>0&<200,1.3933,2.129904724,6.69,4.19,0.425,6.265,3.765,0.328301602439933,0.230348391989504
en617,14',20-21-22-23-24',c,120,>0&<200,1.3933,2.129904724,7.36,4.59,0.425,6.935,4.165,0.363758175503446,0.254243743964975
en617,14',20-21-22-23-24',a,120,>10&<200,1.3933,2.129904724,0.776,0.993,0.425,0.351,0.568,-0.0284965790917862,0.112776312647143
en617,14',20-21-22-23-24',b,120,>10&<200,1.3933,2.129904724,1.38,1.02,0.425,0.955,0.595,0.0472754307513503,0.0410105577441384
en617,14',20-21-22-23-24',c,120,>10&<200,1.3933,2.129904724,1.37,0.993,0.425,0.945,0.568,0.0495078816479419,0.0347718519074154
en617,18',19-20',a,120,>0&<200,1.3933,2.129904724,6.23,3.89,0.5085,5.7215,3.3815,0.307290299883777,0.194456036414534
en617,18',19-20',b,120,>0&<200,1.3933,2.129904724,6.31,3.7,0.5085,5.8015,3.1915,0.34274687294729,0.130807298957504
en617,18',19-20',c,120,>0&<200,1.3933,2.129904724,6.34,4,0.5085,5.8315,3.4915,0.307290299883777,0.210777815800255
en617,18',19-20',a,120,>10&<200,1.3933,2.129904724,1.14,0.821,0.5085,0.6315,0.3125,0.0418912844713354,0.00447740696537083
en617,18',19-20',b,120,>10&<200,1.3933,2.129904724,1.05,0.667,0.5085,0.5415,0.1585,0.0502958054937977,-0.0267776051971003
en617,18',19-20',c,120,>10&<200,1.3933,2.129904724,1.05,0.764,0.5085,0.5415,0.2555,0.0375577033191283,0.000353338799522731
en617,21',14-15',a,120,>0&<200,1.3933,2.129904724,33.9,19.1,0.5085,33.3915,18.5915,1.9435454864444,0.815057799461276
en617,21',14-15',b,120,>0&<200,1.3933,2.129904724,34.1,19.2,0.5085,33.5915,18.6915,1.956677550542,0.816763716623423
en617,21',14-15',c,120,>0&<200,1.3933,2.129904724,33.2,19.2,0.5085,32.6915,18.6915,1.83848897366362,0.934952293501799
en617,21',14-15',a,120,>10&<200,1.3933,2.129904724,9.3,5.11,0.5085,8.7915,4.6015,0.550233485689327,0.132536221977885
en617,21',14-15',b,120,>10&<200,1.3933,2.129904724,10.6,5.69,0.5085,10.0915,5.1815,0.644784347192028,0.124045651781711
en617,21',14-15',c,120,>10&<200,1.3933,2.129904724,11.1,6.5,0.5085,10.5915,5.9915,0.604074948489476,0.284942698688205
en617,21',17-18',a,120,>0&<200,1.3933,2.129904724,14.2,8.45,0.5085,13.6915,7.9415,0.755093685611845,0.423264596130883
en617,21',17-18',b,120,>0&<200,1.3933,2.129904724,13.3,8.5,0.5085,12.7915,7.9915,0.630339076684671,0.555438195687931
en617,21',17-18',c,120,>0&<200,1.3933,2.129904724,13.3,7.72,0.5085,12.7915,7.2115,0.73276917664593,0.337271841900653
en617,21',17-18',a,120,>10&<200,1.3933,2.129904724,3.8,2.22,0.5085,3.2915,1.7115,0.207486612742037,0.0464654365185153
en617,21',17-18',b,120,>10&<200,1.3933,2.129904724,4.36,2.49,0.5085,3.8515,1.9815,0.24556959862507,0.0484450000367973
en617,21',17-18',c,120,>10&<200,1.3933,2.129904724,4.07,2.38,0.5085,3.5615,1.8715,0.221931883249395,0.0557609360267518
en617,21',19-21-23-24',a,120,>0&<200,1.3933,2.129904724,6.83,4.21,0.5085,6.3215,3.7015,0.34406007935705,0.205167796972449
en617,21',19-21-23-24',b,120,>0&<200,1.3933,2.129904724,7.33,4.42,0.5085,6.8215,3.9115,0.382143065240082,0.198244571734883
en617,21',19-21-23-24',c,120,>0&<200,1.3933,2.129904724,6.84,3.91,0.5085,6.3315,3.4015,0.384769478059601,0.119944454490659
en617,21',19-21-23-24',a,120,>10&<200,1.3933,2.129904724,2.47,1.5,0.5085,1.9615,0.9915,0.127381021746694,0.0197375624436877
en617,21',19-21-23-24',b,120,>10&<200,1.3933,2.129904724,2.13,1.4,0.5085,1.6215,0.8915,0.0958640679124604,0.0364165350181752
en617,21',19-21-23-24',c,120,>10&<200,1.3933,2.129904724,2.32,1.47,0.5085,1.8115,0.9615,0.111622544829577,0.0310446449828807
en627,3',8-10-11',a,152,>0&<200,0.324655349,2.154519162,222,160,2.46,219.54,157.55,1.48252176161229,2.86757576432055
en627,3',8-10-11',b,152,>0&<200,0.324655349,2.154519162,253,157,2.46,250.54,154.55,2.29564871587617,1.97161610565934
en627,3',8-10-11',c,152,>0&<200,0.324655349,2.154519162,288,166,2.46,285.54,163.55,2.91745168090149,1.59831125382599
en627,3',8-10-11',a,152,>10&<200,0.324655349,2.154519162,NaN,NaN,2.46,NaN,NaN,NaN,NaN
en627,3',8-10-11',b,152,>10&<200,0.324655349,2.154519162,NaN,NaN,2.46,NaN,NaN,NaN,NaN
en627,3',8-10-11',c,152,>10&<200,0.324655349,2.154519162,199,100,2.46,196.54,97.55,2.36739521184063,0.326048226145711
en627,8',9-10-11',a,152,>0&<200,0.324655349,2.154519162,304,172,2.79,301.21,169.455,3.15098652526581,1.52781878261708
en627,8',9-10-11',b,152,>0&<200,0.324655349,2.154519162,297,168,2.79,294.21,165.455,3.07924002930135,1.48912167271844
en627,8',9-10-11',c,152,>0&<200,0.324655349,2.154519162,313,170,2.79,310.21,167.455,3.41405701046883,1.20952649448251
en627,8',9-10-11',a,152,>10&<200,0.324655349,2.154519162,259,129,2.79,256.21,126.455,3.10315552795617,0.388381016898399
en627,8',9-10-11',b,152,>10&<200,0.324655349,2.154519162,300,153,2.79,297.21,150.455,3.50971900508811,0.644479174945056
en627,8',9-10-11',c,152,>10&<200,0.324655349,2.154519162,259,129,2.79,256.21,126.455,3.10315552795617,0.388381016898399
en627,11-12',11-12',a,152,>0&<200,0.324655349,2.154519162,207,129,2.095,204.905,126.905,1.86540889507596,1.6385525554382
en627,11-12',11-12',b,152,>0&<200,0.324655349,2.154519162,200,123,2.095,197.905,120.905,1.84149339642114,1.49680264529838
en627,11-12',11-12',c,152,>0&<200,0.324655349,2.154519162,264,131,2.095,261.905,128.905,3.18076132109106,0.378421932354657
en627,11-12',11-12',a,152,>10&<200,0.324655349,2.154519162,153,84.2,2.095,150.905,82.105,1.64538630745162,0.621606757395833
en627,11-12',11-12',b,152,>10&<200,0.324655349,2.154519162,140,75.1,2.095,137.905,73.005,1.55211586269782,0.463617998811079
en627,11-12',11-12',c,152,>10&<200,0.324655349,2.154519162,183,91.5,2.095,180.905,89.405,2.18826812691603,0.280284518631576
en627,18-19',11-12',a,152,>0&<200,0.324655349,2.154519162,116,64.1,2.44,113.56,61.69,1.24049691522551,0.462819596198141
en627,18-19',11-12',b,152,>0&<200,0.324655349,2.154519162,115,62,2.44,112.56,59.59,1.26680396374581,0.378529654599712
en627,18-19',11-12',c,152,>0&<200,0.324655349,2.154519162,120,63.5,2.44,117.56,61.09,1.35050820903768,0.336241761506504
en627,18-19',11-12',a,152,>10&<200,0.324655349,2.154519162,43.3,23.5,2.44,40.86,21.09,0.472809408405791,0.109504503507402
en627,18-19',11-12',b,152,>10&<200,0.324655349,2.154519162,52.7,27.9,2.44,50.26,25.49,0.592386901679891,0.111414976682711
en627,18-19',11-12',c,152,>10&<200,0.324655349,2.154519162,54.1,28.2,2.44,51.66,25.79,0.618693950200193,0.0933911986021415
en627,23-24',11-12',a,152,>0&<200,0.324655349,2.154519162,229,124,2.425,226.575,121.555,2.51160566872919,0.844637458943074
en627,23-24',11-12',b,152,>0&<200,0.324655349,2.154519162,215,120,2.425,212.575,117.555,2.27245068218099,0.973348839628174
en627,23-24',11-12',c,152,>0&<200,0.324655349,2.154519162,179,119,2.425,176.575,116.555,1.4354082292623,1.7827803910811
en627,23-24',11-12',a,152,>10&<200,0.324655349,2.154519162,124,62.9,2.425,121.575,60.455,1.4617152777826,0.207501770330824
en627,23-24',11-12',b,152,>10&<200,0.324655349,2.154519162,118,57.4,2.425,115.575,54.955,1.44975752845519,0.067599561596472
en627,23-24',11-12',c,152,>10&<200,0.324655349,2.154519162,110,49.2,2.425,107.575,46.755,1.45454062818615,-0.163592930153846
en627,30',1-2-3-4',a,152,>0&<200,0.324655349,2.154519162,229,135,2.34,226.66,132.67,2.24781771856653,1.41532057889783
en627,30',1-2-3-4',b,152,>0&<200,0.324655349,2.154519162,242,128,2.34,239.66,125.67,2.72612769166293,0.743734295541002
en627,30',1-2-3-4',c,152,>0&<200,0.324655349,2.154519162,230,137,2.34,227.66,134.67,2.22390221991171,1.49445788048419
en627,25',5-6',a,152,>0&<200,0.324655349,2.154519162,197,127,2.39,194.61,124.695,1.67205208845174,1.77088926982306
en627,25',5-6',b,152,>0&<200,0.324655349,2.154519162,168,118,2.39,165.61,115.695,1.19374211535534,2.00070112972749
en627,25',5-6',c,152,>0&<200,0.324655349,2.154519162,177,108,2.39,174.61,105.695,1.64813658979692,1.27019764062816
en627,25',5-6',a,152,>10&<200,0.324655349,2.154519162,95.7,49.6,2.39,93.31,47.295,1.10047167060154,0.205385914222282
en627,25',5-6',b,152,>10&<200,0.324655349,2.154519162,99.9,50.9,2.39,97.51,48.595,1.16982661670052,0.171925140028812
en627,25',5-6',c,152,>10&<200,0.324655349,2.154519162,112,57.3,2.39,109.61,54.995,1.30614495903299,0.212316567077297
en627,25',9-10-11',a,152,>0&<200,0.324655349,2.154519162,207,119,2.39,204.61,116.695,2.1025310642385,1.1195230823101
en627,25',9-10-11',b,152,>0&<200,0.324655349,2.154519162,190,136,2.39,187.61,133.695,1.28940410997462,2.40203536149215
en627,25',9-10-11',c,152,>0&<200,0.324655349,2.154519162,245,138,2.39,242.61,135.695,2.55692553868008,1.18973573571825
en627,25',9-10-11',a,152,>10&<200,0.324655349,2.154519162,100,51.8,2.39,97.61,49.495,1.15069421777666,0.215907350271865
en627,25',9-10-11',b,152,>10&<200,0.324655349,2.154519162,121,61.3,2.39,118.61,58.995,1.42572245230709,0.203182679666297
en627,25',9-10-11',c,152,>10&<200,0.324655349,2.154519162,139,68.8,2.39,136.61,66.495,1.6768351881827,0.159151704783998
en627,25',1-2',a,152,>0&<200,0.324655349,2.154519162,142,86.4,2.39,139.61,84.095,1.32766890782233,0.994269850942008
en627,25',1-2',b,152,>0&<200,0.324655349,2.154519162,114,71.7,2.39,111.61,69.395,1.00959277571323,0.906465731504223
en627,25',1-2',c,152,>0&<200,0.324655349,2.154519162,135,81.1,2.39,132.61,78.795,1.28701256010914,0.888588420886595
en627,25',1-2',a,152,>10&<200,0.324655349,2.154519162,91.6,46.6,2.39,89.21,44.295,1.07416462208124,0.14886025834526
en627,25',1-2',b,152,>10&<200,0.324655349,2.154519162,104,52.1,2.39,101.61,49.795,1.2391815627995,0.135703275688764
en627,25',1-2',c,152,>10&<200,0.324655349,2.154519162,85.5,43.5,2.39,83.11,41.195,1.00241812611678,0.135012959765818
en644,1',20-21-22',a,152,>0&<200,0.79591678,2.182214006,25.4,15.2,0.806,24.594,14.394,0.591529943472373,0.395326907677794
en644,1',20-21-22',b,152,>0&<200,0.79591678,2.182214006,24.7,14.6,0.806,23.894,13.794,0.585730630301075,0.359990045311361
en644,1',20-21-22',c,152,>0&<200,0.79591678,2.182214006,25.8,15.7,0.806,24.994,14.894,0.585730630301075,0.435406367130534
en644,1',20-21-22',a,152,>10&<200,0.79591678,2.182214006,7.98,4.41,0.806,7.174,3.604,0.20703548021533,0.0400558141813072
en644,1',20-21-22',b,152,>10&<200,0.79591678,2.182214006,7.54,4.82,0.806,6.734,4.014,0.157741318259299,0.117459696088121
en644,1',20-21-22',c,152,>10&<200,0.79591678,2.182214006,8.4,4.75,0.806,7.594,3.944,0.211674930752369,0.0587268631156499
en644,2',18-19-20',a,152,>0&<200,0.79591678,2.182214006,28.7,16.1,0.833,27.867,15.267,0.730713459583519,0.315996526974047
en644,2',18-19-20',b,152,>0&<200,0.79591678,2.182214006,26.1,15.8,0.833,25.267,14.967,0.597329256643671,0.42881264214503
en644,2',18-19-20',c,152,>0&<200,0.79591678,2.182214006,26.9,16.3,0.833,26.067,15.467,0.614727196157564,0.445694848912579
en644,2',18-19-20',a,152,>10&<200,0.79591678,2.182214006,7.1,4.08,0.833,6.267,3.247,0.175139257773193,0.047476012178495
en644,2',18-19-20',b,152,>10&<200,0.79591678,2.182214006,6.79,3.9,0.833,5.957,3.067,0.167600150650506,0.0426742666398629
en644,2',18-19-20',c,152,>10&<200,0.79591678,2.182214006,6.82,3.89,0.833,5.987,3.057,0.169919875919025,0.0396689384457149
en644,23',21-22-23',a,152,>0&<200,0.79591678,2.182214006,152,86.7,0.807,151.193,85.893,3.78695150085745,2.10189770824644
en644,23',21-22-23',b,152,>0&<200,0.79591678,2.182214006,142,84,0.807,141.193,83.193,3.36360163935271,2.34013477983139
en644,23',21-22-23',c,152,>0&<200,0.79591678,2.182214006,151,89,0.807,150.193,88.193,3.59557416620462,2.4509637157939
en644,23',21-22-23',a,152,>10&<200,0.79591678,2.182214006,113,64.9,0.807,112.193,64.093,2.78946963539423,1.60476519583876
en644,23',21-22-23',b,152,>10&<200,0.79591678,2.182214006,113,63.6,0.807,112.193,62.793,2.8648607066211,1.44024574428014
en644,23',21-22-23',c,152,>10&<200,0.79591678,2.182214006,113,64.4,0.807,112.193,63.593,2.81846620125072,1.54148848370083
en644,7',20-21-22',a,152,>0&<200,0.79591678,2.182214006,54.6,30,0.8435,53.7565,29.1565,1.42663104013925,0.572347129970506
en644,7',20-21-22',b,152,>0&<200,0.79591678,2.182214006,52.6,29.1,0.8435,51.7565,28.2565,1.36283859525498,0.574435311548185
en644,7',20-21-22',c,152,>0&<200,0.79591678,2.182214006,55.4,29.9,0.8435,54.5565,29.0565,1.47882485868093,0.513297282172537
en644,7',20-21-22',a,152,>10&<200,0.79591678,2.182214006,39.6,20.2,0.8435,38.7565,19.3565,1.12506675523177,0.202020547761716
en644,7',20-21-22',b,152,>10&<200,0.79591678,2.182214006,40.5,21.2,0.8435,39.6565,20.3565,1.11926744206047,0.276380153495899
en644,7',20-21-22',c,152,>10&<200,0.79591678,2.182214006,32.7,19.4,0.8435,31.8565,18.5565,0.771308651782604,0.500930417160572
en644,9',21-22-23',a,152,>0&<200,0.79591678,2.182214006,15.6,9.72,0.7725,14.8275,8.9475,0.340999614472309,0.272443603234105
en644,9',21-22-23',b,152,>0&<200,0.79591678,2.182214006,14.8,8.68,0.7725,14.0275,7.9075,0.354917966083424,0.18722254735759
en644,9',21-22-23',c,152,>0&<200,0.79591678,2.182214006,14.3,8.81,0.7725,13.5275,8.0375,0.318382293104248,0.232671058369941
en644,9',21-22-23',a,152,>10&<200,0.79591678,2.182214006,9.23,4.99,0.7725,8.4575,4.2175,0.245890878463025,0.0432621554209421
en644,9',21-22-23',b,152,>10&<200,0.79591678,2.182214006,8.41,5.12,0.7725,7.6375,4.3475,0.190797403335697,0.107268468581446
en644,9',21-22-23',c,152,>10&<200,0.79591678,2.182214006,8.17,4.87,0.7725,7.3975,4.0975,0.191377334652826,0.089548464123595
en644,13',21-22-23',a,152,>0&<200,0.79591678,2.182214006,8.85,5.95,0.792,8.058,5.158,0.168180081967635,0.185453907071726
en644,13',21-22-23',b,152,>0&<200,0.79591678,2.182214006,6.71,4.26,0.792,5.918,3.468,0.142083172696795,0.0956839219112899
en644,13',21-22-23',c,152,>0&<200,0.79591678,2.182214006,7.13,5.33,0.792,6.338,4.538,0.10438763708336,0.206738970567012
en644,13',21-22-23',a,152,>10&<200,0.79591678,2.182214006,1.38,1.1,0.792,0.588,0.308,0.0162380768796337,0.00487849322973484
en644,13',21-22-23',b,152,>10&<200,0.79591678,2.182214006,1.51,1.21,0.792,0.718,0.418,0.0173979395138933,0.0112602627773926
en644,13',21-22-23',c,152,>10&<200,0.79591678,2.182214006,1.41,1.15,0.792,0.618,0.358,0.0150782142453742,0.00946637049213863
en644,17',8-12',a,152,>0&<200,0.79591678,2.182214006,29.1,23.3,0.844,28.256,22.456,0.336360163935271,1.20322976585688
en644,17',8-12',b,152,>0&<200,0.79591678,2.182214006,37.9,23,0.844,37.056,22.156,0.864097662523368,0.654924179499913
en644,17',8-12',c,152,>0&<200,0.79591678,2.182214006,30.6,21.9,0.844,29.756,21.056,0.504540245902906,0.939065274301201
en644,17',8-12',a,152,>10&<200,0.79591678,2.182214006,3,2.34,0.844,2.156,1.496,0.0382754669305653,0.0642907307435107
en644,17',8-12',b,152,>10&<200,0.79591678,2.182214006,2.79,2.39,0.844,1.946,1.546,0.0231972526851911,0.0827969596170292
en644,17',8-12',c,152,>10&<200,0.79591678,2.182214006,5.12,3.83,0.844,4.276,2.986,0.0748111399097412,0.129909893683033
en644,17',15-17',a,152,>0&<200,0.79591678,2.182214006,7.07,4.82,0.844,6.226,3.976,0.1304845463542,0.142111176875831
en644,17',15-17',b,152,>0&<200,0.79591678,2.182214006,7.61,4.64,0.844,6.766,3.796,0.172239601187544,0.0880152693811678
en644,17',15-17',c,152,>0&<200,0.79591678,2.182214006,7.48,5.01,0.844,6.636,4.166,0.143243035331055,0.142379143485924
en644,17',15-17',a,152,>10&<200,0.79591678,2.182214006,1.37,1.07,0.844,0.526,0.226,0.0173979395138933,-0.00190331339468129
en644,17',15-17',b,152,>10&<200,0.79591678,2.182214006,1.5,1.18,0.844,0.656,0.336,0.0185578021481529,0.0044784561529765
en644,17',15-17',c,152,>10&<200,0.79591678,2.182214006,1.35,1.15,0.844,0.506,0.306,0.0115986263425956,0.00938082318164726
en644,17',19-20-21',a,152,>0&<200,0.79591678,2.182214006,5.69,3.85,0.844,4.846,3.006,0.106707362351879,0.0993848770921534
en644,17',19-20-21',b,152,>0&<200,0.79591678,2.182214006,5.71,3.71,0.844,4.866,2.866,0.115986263425955,0.0805075350592731
en644,17',19-20-21',c,152,>0&<200,0.79591678,2.182214006,6.07,4.18,0.844,5.226,3.336,0.109607018937528,0.119110117052257
en644,17',19-20-21',a,152,>10&<200,0.79591678,2.182214006,1.47,1.19,0.844,0.626,0.346,0.0162380768796338,0.00748378434712446
en644,17',19-20-21',b,152,>10&<200,0.79591678,2.182214006,2.09,1.59,0.844,1.246,0.746,0.0289965658564889,0.0221494123954234
en644,17',19-20-21',c,152,>10&<200,0.79591678,2.182214006,1.5,1.17,0.844,0.656,0.326,0.0191377334652826,0.00321292191021787
en649,1',16-17-18',a,152,>0&<200,0.33182747,2.18953457,368,204,2.13,365.87,201.96,3.95184759224166,1.84026728511894
en649,1',16-17-18',b,152,>0&<200,0.33182747,2.18953457,348,186,2.13,345.87,183.96,3.90362786687724,1.37225573799133
en649,1',16-17-18',c,152,>0&<200,0.33182747,2.18953457,350,199,2.13,347.87,196.96,3.63841937737288,2.01029792429549
en649,1',16-17-18',a,152,>10&<200,0.33182747,2.18953457,247,141,2.13,244.87,138.96,2.55347555667326,1.43182986696523
en649,1',16-17-18',b,152,>10&<200,0.33182747,2.18953457,236,125,2.13,233.87,122.96,2.67402487008433,0.852408311339017
en649,1',16-17-18',c,152,>10&<200,0.33182747,2.18953457,219,123,2.13,216.87,120.96,2.31237692985112,1.15669722129533
en649,5',16-17-18',a,152,>0&<200,0.33182747,2.18953457,221,110,2.22,218.78,107.885,2.6736632221441,0.420426268567174
en649,5',16-17-18',b,152,>0&<200,0.33182747,2.18953457,217,126,2.22,214.78,123.885,2.19146596849982,1.36149576442659
en649,5',16-17-18',c,152,>0&<200,0.33182747,2.18953457,207,127,2.22,204.78,124.885,1.92625747899547,1.65538376906939
en649,5',16-17-18',a,152,>10&<200,0.33182747,2.18953457,101,54.7,2.22,98.78,52.585,1.11375510660487,0.394357196950329
en649,5',16-17-18',b,152,>10&<200,0.33182747,2.18953457,102,60.5,2.22,99.78,58.385,0.99802776573024,0.676425725627944
en649,5',16-17-18',c,152,>10&<200,0.33182747,2.18953457,94.2,50.1,2.22,91.98,47.985,1.060713408704,0.315473125214347
en649,21',22-23-24',a,152,>0&<200,0.33182747,2.18953457,150,85.4,1.99,148.01,83.52,1.55484504437597,0.840468059987063
en649,21',22-23-24',b,152,>0&<200,0.33182747,2.18953457,154,95.9,1.99,152.01,94.02,1.39813093694158,1.29831707637514
en649,21',22-23-24',c,152,>0&<200,0.33182747,2.18953457,158,86.4,1.99,156.01,84.52,1.72361408315146,0.700378536350013
en649,21',22-23-24',a,152,>10&<200,0.33182747,2.18953457,78.4,57.9,1.99,76.41,56.02,0.49160010009034,1.11502633796542
en649,21',22-23-24',b,152,>10&<200,0.33182747,2.18953457,99.7,59.7,1.99,97.71,57.82,0.961742422393508,0.696507142911453
en649,21',22-23-24',c,152,>10&<200,0.33182747,2.18953457,84.7,57.4,1.99,82.71,55.52,0.655547166329393,0.936739514157142
en649,19',22-23-24',a,152,>0&<200,0.33182747,2.18953457,123,98.3,2.005,120.995,96.345,0.59430811511657,2.16881977089703
en649,19',22-23-24',b,152,>0&<200,0.33182747,2.18953457,75.2,74.8,2.005,73.195,72.845,0.00843845193877503,2.08072082832134
en649,19',22-23-24',c,152,>0&<200,0.33182747,2.18953457,131,81.4,2.005,128.995,79.445,1.19464369590369,1.08380038427017
en649,19',22-23-24',a,152,>10&<200,0.33182747,2.18953457,36.3,19,2.005,34.295,17.045,0.415895131268188,0.0729472042666284
en649,19',22-23-24',b,152,>10&<200,0.33182747,2.18953457,40.9,21.9,2.005,38.895,19.945,0.456881897827951,0.115131031608359
en649,19',22-23-24',c,152,>10&<200,0.33182747,2.18953457,27.5,14.5,2.005,25.495,12.545,0.312222721734669,0.0475617956771394
en649,8',21-22-23',a,152,>0&<200,0.33182747,2.18953457,112,83.6,2.31,109.69,81.305,0.684358452234639,1.64742952609673
en649,8',21-22-23',b,152,>0&<200,0.33182747,2.18953457,105,79.9,2.31,102.69,77.605,0.604795905383333,1.62087786693579
en649,8',21-22-23',c,152,>0&<200,0.33182747,2.18953457,109,71.7,2.31,106.69,69.405,0.898936230106341,1.09156551807752
en649,8',21-22-23',a,152,>10&<200,0.33182747,2.18953457,39.5,22,2.31,37.19,19.705,0.421560948998508,0.143568896804575
en649,8',21-22-23',b,152,>10&<200,0.33182747,2.18953457,38.7,21.1,2.31,36.39,18.805,0.42397193526673,0.115346346911752
en649,8',21-22-23',c,152,>10&<200,0.33182747,2.18953457,29.4,21,2.31,27.09,18.705,0.202161198590363,0.334289132074274
en649,12',22-23-24',a,152,>0&<200,0.33182747,2.18953457,46.5,29.2,1.955,44.545,27.165,0.419029413416876,0.360049615319016
en649,12',22-23-24',b,152,>0&<200,0.33182747,2.18953457,51.7,33.3,1.955,49.745,31.265,0.445550262367311,0.451114778436211
en649,12',22-23-24',c,152,>0&<200,0.33182747,2.18953457,51.5,37.3,1.955,49.545,35.265,0.344288839102013,0.667094262255293
en649,12',22-23-24',a,152,>10&<200,0.33182747,2.18953457,8.27,7.11,1.955,6.315,5.075,0.0298962297259451,0.11565230960167
en649,12',22-23-24',b,152,>10&<200,0.33182747,2.18953457,10.1,6.51,1.955,8.145,4.475,0.0884831960437246,0.0398576342008223
en649,12',22-23-24',c,152,>10&<200,0.33182747,2.18953457,7.8,5.62,1.955,5.845,3.585,0.0544882896618032,0.0483277721095266
en649,16',9-10',a,152,>0&<200,0.33182747,2.18953457,44.9,30.2,1.955,42.945,28.34,0.352124544473732,0.460652914549834
en649,16',9-10',b,152,>0&<200,0.33182747,2.18953457,44,34,1.955,42.045,32.14,0.238808189867328,0.682951426682335
en649,16',9-10',c,152,>0&<200,0.33182747,2.18953457,43.3,30.2,1.955,41.345,28.34,0.31354876418219,0.499228694841376
en649,16',9-10',a,152,>10&<200,0.33182747,2.18953457,8.56,5.63,1.955,6.605,3.77,0.0683514607040761,0.0397703113678661
en649,16',9-10',b,152,>10&<200,0.33182747,2.18953457,8.51,5.84,1.955,6.555,3.98,0.0620828964067005,0.0520615738443155
en649,16',9-10',c,152,>10&<200,0.33182747,2.18953457,7.71,5.2,1.955,5.755,3.34,0.0582253183775463,0.0375642621848641
en649,16',14-15',a,152,>0&<200,0.33182747,2.18953457,53.5,31.7,1.955,51.545,29.84,0.52330456951745,0.332492162213785
en649,16',14-15',b,152,>0&<200,0.33182747,2.18953457,54.3,34.2,1.955,52.345,32.34,0.482317802957687,0.445177716619664
en649,16',14-15',c,152,>0&<200,0.33182747,2.18953457,55.4,34,1.955,53.445,32.14,0.513660624444565,0.408098992105097
en649,16',14-15',a,152,>10&<200,0.33182747,2.18953457,9.75,6.22,1.955,7.795,4.36,0.0828173783134044,0.0422253076902212
en649,16',14-15',b,152,>10&<200,0.33182747,2.18953457,9.07,6.16,1.955,7.115,4.3,0.0678692634504318,0.055452651644887
en649,16',14-15',c,152,>10&<200,0.33182747,2.18953457,8.51,5.3,1.955,6.555,3.44,0.075102222255096,0.0235553098211591
en649,16',22-23-24',a,152,>0&<200,0.33182747,2.18953457,101,64.3,1.955,99.045,62.44,0.882541523482436,0.908207401762147
en649,16',22-23-24',b,152,>0&<200,0.33182747,2.18953457,105,62.3,1.955,103.045,60.44,1.02720069957572,0.706189195391972
en649,16',22-23-24',c,152,>0&<200,0.33182747,2.18953457,106,64.6,1.955,104.045,62.74,0.995857878088841,0.803494901697276
en649,16',22-23-24',a,152,>10&<200,0.33182747,2.18953457,15.6,10.8,1.955,13.645,8.94,0.113436903919816,0.142957961417893
en649,16',22-23-24',b,152,>10&<200,0.33182747,2.18953457,20.2,11.5,1.955,18.245,9.64,0.20746536838045,0.0690051575541721
en649,16',22-23-24',c,152,>10&<200,0.33182747,2.18953457,16,9.73,1.955,14.045,7.87,0.14887840206267,0.0768293820769017
en655,1',19-20-21',a,152,>0&<200,0.837516556,2.152385698,20.2,11.4,0.768,19.432,10.6315,0.543413781727372,0.213098014783327
en655,1',19-20-21',b,152,>0&<200,0.837516556,2.152385698,20,11.7,0.768,19.232,10.9315,0.512539752880865,0.265319317199246
en655,1',19-20-21',c,152,>0&<200,0.837516556,2.152385698,18.1,11.7,0.768,17.332,10.9315,0.395218443264138,0.382640626815973
en655,1',19-20-21',a,152,>10&<200,0.837516556,2.152385698,3.5,2.15,0.768,2.732,1.3815,0.0833907519144158,0.014913442872729
en655,1',19-20-21',b,152,>10&<200,0.837516556,2.152385698,3.46,2.05,0.768,2.692,1.2815,0.0870956353759967,0.0040928015546773
en655,1',19-20-21',c,152,>10&<200,0.837516556,2.152385698,3.51,2.09,0.768,2.742,1.3215,0.0877131159529268,0.00632162412033552
en655,2',18-19-20',a,152,>0&<200,0.837516556,2.152385698,21.1,10.5,0.784,20.316,9.747,0.652615221757468,0.0409576965127457
en655,2',18-19-20',b,152,>0&<200,0.837516556,2.152385698,20,10.5,0.784,19.216,9.747,0.584692358295152,0.108880559975062
en655,2',18-19-20',c,152,>0&<200,0.837516556,2.152385698,21,10.7,0.784,20.216,9.947,0.634090804449564,0.0737136295335919
en655,2',18-19-20',a,152,>10&<200,0.837516556,2.152385698,2.39,1.63,0.784,1.606,0.877,0.0450143340582074,0.0173908623430419
en655,2',18-19-20',b,152,>10&<200,0.837516556,2.152385698,2.49,1.87,0.784,1.706,1.117,0.0363696059811854,0.043113409275594
en655,2',18-19-20',c,152,>10&<200,0.837516556,2.152385698,2.4,1.62,0.784,1.616,0.867,0.0462492952120677,0.0154443254035346
en655,7',21-22-23',a,152,>0&<200,0.837516556,2.152385698,19.8,13.1,0.7835,19.0165,12.322,0.413372372225884,0.463431310848454
en655,7',21-22-23',b,152,>0&<200,0.837516556,2.152385698,22.3,14.6,0.7835,21.5165,13.822,0.475120429918898,0.508419621002502
en655,7',21-22-23',c,152,>0&<200,0.837516556,2.152385698,18.4,13.7,0.7835,17.6165,12.922,0.289876256839856,0.629621973373308
en655,7',21-22-23',a,152,>10&<200,0.837516556,2.152385698,4.37,3.33,0.7835,3.5865,2.552,0.0638783656834233,0.117715774813713
en655,7',21-22-23',b,152,>10&<200,0.837516556,2.152385698,4.44,2.52,0.7835,3.6565,1.742,0.118216656453276,0.00573984540644637
en655,7',21-22-23',c,152,>10&<200,0.837516556,2.152385698,4.69,2.76,0.7835,3.9065,1.982,0.118834137030206,0.0222001836850463
en655,12',21-22-23',a,152,>0&<200,0.837516556,2.152385698,7.46,4.23,0.758,6.702,3.47,0.199569722463822,0.0473470751557165
en655,12',21-22-23',b,152,>0&<200,0.837516556,2.152385698,7.5,4.32,0.758,6.742,3.56,0.196482319579171,0.056838660111191
en655,12',21-22-23',c,152,>0&<200,0.837516556,2.152385698,6.62,4.62,0.758,5.862,3.86,0.123619611501415,0.15104864175836
en655,12',21-22-23',a,152,>10&<200,0.837516556,2.152385698,1.75,1.31,0.758,0.992,0.55,0.0272926415003123,0.0118440267102774
en655,12',21-22-23',b,152,>10&<200,0.837516556,2.152385698,1.93,1.21,0.758,1.172,0.45,0.0445820976543563,-0.0125611873002375
en655,12',21-22-23',c,152,>10&<200,0.837516556,2.152385698,1.42,1.19,0.758,0.662,0.43,0.0143255493847793,0.0162722093980453
en657,1',17-18-19-20',a,152,>0&<200,0.837516556,2.152385698,148,78.4,0.7575,147.2425,77.6175,4.29920851687612,1.22386483737014
en657,1',17-18-19-20',b,152,>0&<200,0.837516556,2.152385698,137,81.5,0.7575,136.2425,80.7175,3.42856090340462,2.31510094439224
en657,1',17-18-19-20',c,152,>0&<200,0.837516556,2.152385698,151,78.5,0.7575,150.2425,77.7175,4.47827788418586,1.05191122791687
en657,1',17-18-19-20',a,152,>10&<200,0.837516556,2.152385698,48.9,24.1,0.7575,48.1425,23.3175,1.53289553222908,0.126321305953512
en657,1',17-18-19-20',b,152,>10&<200,0.837516556,2.152385698,60.7,30.5,0.7575,59.9425,29.7175,1.86633504377136,0.248290297225369
en657,1',17-18-19-20',c,152,>10&<200,0.837516556,2.152385698,63,29.6,0.7575,62.2425,28.8175,2.063928828389,-0.0133453081005143
en657,5',17-18-19-20',a,152,>0&<200,0.837516556,2.152385698,99.8,58.5,0.735,99.065,57.7385,2.55183110625035,1.55670074370807
en657,5',17-18-19-20',b,152,>0&<200,0.837516556,2.152385698,94.4,58.8,0.735,93.665,58.0385,2.19986717740017,1.93001194612766
en657,5',17-18-19-20',c,152,>0&<200,0.837516556,2.152385698,105,59,0.735,104.265,58.2385,2.84204697740752,1.30206366183326
en657,5',17-18-19-20',a,152,>10&<200,0.837516556,2.152385698,64.2,44.6,0.735,63.465,43.8385,1.21189825431194,1.90754325359703
en657,5',17-18-19-20',b,152,>10&<200,0.837516556,2.152385698,67,32.4,0.735,66.265,31.6385,2.13811911970716,0.113199929712371
en657,5',17-18-19-20',c,152,>10&<200,0.837516556,2.152385698,70.7,33.6,0.735,69.965,32.8385,2.29248926393969,0.0442188797574863
en657,6',20-21-22',a,152,>0&<200,0.837516556,2.152385698,46.1,27.1,0.716,45.384,26.316,1.1774119640904,0.695170873418474
en657,6',20-21-22',b,152,>0&<200,0.837516556,2.152385698,43.7,29.9,0.716,42.984,29.116,0.856322064086722,1.21550199340333
en657,6',20-21-22',c,152,>0&<200,0.837516556,2.152385698,49.4,27.7,0.716,48.684,26.916,1.34413171986153,0.57114566478616
en657,6',20-21-22',a,152,>10&<200,0.837516556,2.152385698,12.7,6.69,0.716,11.984,5.906,0.375304694658141,0.0449519643450278
en657,6',20-21-22',b,152,>10&<200,0.837516556,2.152385698,11.9,6.56,0.716,11.184,5.776,0.333933496003821,0.0770726777859351
en657,6',20-21-22',c,152,>10&<200,0.837516556,2.152385698,12.4,7.06,0.716,11.684,6.276,0.333933496003821,0.112651467068289
en657,17',21-22-23',a,152,>0&<200,0.837516556,2.152385698,18.3,15.5,0.8775,17.4225,14.6645,0.170301143117333,0.873189167744835
en657,17',21-22-23',b,152,>0&<200,0.837516556,2.152385698,26.4,15.8,0.8775,25.5225,14.9645,0.651935993122845,0.412901591308736
en657,17',21-22-23',c,152,>0&<200,0.837516556,2.152385698,43.2,25.6,0.8775,42.3225,24.7645,1.08417239697394,0.678009457391779
en657,17',21-22-23',a,152,>10&<200,0.837516556,2.152385698,1.83,1.34,0.8775,0.9525,0.5045,0.0276631298464704,0.00823586853942504
en657,17',21-22-23',b,152,>10&<200,0.837516556,2.152385698,4.09,2.74,0.8775,3.2125,1.9045,0.0807664594624627,0.0547531489140247
en657,17',21-22-23',c,152,>10&<200,0.837516556,2.152385698,3.21,2.76,0.8775,2.3325,1.9245,0.0251932075387498,0.111749552409032
en657,15',21-22-23',a,152,>0&<200,0.837516556,2.152385698,24.5,14.6,0.84,23.66,13.8445,0.606088060285782,0.379053036153325
en657,15',21-22-23',b,152,>0&<200,0.837516556,2.152385698,26.9,16.4,0.84,26.06,15.6445,0.64313689490159,0.470087842953992
en657,15',21-22-23',c,152,>0&<200,0.837516556,2.152385698,24,14.3,0.84,23.16,13.5445,0.593738448747179,0.370055374122516
en657,15',21-22-23',a,152,>10&<200,0.837516556,2.152385698,5.35,3.32,0.84,4.51,2.5645,0.120130846241759,0.0623527639874357
en657,15',21-22-23',b,152,>10&<200,0.837516556,2.152385698,6.59,3.95,0.84,5.75,3.1945,0.157797161434498,0.0695157232904634
en657,15',21-22-23',c,152,>10&<200,0.837516556,2.152385698,5.06,3.12,0.84,4.22,2.3645,0.114573521049388,0.0536785734668653
en657,9',21-22-23',a,152,>0&<200,0.837516556,2.152385698,26.4,14.9,0.7275,25.6725,14.139,0.71217122340238,0.293925779924034
en657,9',21-22-23',b,152,>0&<200,0.837516556,2.152385698,25,15.8,0.7275,24.2725,15.039,0.570150690708447,0.499988133326204
en657,9',21-22-23',c,152,>0&<200,0.837516556,2.152385698,25.3,14.1,0.7275,24.5725,13.339,0.693646806094476,0.255524134380171
en657,9',21-22-23',a,152,>10&<200,0.837516556,2.152385698,5.12,3.1,0.7275,4.3925,2.339,0.126799636472605,0.0396379397902484
en657,9',21-22-23',b,152,>10&<200,0.837516556,2.152385698,4.75,2.97,0.7275,4.0225,2.209,0.111980102626281,0.0452069884231598
en657,9',21-22-23',c,152,>10&<200,0.837516556,2.152385698,5.74,3.53,0.7275,5.0125,2.769,0.138531767434278,0.0585035676114003
en657,12',10-11',a,152,>0&<200,0.837516556,2.152385698,28.6,17.5,0.707,27.893,16.72,0.689911048604049,0.499843664997878
en657,12',10-11',b,152,>0&<200,0.837516556,2.152385698,25.1,19.8,0.707,24.393,19.02,0.331772313984566,1.02164483031619
en657,12',10-11',c,152,>0&<200,0.837516556,2.152385698,21.8,18.4,0.707,21.093,17.62,0.214451004367839,1.03934552994233
en657,12',10-11',a,152,>10&<200,0.837516556,2.152385698,4.16,2.49,0.707,3.453,1.71,0.107626864558924,0.0140525947867277
en657,12',10-11',b,152,>10&<200,0.837516556,2.152385698,4.62,2.65,0.707,3.913,1.87,0.126151281866828,0.00691339004917671
en657,12',10-11',c,152,>10&<200,0.837516556,2.152385698,4.07,2.65,0.707,3.363,1.87,0.0921898501356703,0.0408748217803346
en657,12',15-16',a,152,>0&<200,0.837516556,2.152385698,24.1,14.3,0.707,23.393,13.52,0.60963857360313,0.352411888591729
en657,12',15-16',b,152,>0&<200,0.837516556,2.152385698,27.5,14.4,0.707,26.793,13.62,0.813407163990077,0.155759056061253
en657,12',15-16',c,152,>0&<200,0.837516556,2.152385698,27.8,14.5,0.707,27.093,13.72,0.82575677552868,0.150525202379121
en657,12',15-16',a,152,>10&<200,0.837516556,2.152385698,3.4,2.15,0.707,2.693,1.37,0.0816926803278579,0.0157932023057927
en657,12',15-16',b,152,>10&<200,0.837516556,2.152385698,3.84,2.25,0.707,3.133,1.47,0.102687019943483,0.00191462054663877
en657,12',15-16',c,152,>10&<200,0.837516556,2.152385698,3.94,2.36,0.707,3.233,1.58,0.102069539366553,0.0103594347656868
en657,12',21-22-23',a,152,>0&<200,0.837516556,2.152385698,15.7,9.53,0.707,14.993,8.75,0.385493124177488,0.237135688263711
en657,12',21-22-23',b,152,>0&<200,0.837516556,2.152385698,16,10.4,0.707,15.293,9.62,0.35029673129247,0.334239174500026
en657,12',21-22-23',c,152,>0&<200,0.837516556,2.152385698,16.1,10.2,0.707,15.393,9.42,0.368821148600374,0.30148324147918
en657,12',21-22-23',a,152,>10&<200,0.837516556,2.152385698,2.59,1.66,0.707,1.883,0.88,0.0619333018660933,0.00068536727085016
en657,12',21-22-23',b,152,>10&<200,0.837516556,2.152385698,2.57,1.74,0.707,1.863,0.96,0.0557584960967919,0.0125527793253283
en657,12',21-22-23',c,152,>10&<200,0.837516556,2.152385698,2.5,1.65,0.707,1.793,0.87,0.0569934572506522,0.00491363610064421
en661,1',17-18-19-20',a,152,>0&<200,0.813376915,2.21629417,210,114,0.95,209.05,113.0535,5.61621445223538,2.42850532455536
en661,1',17-18-19-20',b,152,>0&<200,0.813376915,2.21629417,211,127,0.95,210.05,126.0535,4.91416205004546,4.05561849088154
en661,1',17-18-19-20',c,152,>0&<200,0.813376915,2.21629417,207,121,0.95,206.05,120.0535,5.03117078374378,3.51165863527418
en661,1',17-18-19-20',a,152,>10&<200,0.813376915,2.21629417,165,82.4,0.95,164.05,81.4535,4.83225593645663,0.963854598279786
en661,1',17-18-19-20',b,152,>10&<200,0.813376915,2.21629417,162,82.2,0.95,161.05,81.2535,4.66844370927899,1.1134351213938
en661,1',17-18-19-20',c,152,>10&<200,0.813376915,2.21629417,156,79.3,0.95,155.05,78.3535,4.48708017204659,1.08843894970349
en661,13',16-17',a,152,>0&<200,0.813376915,2.21629417,204,110,0.9545,203.0455,109.061,5.49850366613487,2.26211571828555
en661,13',16-17',b,152,>0&<200,0.813376915,2.21629417,215,109,0.9545,214.0455,108.061,6.20055606832479,1.48890479577746
en661,13',16-17',c,152,>0&<200,0.813376915,2.21629417,197,107,0.9545,196.0455,106.061,5.26448619873823,2.28265762472767
en661,13',16-17',a,152,>10&<200,0.813376915,2.21629417,169,82.7,0.9545,168.0455,81.761,5.04802004139634,0.769971738337924
en661,13',16-17',b,152,>10&<200,0.813376915,2.21629417,168,84.2,0.9545,167.0455,83.261,4.90175912427344,1.02297043593809
en661,13',16-17',c,152,>10&<200,0.813376915,2.21629417,165,85.2,0.9545,164.0455,84.261,4.6677416568768,1.3281464236529
en661,2',17-18-19-20',a,152,>0&<200,0.813376915,2.21629417,60.3,43.1,0.9065,59.3935,42.1805,1.00703566657459,1.99446629970617
en661,2',17-18-19-20',b,152,>0&<200,0.813376915,2.21629417,63.7,40.2,0.9065,62.7935,39.2805,1.3756131777243,1.41952907963375
en661,2',17-18-19-20',c,152,>0&<200,0.813376915,2.21629417,65.4,40.8,0.9065,64.4935,39.8805,1.43996798125837,1.39786938829058
en661,2',17-18-19-20',a,152,>10&<200,0.813376915,2.21629417,40.8,21.4,0.9065,39.8935,20.4805,1.13574527364274,0.321616801733631
en661,2',17-18-19-20',b,152,>10&<200,0.813376915,2.21629417,35.3,18.6,0.9065,34.3935,17.6805,0.977783483150009,0.280334735335474
en661,2',17-18-19-20',c,152,>10&<200,0.813376915,2.21629417,41.3,21.5,0.9065,40.3935,20.5805,1.1591470203824,0.305330907025784
en661,12',16-17-18-19',a,152,>0&<200,0.813376915,2.21629417,82.7,45.4,0.9545,81.7455,44.461,2.1813060657875,0.982472906078851
en661,12',16-17-18-19',b,152,>0&<200,0.813376915,2.21629417,76.1,46.1,0.9545,75.1455,45.161,1.75422418778863,1.45936574830044
en661,12',16-17-18-19',c,152,>0&<200,0.813376915,2.21629417,80.3,44.6,0.9545,79.3455,43.661,2.08769907882885,1.01915307678297
en661,12',16-17-18-19',a,152,>10&<200,0.813376915,2.21629417,71.1,35.5,0.9545,70.1455,34.561,2.08184864214393,0.377460978572496
en661,12',16-17-18-19',b,152,>10&<200,0.813376915,2.21629417,62.7,31.9,0.9545,61.7455,30.961,1.80102768126796,0.402111266303036
en661,12',16-17-18-19',c,152,>10&<200,0.813376915,2.21629417,71.8,35.7,0.9545,70.8455,34.761,2.11110082556851,0.362440499211551
en661,5',19-20-21-22',a,152,>0&<200,0.813376915,2.21629417,164,91,0.9115,163.0885,90.1095,4.26959018828484,2.1424684983257
en661,5',19-20-21-22',b,152,>0&<200,0.813376915,2.21629417,168,94.1,0.9115,167.0885,93.2095,4.32224411844908,2.3104059811478
en661,5',19-20-21-22',c,152,>0&<200,0.813376915,2.21629417,160,98,0.9115,159.0885,97.1095,3.62604215294408,3.28412617589368
en661,5',19-20-21-22',a,152,>10&<200,0.813376915,2.21629417,129,70.6,0.9115,128.0885,69.7095,3.41542643228711,1.54499843983267
en661,5',19-20-21-22',b,152,>10&<200,0.813376915,2.21629417,137,71.4,0.9115,136.0885,70.5095,3.83665787360106,1.18069381477326
en661,5',19-20-21-22',c,152,>10&<200,0.813376915,2.21629417,128,66.2,0.9115,127.0885,65.3095,3.61434127957425,1.03298610314556
en661,10',10-11',a,152,>0&<200,0.813376915,2.21629417,NaN,NaN,0.9205,NaN,NaN,NaN,NaN
en661,10',10-11',b,152,>0&<200,0.813376915,2.21629417,NaN,NaN,0.9205,NaN,NaN,NaN,NaN
en661,10',10-11',c,152,>0&<200,0.813376915,2.21629417,24.4,15.7,0.9205,23.4795,14.7805,0.508929487220842,0.542829022341935
en661,10',10-11',a,152,>10&<200,0.813376915,2.21629417,NaN,NaN,0.9205,NaN,NaN,NaN,NaN
en661,10',10-11',b,152,>10&<200,0.813376915,2.21629417,NaN,NaN,0.9205,NaN,NaN,NaN,NaN
en661,10',10-11',c,152,>10&<200,0.813376915,2.21629417,11.2,7.69,0.9205,10.2795,6.7705,0.205291823273702,0.276486938540498
en661,10',15-16',a,152,>0&<200,0.813376915,2.21629417,36.7,22.6,0.9205,35.7795,21.6805,0.824853068206305,0.717899231551875
en661,10',15-16',b,152,>0&<200,0.813376915,2.21629417,34.2,21.5,0.9205,33.2795,20.5805,0.742946954617482,0.721530972790707
en661,10',15-16',c,152,>0&<200,0.813376915,2.21629417,38.7,22.7,0.9205,37.7795,21.7805,0.936011365219709,0.613856786570289
en661,10',15-16',a,152,>10&<200,0.813376915,2.21629417,18.7,11.3,0.9205,17.7795,10.3805,0.432873810316934,0.305787209845876
en661,10',15-16',b,152,>10&<200,0.813376915,2.21629417,18.4,10.8,0.9205,17.4795,9.8805,0.444574683686766,0.258507076316957
en661,10',15-16',c,152,>10&<200,0.813376915,2.21629417,18.2,10.8,0.9205,17.2795,9.8805,0.432873810316934,0.270207949686789
en661,10',21-22-23',a,152,>0&<200,0.813376915,2.21629417,34.7,24.3,0.9205,33.7795,23.3805,0.608386910864414,1.05533487343466
en661,10',21-22-23',b,152,>0&<200,0.813376915,2.21629417,32.2,23.2,0.9205,31.2795,22.2805,0.52648079727559,1.0589666146735
en661,10',21-22-23',c,152,>0&<200,0.813376915,2.21629417,39.5,22.5,0.9205,38.5795,21.5805,0.994515732068869,0.541120715657494
en661,10',21-22-23',a,152,>10&<200,0.813376915,2.21629417,17.6,11.3,0.9205,16.6795,10.3805,0.368519006782858,0.370142013379952
en661,10',21-22-23',b,152,>10&<200,0.813376915,2.21629417,17.5,10.7,0.9205,16.5795,9.7805,0.397771190207438,0.298194717764467
en661,10',21-22-23',c,152,>10&<200,0.813376915,2.21629417,21.9,13.2,0.9205,20.9795,12.2805,0.508929487220842,0.364932721546499
en668,1',19-20-21',a,152,>0&<200,0.249288405,2.052152809,142,84.1,0.303,141.697,83.8495,1.11026132939527,0.582984111683748
en668,1',19-20-21',b,152,>0&<200,0.249288405,2.052152809,146,85.6,0.303,145.697,85.3495,1.15824358141114,0.565292656412264
en668,1',19-20-21',c,152,>0&<200,0.249288405,2.052152809,145,85.3,0.303,144.697,85.0495,1.1448085508467,0.57266952762783
en668,1',19-20-21',a,152,>10&<200,0.249288405,2.052152809,17.1,8.91,0.303,16.797,8.6595,0.156182230311665,0.0186865392936851
en668,1',19-20-21',b,152,>10&<200,0.249288405,2.052152809,17.7,9.26,0.303,17.397,9.0095,0.160980455513252,0.0209561666657883
en668,1',19-20-21',c,152,>10&<200,0.249288405,2.052152809,17.6,9.08,0.303,17.297,8.8295,0.16251588757776,0.0157858389919539
en668,2',20-21-22-23',a,152,>0&<200,0.249288405,2.052152809,53.9,33.2,0.3005,53.5995,32.9225,0.396851609972877,0.26798089390519
en668,2',20-21-22-23',b,152,>0&<200,0.249288405,2.052152809,56.4,32.2,0.3005,56.0995,31.9225,0.464026762795098,0.180611876586711
en668,2',20-21-22-23',c,152,>0&<200,0.249288405,2.052152809,60.3,34.8,0.3005,59.9995,34.5225,0.488977533843352,0.208165153228729
en668,2',20-21-22-23',a,152,>10&<200,0.249288405,2.052152809,4.24,2.35,0.3005,3.9395,2.0725,0.0358331458054535,0.00601863836304206
en668,2',20-21-22-23',b,152,>10&<200,0.249288405,2.052152809,4.57,2.51,0.3005,4.2695,2.2325,0.0390959389425328,0.00598686354536407
en668,2',20-21-22-23',c,152,>10&<200,0.249288405,2.052152809,4.15,2.34,0.3005,3.8495,2.0625,0.0342977137409456,0.0073521317825874
en668,5',21-22-23-24',a,152,>0&<200,0.249288405,2.052152809,49.6,27.4,0.306,49.294,27.1195,0.425592978930385,0.122054529275895
en668,5',21-22-23-24',b,152,>0&<200,0.249288405,2.052152809,47.7,27.1,0.306,47.394,26.8195,0.394884337640226,0.146705011217176
en668,5',21-22-23-24',c,152,>0&<200,0.249288405,2.052152809,48.5,27.9,0.306,48.194,27.6195,0.394884337640226,0.162860102814182
en668,5',21-22-23-24',a,152,>10&<200,0.249288405,2.052152809,4.02,2.18,0.306,3.714,1.8995,0.0348255185131202,0.00353272709752269
en668,5',21-22-23-24',b,152,>10&<200,0.249288405,2.052152809,3.38,1.89,0.306,3.074,1.6095,0.028108003230898,0.00439402167582987
en668,5',21-22-23-24',c,152,>10&<200,0.249288405,2.052152809,3.35,1.97,0.306,3.044,1.6895,0.0259967841421996,0.00812074992422893
en668,18',21-22-23-24',a,152,>0&<200,0.249288405,2.052152809,24.1,14,0.2055,23.8945,13.7765,0.194193770358639,0.0840070038740653
en668,18',21-22-23-24',b,152,>0&<200,0.249288405,2.052152809,24.3,13.7,0.2055,24.0945,13.4765,0.203790220761813,0.0683523941220133
en668,18',21-22-23-24',c,152,>0&<200,0.249288405,2.052152809,24.6,13.7,0.2055,24.3945,13.4765,0.209548091003718,0.0625945238801086
en668,18',21-22-23-24',a,152,>10&<200,0.249288405,2.052152809,2.81,1.95,0.2055,2.6045,1.7265,0.0168513669079744,0.0180133401448157
en668,18',21-22-23-24',b,152,>10&<200,0.249288405,2.052152809,1.85,1.16,0.2055,1.6445,0.9365,0.0135885737708951,0.00532298032985094
en668,18',21-22-23-24',c,152,>10&<200,0.249288405,2.052152809,2.09,1.33,0.2055,1.8845,1.1065,0.0149320768273395,0.00741243423777045
en668,18',9-10-12',a,152,>0&<200,0.249288405,2.052152809,393,227,0.2055,392.7945,226.7765,3.18636700606844,1.3931269058673
en668,18',9-10-12',b,152,>0&<200,0.249288405,2.052152809,401,222,0.2055,400.7945,221.7765,3.43587471655098,1.04264987290348
en668,18',9-10-12',c,152,>0&<200,0.249288405,2.052152809,416,239,0.2055,415.7945,238.7765,3.39748891493828,1.42433137095257
en668,18',9-10-12',a,152,>10&<200,0.249288405,2.052152809,187,93.7,0.2055,186.7945,93.4765,1.79104311744687,0.0966086571376279
en668,18',9-10-12',b,152,>10&<200,0.249288405,2.052152809,168,83.5,0.2055,167.7945,83.2765,1.622145590351,0.0595287663716631
en668,18',9-10-12',c,152,>10&<200,0.249288405,2.052152809,177,88.9,0.2055,176.7945,88.6765,1.69124003325386,0.0994811917486022
en668,15',10-11',a,152,>0&<200,0.249288405,2.052152809,160,96.2,0.269,159.731,95.979,1.22358581220636,0.714601108280028
en668,15',10-11',b,152,>0&<200,0.249288405,2.052152809,140,96.8,0.269,139.731,96.579,0.82821205559557,1.12209118358857
en668,15',10-11',c,152,>0&<200,0.249288405,2.052152809,152,96.2,0.269,151.731,95.979,1.07004260575557,0.868144314730819
en668,15',10-11',a,152,>10&<200,0.249288405,2.052152809,46.1,24.1,0.269,45.831,23.879,0.421322558500972,0.0608867318051823
en668,15',10-11',b,152,>10&<200,0.249288405,2.052152809,47.3,24.6,0.269,47.031,24.379,0.434757589065416,0.0575486334888674
en668,15',10-11',c,152,>10&<200,0.249288405,2.052152809,46.3,27.9,0.269,46.031,27.679,0.352228115598116,0.20671785979382
en668,15',21-22-23-24',a,152,>0&<200,0.249288405,2.052152809,15.1,9.05,0.269,14.831,8.829,0.115195790639706,0.0630958389977591
en668,15',21-22-23-24',b,152,>0&<200,0.249288405,2.052152809,17.3,9.81,0.269,17.031,9.589,0.142833567800849,0.050805398853773
en668,15',21-22-23-24',c,152,>0&<200,0.249288405,2.052152809,15.2,9.77,0.269,14.931,9.549,0.10329619213977,0.0895350199350015
en668,15',21-22-23-24',a,152,>10&<200,0.249288405,2.052152809,3,1.67,0.269,2.731,1.449,0.0246052988337393,0.00465561082133908
en668,15',21-22-23-24',b,152,>10&<200,0.249288405,2.052152809,2.91,1.61,0.269,2.641,1.389,0.0240295118095489,0.00401976597575405
en668,15',21-22-23-24',c,152,>10&<200,0.249288405,2.052152809,2.99,1.64,0.269,2.721,1.419,0.0249891568498663,0.00366593687032434
en668,11',9-10',a,152,>0&<200,0.249288405,2.052152809,162,95.4,0.2595,161.7405,95.0705,1.27959069675928,0.640250097832251
en668,11',9-10',b,152,>0&<200,0.249288405,2.052152809,147,91.6,0.2595,146.7405,91.2705,1.06463020772818,0.778473901777577
en668,11',9-10',c,152,>0&<200,0.249288405,2.052152809,160,97.5,0.2595,159.7405,97.1705,1.20089980345325,0.761348106580424
en668,11',9-10',a,152,>10&<200,0.249288405,2.052152809,9.81,7.23,0.2595,9.5505,6.9005,0.0508611871368247,0.0884865748196064
en668,11',9-10',b,152,>10&<200,0.249288405,2.052152809,25.3,14.8,0.2595,25.0405,14.4705,0.202868961523108,0.0893463546699989
en668,11',9-10',c,152,>10&<200,0.249288405,2.052152809,18.5,14.3,0.2595,18.2405,13.9705,0.08195368644311,0.200164697501868
en668,11',15-16',a,152,>0&<200,0.249288405,2.052152809,38.2,25.2,0.2595,37.9405,24.8705,0.250851213538981,0.251380293415214
en668,11',15-16',b,152,>0&<200,0.249288405,2.052152809,38.7,25,0.2595,38.4405,24.6705,0.264286244103425,0.233906489951518
en668,11',15-16',c,152,>0&<200,0.249288405,2.052152809,37.9,25.4,0.2595,37.6405,25.0705,0.241254763135806,0.26501551671764
en668,11',15-16',a,152,>10&<200,0.249288405,2.052152809,7.17,4.41,0.2595,6.9105,4.0805,0.0543159092819675,0.0280851547950149
en668,11',15-16',b,152,>10&<200,0.249288405,2.052152809,7.18,4.42,0.2595,6.9205,4.0905,0.0543159092819675,0.0282870934399775
en668,11',15-16',c,152,>10&<200,0.249288405,2.052152809,8.03,4.96,0.2595,7.7705,4.6305,0.0602657085319357,0.0332419810179889
en668,11',21-22-23-24',a,152,>0&<200,0.249288405,2.052152809,18.7,11.2,0.2595,18.4405,10.8705,0.145290259104062,0.0742271449025155
en668,11',21-22-23-24',b,152,>0&<200,0.249288405,2.052152809,18.5,10.9,0.2595,18.2405,10.5705,0.147209549184696,0.0662496954730031
en668,11',21-22-23-24',c,152,>0&<200,0.249288405,2.052152809,18.8,11.9,0.2595,18.5405,11.5705,0.133774518620252,0.0998785905337057
en668,11',21-22-23-24',a,152,>10&<200,0.249288405,2.052152809,2.9,1.68,0.2595,2.6405,1.3505,0.0247588420401901,0.00251297196200683
en668,11',21-22-23-24',b,152,>10&<200,0.249288405,2.052152809,2.1,1.29,0.2595,1.8405,0.9605,0.0168897527095871,0.00250645413906912
en668,11',21-22-23-24',c,152,>10&<200,0.249288405,2.052152809,2.9,1.71,0.2595,2.6405,1.3805,0.0241830550159997,0.00369457492108506
at46,1',16-17-24',a,152,>0&<200,0.86449403,2.136277206,143,77.2,1.075,141.925,76.16,4.21927465918203,1.33278600685008
at46,1',16-17-24',b,152,>0&<200,0.86449403,2.136277206,142,75.8,1.075,140.925,74.76,4.24493739564782,1.20506333167046
at46,1',16-17-24',c,152,>0&<200,0.86449403,2.136277206,141,77.4,1.075,139.925,76.36,4.07812960862017,1.48851104865677
at46,1',16-17-24',a,152,>10&<200,0.86449403,2.136277206,71.1,34.5,1.075,70.025,33.46,2.34589489717921,0.0933376380812205
at46,1',16-17-24',b,152,>10&<200,0.86449403,2.136277206,70.3,37.5,1.075,69.225,36.46,2.10209890075419,0.555833503178727
at46,1',16-17-24',c,152,>10&<200,0.86449403,2.136277206,93.4,46.8,1.075,92.325,45.76,2.98746330882401,0.348438687993601
at46,17',17-18-19',a,152,>0&<200,0.86449403,2.136277206,375,189,0.9305,374.0695,188.0525,11.9342631228931,1.77475589495098
at46,17',17-18-19',b,152,>0&<200,0.86449403,2.136277206,325,170,0.9305,324.0695,169.0525,9.94540104679419,2.3785188027908
at46,17',17-18-19',c,152,>0&<200,0.86449403,2.136277206,304,171,0.9305,303.0695,170.0525,8.53395054117563,3.86286926463352
at46,17',17-18-19',a,152,>10&<200,0.86449403,2.136277206,184,107,0.9305,183.0695,106.0525,4.94116743596475,2.79005517149809
at46,17',17-18-19',b,152,>10&<200,0.86449403,2.136277206,255,133,0.9305,254.0695,132.0525,7.82822528836635,1.79839618092468
at46,17',17-18-19',c,152,>10&<200,0.86449403,2.136277206,238,127,0.9305,237.0695,126.0525,7.12250003555707,2.06672169638899
at46,16',15-16-17-18',a,152,>0&<200,0.86449403,2.136277206,155,83.3,0.959,154.041,82.324,4.60113617779301,1.40027981840483
at46,16',15-16-17-18',b,152,>0&<200,0.86449403,2.136277206,157,81.6,0.959,156.041,80.624,4.83851649010159,1.03896958051518
at46,16',15-16-17-18',c,152,>0&<200,0.86449403,2.136277206,162,82.1,0.959,161.041,81.124,5.12722227534174,0.786713773387097
at46,16',15-16-17-18',a,152,>10&<200,0.86449403,2.136277206,123,65.2,0.959,122.041,64.224,3.70935608560674,0.972570702933783
at46,16',15-16-17-18',b,152,>10&<200,0.86449403,2.136277206,126,64,0.959,125.041,63.024,3.97881481849755,0.615632022573974
at46,16',15-16-17-18',c,152,>10&<200,0.86449403,2.136277206,128,63.6,0.959,127.041,62.624,4.13279123729231,0.432495621289558
at46,2',22-23',a,152,>0&<200,0.86449403,2.136277206,76.1,39.3,0.9715,75.1285,38.2905,2.36340971481711,0.427966058984127
at46,2',22-23',b,152,>0&<200,0.86449403,2.136277206,67.3,40.8,0.9715,66.3285,39.7905,1.70259425082297,1.19813145731451
at46,2',22-23',c,152,>0&<200,0.86449403,2.136277206,73.5,40.9,0.9715,72.5285,39.8905,2.0939509819263,0.8140647218336
at46,2',22-23',a,152,>10&<200,0.86449403,2.136277206,36,20.8,0.9715,35.0285,19.7905,0.977621945664345,0.465104637989914
at46,2',22-23',b,152,>10&<200,0.86449403,2.136277206,22.1,14.1,0.9715,21.1285,13.0905,0.51569268928009,0.43860418767229
at46,2',22-23',c,152,>10&<200,0.86449403,2.136277206,35.1,19.8,0.9715,34.1285,18.7905,0.984037629780794,0.385788997649305
at46,6',21-22-23',a,152,>0&<200,0.86449403,2.136277206,62.7,34.4,0.981,61.719,33.365,1.81910307437766,0.613203965041469
at46,6',21-22-23',b,152,>0&<200,0.86449403,2.136277206,64.7,35.8,0.981,63.719,34.765,1.85759717907635,0.676769799056607
at46,6',21-22-23',c,152,>0&<200,0.86449403,2.136277206,67.8,36.7,0.981,66.819,35.665,1.99874222963821,0.601234709096497
at46,6',21-22-23',a,152,>10&<200,0.86449403,2.136277206,21.4,14.2,0.981,20.419,13.165,0.465393725807137,0.494334197883943
at46,6',21-22-23',b,152,>10&<200,0.86449403,2.136277206,33.1,16.5,0.981,32.119,15.465,1.06846803275325,0.0589297902534017
at46,6',21-22-23',c,152,>10&<200,0.86449403,2.136277206,31.6,16,0.981,30.619,14.965,1.00431119158877,0.0866366533058011
at46,13',16-17',a,152,>0&<200,0.86449403,2.136277206,65.3,39,0.9755,64.3245,38.0525,1.68552853107322,1.08849705314667
at46,13',16-17',b,152,>0&<200,0.86449403,2.136277206,74.4,42.6,0.9755,73.4245,41.6525,2.03839115747786,0.998074269149012
at46,13',16-17',c,152,>0&<200,0.86449403,2.136277206,66.2,37.4,0.9755,65.2245,36.4525,1.84592063398442,0.811465020276813
at46,13',16-17',a,152,>10&<200,0.86449403,2.136277206,47.9,24.1,0.9755,46.9245,23.1525,1.52513642816202,0.162679808317871
at46,13',16-17',b,152,>10&<200,0.86449403,2.136277206,41.9,21,0.9755,40.9245,20.0525,1.33908158878503,0.122744783399964
at46,13',16-17',c,152,>10&<200,0.86449403,2.136277206,46.5,23.3,0.9755,45.5245,22.3525,1.48664232346333,0.142853948037231
at46,13',22-23',a,152,>0&<200,0.86449403,2.136277206,74.8,44.3,0.9755,73.8245,43.3525,1.95498726396403,1.20540808824391
at46,13',22-23',b,152,>0&<200,0.86449403,2.136277206,77.4,44.4,0.9755,76.4245,43.4525,2.11537936687523,1.05230598095512
at46,13',22-23',c,152,>0&<200,0.86449403,2.136277206,74.9,43.4,0.9755,73.9245,42.4525,2.01914410512851,1.07564128647768
at46,13',22-23',a,152,>10&<200,0.86449403,2.136277206,40.3,21.4,0.9755,39.3245,20.4525,1.21076790645607,0.280218448218588
at46,13',22-23',b,152,>10&<200,0.86449403,2.136277206,50.2,25.7,0.9755,49.2245,24.7525,1.57004621697715,0.234409949461392
at46,13',22-23',c,152,>10&<200,0.86449403,2.136277206,47.7,24,0.9755,46.7245,23.0525,1.51872074404557,0.161805496811903
at46,7',11-12',a,152,>0&<200,0.86449403,2.136277206,45.2,27.7,1.005,44.195,26.6,1.12883962028902,0.810299215273659
at46,7',11-12',b,152,>0&<200,0.86449403,2.136277206,41.8,31.5,1.005,40.795,30.4,0.666910363904769,1.54924830530973
at46,7',11-12',c,152,>0&<200,0.86449403,2.136277206,47.8,29.3,1.005,46.795,28.2,1.1929964614535,0.862782304067838
at46,7',11-12',a,152,>10&<200,0.86449403,2.136277206,25.1,13.4,1.005,24.095,12.3,0.756729941535041,0.13993952002214
at46,7',11-12',b,152,>10&<200,0.86449403,2.136277206,20.9,12.2,1.005,19.895,11.1,0.564259418041601,0.244930096046587
at46,7',11-12',c,152,>10&<200,0.86449403,2.136277206,22.9,13.3,1.005,21.895,12.2,0.622000575089633,0.267378890845132
at46,7',16-17',a,152,>0&<200,0.86449403,2.136277206,39.4,24,1.005,38.395,22.9,0.994110253843617,0.675298743689671
at46,7',16-17',b,152,>0&<200,0.86449403,2.136277206,41.2,25,1.005,40.195,23.9,1.0454357267752,0.696873226982248
at46,7',16-17',c,152,>0&<200,0.86449403,2.136277206,41,24.6,1.005,39.995,23.5,1.0582670950081,0.654881876259688
at46,7',16-17',a,152,>10&<200,0.86449403,2.136277206,21,11.5,1.005,19.995,10.4,0.615584890973185,0.14257465375809
at46,7',16-17',b,152,>10&<200,0.86449403,2.136277206,19.6,10.6,1.005,18.595,9.5,0.583506470390945,0.109043113738585
at46,7',16-17',c,152,>10&<200,0.86449403,2.136277206,19.8,10.6,1.005,18.795,9.5,0.596337838623841,0.0962117455056889
at46,7',22-23',a,152,>0&<200,0.86449403,2.136277206,43.9,25.3,1.005,42.895,24.2,1.19941214556995,0.564766795054745
at46,7',22-23',b,152,>0&<200,0.86449403,2.136277206,43.9,25.2,1.005,42.895,24.1,1.2058278296864,0.551061115315881
at46,7',22-23',c,152,>0&<200,0.86449403,2.136277206,44,27.6,1.005,42.995,26.5,1.0582670950081,0.873581744932172
at46,7',22-23',a,152,>10&<200,0.86449403,2.136277206,21.4,11,1.005,20.395,9.9,0.673326048021217,0.0483835185979774
at46,7',22-23',b,152,>10&<200,0.86449403,2.136277206,21.6,11.9,1.005,20.595,10.8,0.628416259206081,0.158903268014858
at46,7',22-23',c,152,>10&<200,0.86449403,2.136277206,20.3,11.1,1.005,19.295,10,0.596337838623841,0.132661723617769
ar66b,1',10-11-12-13',a,152,>0&<200,0.864,2.136,62.5,36.7,1.012,61.488,35.66,1.65628511786509,0.9415045916086
ar66b,1',10-11-12-13',b,152,>0&<200,0.864,2.136,60.3,37.4,1.012,59.288,36.36,1.47031536249073,1.17846853645664
ar66b,1',10-11-12-13',c,152,>0&<200,0.864,2.136,61.8,36.4,1.012,60.788,35.36,1.6306341171238,0.94530093971831
ar66b,1',10-11-12-13',a,152,>10&<200,0.864,2.136,30.1,17.3,1.012,29.088,16.26,0.822627593773165,0.361894578858414
ar66b,1',10-11-12-13',b,152,>10&<200,0.864,2.136,32.4,18.2,1.012,31.388,17.16,0.91240609636768,0.337680034158637
ar66b,1',10-11-12-13',c,152,>10&<200,0.864,2.136,17,9.82,1.012,15.988,8.78,0.462231033358043,0.177381800326168
ar66b,3',14-15-16',a,152,>0&<200,0.864,2.136,70.2,39,1.03,69.17,37.96,2.00141933283914,0.763922713476649
ar66b,3',14-15-16',b,152,>0&<200,0.864,2.136,67.6,37.5,1.03,66.57,36.46,1.93087908080059,0.725189702357303
ar66b,3',14-15-16',c,152,>0&<200,0.864,2.136,67.6,38.1,1.03,66.57,37.06,1.89240257968866,0.807375508732395
ar66b,3',14-15-16',a,152,>10&<200,0.864,2.136,18.9,9.95,1.03,17.87,8.91,0.574582416604892,0.0745007665530025
ar66b,3',14-15-16',b,152,>10&<200,0.864,2.136,16.9,8.88,1.03,15.87,7.84,0.514943839881393,0.0561910822238698
ar66b,3',14-15-16',c,152,>10&<200,0.864,2.136,19.8,10.2,1.03,18.77,9.16,0.616265292809488,0.0510301008747221
ar66b,22',16-17-18',a,152,>0&<200,0.864,2.136,95,51.1,1.005,93.995,50.06,2.81744179392142,0.82937124186805
ar66b,22',16-17-18',b,152,>0&<200,0.864,2.136,97.5,53.3,1.005,96.495,52.26,2.83668004447739,0.970400443943662
ar66b,22',16-17-18',c,152,>0&<200,0.864,2.136,94.8,53.3,1.005,93.795,52.26,2.66353578947368,1.14354469894737
ar66b,22',16-17-18',a,152,>10&<200,0.864,2.136,24.2,13.7,1.005,23.195,12.66,0.675583232023721,0.246683109028911
ar66b,22',16-17-18',b,152,>10&<200,0.864,2.136,20.6,11.8,1.005,19.595,10.76,0.566566478873239,0.217287062179392
ar66b,22',16-17-18',c,152,>10&<200,0.864,2.136,22.8,12.7,1.005,21.795,11.66,0.649932231282431,0.199485267664937
ar66b,19',22-23-24',a,152,>0&<200,0.864,2.136,113,62.6,1.0035,111.9965,61.58,3.2330841971831,1.25294749965901
ar66b,19',22-23-24',b,152,>0&<200,0.864,2.136,110,61,1.0035,108.9965,59.98,3.14330569458858,1.2261678548851
ar66b,19',22-23-24',c,152,>0&<200,0.864,2.136,112,61.6,1.0035,110.9965,60.58,3.2330841971831,1.18009865755374
ar66b,19',22-23-24',a,152,>10&<200,0.864,2.136,50.2,25.1,1.0035,49.1965,24.08,1.61065840029652,0.143541717598221
ar66b,19',22-23-24',b,152,>10&<200,0.864,2.136,46.7,24,1.0035,45.6965,22.98,1.45675239584878,0.217313995730171
ar66b,19',22-23-24',c,152,>10&<200,0.864,2.136,16.3,8.83,1.0035,15.2965,7.81,0.480090542624166,0.0888589142179394
ar66b,20',20-21-22',a,152,>0&<200,0.864,2.136,195,103,1.025,193.975,101.93,5.90261590808006,1.52286656770942
ar66b,20',20-21-22',b,152,>0&<200,0.864,2.136,189,102,1.025,187.975,100.93,5.58197839881394,1.77065523487028
ar66b,20',20-21-22',c,152,>0&<200,0.864,2.136,184,100,1.025,182.975,98.93,5.38959589325426,1.81734005621942
ar66b,20',20-21-22',a,152,>10&<200,0.864,2.136,116,58.7,1.025,114.975,57.63,3.67739159377316,0.520887176753152
ar66b,20',20-21-22',b,152,>10&<200,0.864,2.136,112,57.5,1.025,110.975,56.43,3.49783458858414,0.613025571415864
ar66b,20',20-21-22',c,152,>10&<200,0.864,2.136,114,56,1.025,112.975,54.93,3.72228084507042,0.279306051771684
ar66b,15',22-23-24',a,152,>0&<200,0.864,2.136,136,74.3,1.005,134.995,73.28,3.95762877687176,1.38073437260193
ar66b,15',22-23-24',b,152,>0&<200,0.864,2.136,126,69.4,1.005,124.995,68.38,3.63057851742031,1.35082530573759
ar66b,15',22-23-24',c,152,>0&<200,0.864,2.136,127,67.5,1.005,125.995,66.48,3.81654827279466,1.02644275036323
ar66b,15',22-23-24',a,152,>10&<200,0.864,2.136,67.8,34.2,1.005,66.795,33.18,2.15564597479615,0.261478606256487
ar66b,15',22-23-24',b,152,>10&<200,0.864,2.136,71.2,35.8,1.005,70.195,34.78,2.27107547813195,0.262607250289102
ar66b,15',22-23-24',c,152,>10&<200,0.864,2.136,60,30.8,1.005,58.995,29.78,1.87348496664196,0.29595355125278
ar66b,6',22-23-24',a,152,>0&<200,0.864,2.136,48.4,28.2,0.966,47.434,27.18,1.29883842253521,0.681193105885842
ar66b,6',22-23-24',b,152,>0&<200,0.864,2.136,45.7,26,0.966,44.734,24.98,1.2667746716086,0.552989404180875
ar66b,6',22-23-24',c,152,>0&<200,0.864,2.136,46.6,26.8,0.966,45.634,25.78,1.27318742179392,0.604855727679763
ar66b,6',22-23-24',a,152,>10&<200,0.864,2.136,21.2,11.4,0.966,20.234,10.38,0.631912403261675,0.124258577790957
ar66b,6',22-23-24',b,152,>10&<200,0.864,2.136,21.2,11.3,0.966,20.234,10.28,0.638325153446998,0.110560943395108
ar66b,6',22-23-24',c,152,>10&<200,0.864,2.136,18.4,9.78,0.966,17.434,8.76,0.55624195107487,0.0819139057672351
ar66b,8',21-22-23',a,152,>0&<200,0.864,2.136,95,49.8,1.025,93.975,48.765,2.89920435878428,0.653269426478874
ar66b,8',21-22-23',b,152,>0&<200,0.864,2.136,91.2,50.9,1.025,90.175,49.865,2.58497959970348,1.04762791187546
ar66b,8',21-22-23',c,152,>0&<200,0.864,2.136,89,49.6,1.025,87.975,48.565,2.52726484803558,1.01063916880653
ar66b,8',21-22-23',a,152,>10&<200,0.864,2.136,50.5,26.2,1.025,49.475,25.165,1.55893957005189,0.274301541527057
ar66b,8',21-22-23',b,152,>10&<200,0.864,2.136,54.9,27.6,1.025,53.875,26.565,1.75132207561156,0.183907414914752
ar66b,8',21-22-23',c,152,>10&<200,0.864,2.136,55.3,28,1.025,54.275,26.965,1.75132207561156,0.213046951756857
en687,1',19-20-21-22',a,152,>0&<200,0.776503022,2.22867365,38.9,21.8,1.06,37.84,20.74,0.950729252952417,0.466062574764697
en687,1',19-20-21-22',b,152,>0&<200,0.776503022,2.22867365,24.1,25.1,1.06,23.04,24.04,-0.0555982019270419,1.6978197804381
en687,1',19-20-21-22',c,152,>0&<200,0.776503022,2.22867365,39.8,24.4,1.06,38.74,23.34,0.856212309676446,0.738190836848021
en687,1',19-20-21-22',a,152,>10&<200,0.776503022,2.22867365,5.77,3.33,1.06,4.71,2.27,0.135659612701982,0.0194087310259757
en687,1',19-20-21-22',b,152,>10&<200,0.776503022,2.22867365,4.03,2.55,1.06,2.97,1.49,0.0822853388520221,0.01949960923373
en687,1',19-20-21-22',c,152,>10&<200,0.776503022,2.22867365,5.71,3.35,1.06,4.65,2.29,0.131211756547819,0.0252228280940417
en687,2',19-20-21-22',a,152,>0&<200,0.776503022,2.22867365,25.8,17,1.06,24.74,15.96,0.488152212919428,0.602108036374937
en687,2',19-20-21-22',b,152,>0&<200,0.776503022,2.22867365,20.5,12.3,1.06,19.44,11.26,0.454793291763203,0.314400342764025
en687,2',19-20-21-22',c,152,>0&<200,0.776503022,2.22867365,27.5,19.7,1.06,26.44,18.66,0.432554010992386,0.842148761678845
en687,2',19-20-21-22',a,152,>10&<200,0.776503022,2.22867365,3.79,2.6,1.06,2.73,1.56,0.0650498962546391,0.0415168950297726
en687,2',19-20-21-22',b,152,>10&<200,0.776503022,2.22867365,4.49,2.9,1.06,3.43,1.86,0.0872891770254559,0.0397712279674965
en687,2',19-20-21-22',c,152,>10&<200,0.776503022,2.22867365,3.77,2.53,1.06,2.71,1.49,0.0678298063509912,0.033955141734761
en687,5',22-23-24',a,152,>0&<200,0.776503022,2.22867365,26.7,13.5,1.05,25.65,12.47,0.732784301398413,0.119066908419929
en687,5',22-23-24',b,152,>0&<200,0.776503022,2.22867365,25,13.7,1.05,23.95,12.67,0.627147717737033,0.238365901220336
en687,5',22-23-24',c,152,>0&<200,0.776503022,2.22867365,24.8,13.8,1.05,23.75,12.77,0.610468257158921,0.261876566367962
en687,5',22-23-24',a,152,>10&<200,0.776503022,2.22867365,4.85,3.07,1.05,3.8,2.04,0.0978528353915938,0.041503737826483
en687,5',22-23-24',b,152,>10&<200,0.776503022,2.22867365,4.35,2.72,1.05,3.3,1.69,0.0895131051025375,0.0259342521222418
en687,5',22-23-24',c,152,>10&<200,0.776503022,2.22867365,4.45,2.75,1.05,3.4,1.72,0.0934049792374305,0.0240917393582029
en687,5',10-11-12',a,152,>0&<200,0.776503022,2.22867365,76.1,44.1,1.05,75.05,43.07,1.7780304976268,1.16416931046269
en687,5',10-11-12',b,152,>0&<200,0.776503022,2.22867365,75.4,44.3,1.05,74.35,43.27,1.72799211589246,1.22787010133606
en687,5',10-11-12',c,152,>0&<200,0.776503022,2.22867365,78.1,44.1,1.05,77.05,43.07,1.88922690148089,1.05297290660861
en687,5',10-11-12',a,152,>10&<200,0.776503022,2.22867365,17.3,10.3,1.05,16.25,9.27,0.388075449450753,0.245177214143155
en687,5',10-11-12',b,152,>10&<200,0.776503022,2.22867365,17.8,9.72,1.05,16.75,8.69,0.448121507531958,0.145510169558771
en687,5',10-11-12',c,152,>10&<200,0.776503022,2.22867365,17.5,9.38,1.05,16.45,8.35,0.45034543560904,0.120060145945343
en687,18',13-14',a,152,>0&<200,0.776503022,2.22867365,33.1,20.1,1.045,32.055,19.07,0.72194265202264,0.580768059383597
en687,18',13-14',b,152,>0&<200,0.776503022,2.22867365,33.8,20.5,1.045,32.755,19.47,0.738622112600752,0.591413417083539
en687,18',13-14',c,152,>0&<200,0.776503022,2.22867365,34.4,21.1,1.045,33.355,20.07,0.738622112600752,0.632400644500621
en687,18',13-14',a,152,>10&<200,0.776503022,2.22867365,3.06,2.27,1.045,2.015,1.24,0.0430886064934575,0.0416183301685107
en687,18',13-14',b,152,>10&<200,0.776503022,2.22867365,2.98,2.26,1.045,1.935,1.23,0.0391967323585646,0.0448270838464523
en687,18',13-14',c,152,>10&<200,0.776503022,2.22867365,2.83,2.13,1.045,1.785,1.1,0.0380847683200237,0.0370584819446255
en687,18',23-24',a,152,>0&<200,0.776503022,2.22867365,10.3,6.43,1.045,9.255,5.4,0.214331068428747,0.154553978324986
en687,18',23-24',b,152,>0&<200,0.776503022,2.22867365,10.8,6.86,1.045,9.755,5.83,0.21822294256364,0.180036283839001
en687,18',23-24',c,152,>0&<200,0.776503022,2.22867365,10.2,6.5,1.045,9.155,5.47,0.20487937410115,0.168787515851243
en687,18',23-24',a,152,>10&<200,0.776503022,2.22867365,2.07,1.73,1.045,1.025,0.7,0.0180694156262886,0.0297490163603063
en687,18',23-24',b,152,>10&<200,0.776503022,2.22867365,1.95,1.54,1.045,0.905,0.51,0.0219612897611816,0.0128778535433376
en687,18',23-24',c,152,>10&<200,0.776503022,2.22867365,1.91,1.6,1.045,0.865,0.57,0.0164014695684774,0.02253639647775
en687,16',22-23',a,152,>0&<200,0.776503022,2.22867365,15.4,10.1,1.07,14.33,9.095,0.291056587088065,0.330241468509194
en687,16',22-23',b,152,>0&<200,0.776503022,2.22867365,15.4,10.3,1.07,14.33,9.295,0.279936946702656,0.35502351803363
en687,16',22-23',c,152,>0&<200,0.776503022,2.22867365,15.7,10.1,1.07,14.63,9.095,0.307736047666177,0.313562007931082
en687,16',22-23',a,152,>10&<200,0.776503022,2.22867365,3.51,2.43,1.07,2.44,1.425,0.0564321749559475,0.0409124901596208
en687,16',22-23',b,152,>10&<200,0.776503022,2.22867365,3.63,2.6,1.07,2.56,1.595,0.0536522648595954,0.055305448024146
en687,16',22-23',c,152,>10&<200,0.776503022,2.22867365,3.31,2.41,1.07,2.24,1.405,0.04642449860908,0.0495539255925856
en687,16',16-17',a,152,>0&<200,0.776503022,2.22867365,39,25.7,1.07,37.93,24.695,0.7358422025044,0.951123765936975
en687,16',16-17',b,152,>0&<200,0.776503022,2.22867365,38.9,25.3,1.07,37.83,24.295,0.752521663082512,0.907119487080808
en687,16',16-17',c,152,>0&<200,0.776503022,2.22867365,38.7,25.1,1.07,37.63,24.095,0.752521663082513,0.893457077941781
en687,16',16-17',a,152,>10&<200,0.776503022,2.22867365,5.42,3.3,1.07,4.35,2.295,0.114254304960071,0.0425218399102652
en687,16',16-17',b,152,>10&<200,0.776503022,2.22867365,5.53,3.46,1.07,4.46,2.455,0.111474394863719,0.056231677317839
en687,16',16-17',c,152,>10&<200,0.776503022,2.22867365,4.54,2.9,1.07,3.47,1.895,0.087567168035091,0.041884158557191
en687,7',10-11',a,152,>0&<200,0.776503022,2.22867365,118,69.32,1.045,116.955,68.285,2.70596448778913,1.95872355250321
en687,7',10-11',b,152,>0&<200,0.776503022,2.22867365,116,68.8,1.045,114.955,67.765,2.62367914893711,2.00548662759376
en687,7',10-11',c,152,>0&<200,0.776503022,2.22867365,115,69.4,1.045,113.955,68.365,2.53472202585384,2.13543097809411
en687,7',10-11',a,152,>10&<200,0.776503022,2.22867365,10.7,6.36,1.045,9.655,5.325,0.240740214344092,0.123021428982506
en687,7',10-11',b,152,>10&<200,0.776503022,2.22867365,10.4,6.2,1.045,9.355,5.165,0.232956466074306,0.11987524994107
en687,7',10-11',c,152,>10&<200,0.776503022,2.22867365,10.1,6.06,1.045,9.055,5.025,0.224060753765979,0.119207275852078
en687,7',21-22',a,152,>0&<200,0.776503022,2.22867365,7.45,4.85,1.045,6.405,3.815,0.143999342991039,0.116611111335904
en687,7',21-22',b,152,>0&<200,0.776503022,2.22867365,7.1,4.57,1.045,6.055,3.535,0.140107468856146,0.101375612676159
en687,7',21-22',c,152,>0&<200,0.776503022,2.22867365,7.53,4.92,1.045,6.485,3.885,0.144555325010309,0.120836972515293
en687,7',21-22',a,152,>10&<200,0.776503022,2.22867365,2.18,1.64,1.045,1.135,0.605,0.0294670470213322,0.0118617406242248
en687,7',21-22',b,152,>10&<200,0.776503022,2.22867365,2.13,1.57,1.045,1.085,0.535,0.0305790110598731,0.00596793338702453
en687,7',21-22',c,152,>10&<200,0.776503022,2.22867365,2,1.54,1.045,0.955,0.505,0.0250191908671689,0.00947839220887464
en687,10',22-23',a,152,>0&<200,0.776503022,2.22867365,6.41,4.15,1.05,5.36,3.125,0.124261981306939,0.0892131614903602
en687,10',22-23',b,152,>0&<200,0.776503022,2.22867365,6.62,4,1.05,5.57,2.975,0.144277334000674,0.0589510019423548
en687,10',22-23',c,152,>0&<200,0.776503022,2.22867365,6.3,4.14,1.05,5.25,3.115,0.118702161114235,0.094089861226113
en687,10',22-23',a,152,>10&<200,0.776503022,2.22867365,2.11,1.6,1.05,1.06,0.575,0.0269651279346153,0.0123142983400877
en687,10',22-23',b,152,>10&<200,0.776503022,2.22867365,2.09,1.63,1.05,1.04,0.605,0.0241852178382632,0.0171435698072938
en687,10',22-23',c,152,>10&<200,0.776503022,2.22867365,2,1.54,1.05,0.95,0.515,0.0241852178382632,0.0109954856947316
en687,10',16-17',a,152,>0&<200,0.776503022,2.22867365,28,18.4,1.05,26.95,17.375,0.532352783451427,0.654569010501555
en687,10',16-17',b,152,>0&<200,0.776503022,2.22867365,29.1,18.7,1.05,28.05,17.675,0.57683134499306,0.630584062668463
en687,10',16-17',c,152,>0&<200,0.776503022,2.22867365,28.7,18.6,1.05,27.65,17.575,0.560151884414947,0.640432318677063
en687,10',16-17',a,152,>10&<200,0.776503022,2.22867365,4.51,3.08,1.05,3.46,2.055,0.0781154737074939,0.0622657801960099
en687,10',16-17',b,152,>10&<200,0.776503022,2.22867365,4.34,3.04,1.05,3.29,2.015,0.0708877074569785,0.0667610646187199
en687,10',16-17',c,152,>10&<200,0.776503022,2.22867365,4.37,2.95,1.05,3.32,1.925,0.0775594916882235,0.0539411962749127
